Roundtripzeit;filename
5;20260219_UB9J4_LAN_BOOSTCLGA_LOADOFF.csv
5;20260219_UB9J4_LAN_BOOSTCLGA_LOADOFF.csv
6;20260219_UB9J4_LAN_BOOSTCLGA_LOADOFF.csv
7;20260219_UB9J4_LAN_BOOSTCLGA_LOADOFF.csv
5;20260219_UB9J4_LAN_BOOSTCLGA_LOADOFF.csv
5;20260219_UB9J4_LAN_BOOSTCLGA_LOADOFF.csv
5;20260219_UB9J4_LAN_BOOSTCLGA_LOADOFF.csv
5;20260219_UB9J4_LAN_BOOSTCLGA_LOADOFF.csv
5;20260219_UB9J4_LAN_BOOSTCLGA_LOADOFF.csv
5;20260219_UB9J4_LAN_BOOSTCLGA_LOADOFF.csv
5;20260219_UB9J4_LAN_BOOSTCLGA_LOADOFF.csv
5;20260219_UB9J4_LAN_BOOSTCLGA_LOADOFF.csv
5;20260219_UB9J4_LAN_BOOSTCLGA_LOADOFF.csv
5;20260219_UB9J4_LAN_BOOSTCLGA_LOADOFF.csv
5;20260219_UB9J4_LAN_BOOSTCLGA_LOADOFF.csv
5;20260219_UB9J4_LAN_BOOSTCLGA_LOADOFF.csv
5;20260219_UB9J4_LAN_BOOSTCLGA_LOADOFF.csv
5;20260219_UB9J4_LAN_BOOSTCLGA_LOADOFF.csv
5;20260219_UB9J4_LAN_BOOSTCLGA_LOADOFF.csv
8;20260219_UB9J4_LAN_BOOSTCLGA_LOADOFF.csv
5;20260219_UB9J4_LAN_BOOSTCLGA_LOADOFF.csv
5;20260219_UB9J4_LAN_BOOSTCLGA_LOADOFF.csv
5;20260219_UB9J4_LAN_BOOSTCLGA_LOADOFF.csv
5;20260219_UB9J4_LAN_BOOSTCLGA_LOADOFF.csv
24;20260219_UB9J4_LAN_BOOSTCLGA_LOADOFF.csv
6;20260219_UB9J4_LAN_BOOSTCLGA_LOADOFF.csv
5;20260219_UB9J4_LAN_BOOSTCLGA_LOADOFF.csv
5;20260219_UB9J4_LAN_BOOSTCLGA_LOADOFF.csv
5;20260219_UB9J4_LAN_BOOSTCLGA_LOADOFF.csv
5;20260219_UB9J4_LAN_BOOSTCLGA_LOADOFF.csv
5;20260219_UB9J4_LAN_BOOSTCLGA_LOADOFF.csv
5;20260219_UB9J4_LAN_BOOSTCLGA_LOADOFF.csv
5;20260219_UB9J4_LAN_BOOSTCLGA_LOADOFF.csv
5;20260219_UB9J4_LAN_BOOSTCLGA_LOADOFF.csv
5;20260219_UB9J4_LAN_BOOSTCLGA_LOADOFF.csv
5;20260219_UB9J4_LAN_BOOSTCLGA_LOADOFF.csv
5;20260219_UB9J4_LAN_BOOSTCLGA_LOADOFF.csv
5;20260219_UB9J4_LAN_BOOSTCLGA_LOADOFF.csv
5;20260219_UB9J4_LAN_BOOSTCLGA_LOADOFF.csv
5;20260219_UB9J4_LAN_BOOSTCLGA_LOADOFF.csv
5;20260219_UB9J4_LAN_BOOSTCLGA_LOADOFF.csv
5;20260219_UB9J4_LAN_BOOSTCLGA_LOADOFF.csv
5;20260219_UB9J4_LAN_BOOSTCLGA_LOADOFF.csv
5;20260219_UB9J4_LAN_BOOSTCLGA_LOADOFF.csv
5;20260219_UB9J4_LAN_BOOSTCLGA_LOADOFF.csv
5;20260219_UB9J4_LAN_BOOSTCLGA_LOADOFF.csv
5;20260219_UB9J4_LAN_BOOSTCLGA_LOADOFF.csv
5;20260219_UB9J4_LAN_BOOSTCLGA_LOADOFF.csv
5;20260219_UB9J4_LAN_BOOSTCLGA_LOADOFF.csv
5;20260219_UB9J4_LAN_BOOSTCLGA_LOADOFF.csv
5;20260219_UB9J4_LAN_BOOSTCLGA_LOADOFF.csv
5;20260219_UB9J4_LAN_BOOSTCLGA_LOADOFF.csv
6;20260219_UB9J4_LAN_BOOSTCLGA_LOADOFF.csv
5;20260219_UB9J4_LAN_BOOSTCLGA_LOADOFF.csv
5;20260219_UB9J4_LAN_BOOSTCLGA_LOADOFF.csv
5;20260219_UB9J4_LAN_BOOSTCLGA_LOADOFF.csv
5;20260219_UB9J4_LAN_BOOSTCLGA_LOADOFF.csv
5;20260219_UB9J4_LAN_BOOSTCLGA_LOADOFF.csv
5;20260219_UB9J4_LAN_BOOSTCLGA_LOADOFF.csv
5;20260219_UB9J4_LAN_BOOSTCLGA_LOADOFF.csv
5;20260219_UB9J4_LAN_BOOSTCLGA_LOADOFF.csv
5;20260219_UB9J4_LAN_BOOSTCLGA_LOADOFF.csv
5;20260219_UB9J4_LAN_BOOSTCLGA_LOADOFF.csv
5;20260219_UB9J4_LAN_BOOSTCLGA_LOADOFF.csv
5;20260219_UB9J4_LAN_BOOSTCLGA_LOADOFF.csv
5;20260219_UB9J4_LAN_BOOSTCLGA_LOADOFF.csv
5;20260219_UB9J4_LAN_BOOSTCLGA_LOADOFF.csv
5;20260219_UB9J4_LAN_BOOSTCLGA_LOADOFF.csv
5;20260219_UB9J4_LAN_BOOSTCLGA_LOADOFF.csv
5;20260219_UB9J4_LAN_BOOSTCLGA_LOADOFF.csv
5;20260219_UB9J4_LAN_BOOSTCLGA_LOADOFF.csv
5;20260219_UB9J4_LAN_BOOSTCLGA_LOADOFF.csv
5;20260219_UB9J4_LAN_BOOSTCLGA_LOADOFF.csv
5;20260219_UB9J4_LAN_BOOSTCLGA_LOADOFF.csv
5;20260219_UB9J4_LAN_BOOSTCLGA_LOADOFF.csv
5;20260219_UB9J4_LAN_BOOSTCLGA_LOADOFF.csv
5;20260219_UB9J4_LAN_BOOSTCLGA_LOADOFF.csv
5;20260219_UB9J4_LAN_BOOSTCLGA_LOADOFF.csv
5;20260219_UB9J4_LAN_BOOSTCLGA_LOADOFF.csv
5;20260219_UB9J4_LAN_BOOSTCLGA_LOADOFF.csv
5;20260219_UB9J4_LAN_BOOSTCLGA_LOADOFF.csv
5;20260219_UB9J4_LAN_BOOSTCLGA_LOADOFF.csv
5;20260219_UB9J4_LAN_BOOSTCLGA_LOADOFF.csv
5;20260219_UB9J4_LAN_BOOSTCLGA_LOADOFF.csv
5;20260219_UB9J4_LAN_BOOSTCLGA_LOADOFF.csv
36;20260219_UB9J4_LAN_BOOSTCLGA_LOADOFF.csv
5;20260219_UB9J4_LAN_BOOSTCLGA_LOADOFF.csv
5;20260219_UB9J4_LAN_BOOSTCLGA_LOADOFF.csv
5;20260219_UB9J4_LAN_BOOSTCLGA_LOADOFF.csv
5;20260219_UB9J4_LAN_BOOSTCLGA_LOADOFF.csv
5;20260219_UB9J4_LAN_BOOSTCLGA_LOADOFF.csv
5;20260219_UB9J4_LAN_BOOSTCLGA_LOADOFF.csv
5;20260219_UB9J4_LAN_BOOSTCLGA_LOADOFF.csv
5;20260219_UB9J4_LAN_BOOSTCLGA_LOADOFF.csv
5;20260219_UB9J4_LAN_BOOSTCLGA_LOADOFF.csv
5;20260219_UB9J4_LAN_BOOSTCLGA_LOADOFF.csv
5;20260219_UB9J4_LAN_BOOSTCLGA_LOADOFF.csv
5;20260219_UB9J4_LAN_BOOSTCLGA_LOADOFF.csv
5;20260219_UB9J4_LAN_BOOSTCLGA_LOADOFF.csv
5;20260219_UB9J4_LAN_BOOSTCLGA_LOADOFF.csv
5;20260219_UB9J4_LAN_BOOSTCLGA_LOADOFF.csv
5;20260219_UB9J4_LAN_BOOSTCLGA_LOADOFF.csv
5;20260219_UB9J4_LAN_BOOSTCLGA_LOADOFF.csv
5;20260219_UB9J4_LAN_BOOSTCLGA_LOADOFF.csv
5;20260219_UB9J4_LAN_BOOSTCLGA_LOADOFF.csv
5;20260219_UB9J4_LAN_BOOSTCLGA_LOADOFF.csv
5;20260219_UB9J4_LAN_BOOSTCLGA_LOADOFF.csv
5;20260219_UB9J4_LAN_BOOSTCLGA_LOADOFF.csv
5;20260219_UB9J4_LAN_BOOSTCLGA_LOADOFF.csv
5;20260219_UB9J4_LAN_BOOSTCLGA_LOADOFF.csv
5;20260219_UB9J4_LAN_BOOSTCLGA_LOADOFF.csv
5;20260219_UB9J4_LAN_BOOSTCLGA_LOADOFF.csv
5;20260219_UB9J4_LAN_BOOSTCLGA_LOADOFF.csv
5;20260219_UB9J4_LAN_BOOSTCLGA_LOADOFF.csv
5;20260219_UB9J4_LAN_BOOSTCLGA_LOADOFF.csv
5;20260219_UB9J4_LAN_BOOSTCLGA_LOADOFF.csv
5;20260219_UB9J4_LAN_BOOSTCLGA_LOADOFF.csv
5;20260219_UB9J4_LAN_BOOSTCLGA_LOADOFF.csv
5;20260219_UB9J4_LAN_BOOSTCLGA_LOADOFF.csv
5;20260219_UB9J4_LAN_BOOSTCLGA_LOADOFF.csv
5;20260219_UB9J4_LAN_BOOSTCLGA_LOADOFF.csv
5;20260219_UB9J4_LAN_BOOSTCLGA_LOADOFF.csv
5;20260219_UB9J4_LAN_BOOSTCLGA_LOADOFF.csv
5;20260219_UB9J4_LAN_BOOSTCLGA_LOADOFF.csv
5;20260219_UB9J4_LAN_BOOSTCLGA_LOADOFF.csv
5;20260219_UB9J4_LAN_BOOSTCLGA_LOADOFF.csv
5;20260219_UB9J4_LAN_BOOSTCLGA_LOADOFF.csv
5;20260219_UB9J4_LAN_BOOSTCLGA_LOADOFF.csv
5;20260219_UB9J4_LAN_BOOSTCLGA_LOADOFF.csv
5;20260219_UB9J4_LAN_BOOSTCLGA_LOADOFF.csv
5;20260219_UB9J4_LAN_BOOSTCLGA_LOADOFF.csv
5;20260219_UB9J4_LAN_BOOSTCLGA_LOADOFF.csv
5;20260219_UB9J4_LAN_BOOSTCLGA_LOADOFF.csv
5;20260219_UB9J4_LAN_BOOSTCLGA_LOADOFF.csv
5;20260219_UB9J4_LAN_BOOSTCLGA_LOADOFF.csv
5;20260219_UB9J4_LAN_BOOSTCLGA_LOADOFF.csv
5;20260219_UB9J4_LAN_BOOSTCLGA_LOADOFF.csv
5;20260219_UB9J4_LAN_BOOSTCLGA_LOADOFF.csv
5;20260219_UB9J4_LAN_BOOSTCLGA_LOADOFF.csv
5;20260219_UB9J4_LAN_BOOSTCLGA_LOADOFF.csv
5;20260219_UB9J4_LAN_BOOSTCLGA_LOADOFF.csv
5;20260219_UB9J4_LAN_BOOSTCLGA_LOADOFF.csv
5;20260219_UB9J4_LAN_BOOSTCLGA_LOADOFF.csv
5;20260219_UB9J4_LAN_BOOSTCLGA_LOADOFF.csv
5;20260219_UB9J4_LAN_BOOSTCLGA_LOADOFF.csv
5;20260219_UB9J4_LAN_BOOSTCLGA_LOADOFF.csv
5;20260219_UB9J4_LAN_BOOSTCLGA_LOADOFF.csv
5;20260219_UB9J4_LAN_BOOSTCLGA_LOADOFF.csv
5;20260219_UB9J4_LAN_BOOSTCLGA_LOADOFF.csv
5;20260219_UB9J4_LAN_BOOSTCLGA_LOADOFF.csv
5;20260219_UB9J4_LAN_BOOSTCLGA_LOADOFF.csv
5;20260219_UB9J4_LAN_BOOSTCLGA_LOADOFF.csv
5;20260219_UB9J4_LAN_BOOSTCLGA_LOADOFF.csv
5;20260219_UB9J4_LAN_BOOSTCLGA_LOADOFF.csv
5;20260219_UB9J4_LAN_BOOSTCLGA_LOADOFF.csv
5;20260219_UB9J4_LAN_BOOSTCLGA_LOADOFF.csv
5;20260219_UB9J4_LAN_BOOSTCLGA_LOADOFF.csv
5;20260219_UB9J4_LAN_BOOSTCLGA_LOADOFF.csv
5;20260219_UB9J4_LAN_BOOSTCLGA_LOADOFF.csv
18;20260219_UB9J4_LAN_BOOSTCLGA_LOADOFF.csv
5;20260219_UB9J4_LAN_BOOSTCLGA_LOADOFF.csv
5;20260219_UB9J4_LAN_BOOSTCLGA_LOADOFF.csv
5;20260219_UB9J4_LAN_BOOSTCLGA_LOADOFF.csv
5;20260219_UB9J4_LAN_BOOSTCLGA_LOADOFF.csv
5;20260219_UB9J4_LAN_BOOSTCLGA_LOADOFF.csv
5;20260219_UB9J4_LAN_BOOSTCLGA_LOADOFF.csv
5;20260219_UB9J4_LAN_BOOSTCLGA_LOADOFF.csv
5;20260219_UB9J4_LAN_BOOSTCLGA_LOADOFF.csv
5;20260219_UB9J4_LAN_BOOSTCLGA_LOADOFF.csv
5;20260219_UB9J4_LAN_BOOSTCLGA_LOADOFF.csv
5;20260219_UB9J4_LAN_BOOSTCLGA_LOADOFF.csv
5;20260219_UB9J4_LAN_BOOSTCLGA_LOADOFF.csv
5;20260219_UB9J4_LAN_BOOSTCLGA_LOADOFF.csv
5;20260219_UB9J4_LAN_BOOSTCLGA_LOADOFF.csv
5;20260219_UB9J4_LAN_BOOSTCLGA_LOADOFF.csv
5;20260219_UB9J4_LAN_BOOSTCLGA_LOADOFF.csv
5;20260219_UB9J4_LAN_BOOSTCLGA_LOADOFF.csv
5;20260219_UB9J4_LAN_BOOSTCLGA_LOADOFF.csv
5;20260219_UB9J4_LAN_BOOSTCLGA_LOADOFF.csv
5;20260219_UB9J4_LAN_BOOSTCLGA_LOADOFF.csv
5;20260219_UB9J4_LAN_BOOSTCLGA_LOADOFF.csv
5;20260219_UB9J4_LAN_BOOSTCLGA_LOADOFF.csv
5;20260219_UB9J4_LAN_BOOSTCLGA_LOADOFF.csv
5;20260219_UB9J4_LAN_BOOSTCLGA_LOADOFF.csv
5;20260219_UB9J4_LAN_BOOSTCLGA_LOADOFF.csv
5;20260219_UB9J4_LAN_BOOSTCLGA_LOADOFF.csv
5;20260219_UB9J4_LAN_BOOSTCLGA_LOADOFF.csv
5;20260219_UB9J4_LAN_BOOSTCLGA_LOADOFF.csv
5;20260219_UB9J4_LAN_BOOSTCLGA_LOADOFF.csv
6;20260219_UB9J4_LAN_BOOSTCLGA_LOADOFF.csv
5;20260219_UB9J4_LAN_BOOSTCLGA_LOADOFF.csv
5;20260219_UB9J4_LAN_BOOSTCLGA_LOADOFF.csv
5;20260219_UB9J4_LAN_BOOSTCLGA_LOADOFF.csv
5;20260219_UB9J4_LAN_BOOSTCLGA_LOADOFF.csv
6;20260219_UB9J4_LAN_BOOSTCLGA_LOADOFF.csv
5;20260219_UB9J4_LAN_BOOSTCLGA_LOADOFF.csv
5;20260219_UB9J4_LAN_BOOSTCLGA_LOADOFF.csv
5;20260219_UB9J4_LAN_BOOSTCLGA_LOADOFF.csv
5;20260219_UB9J4_LAN_BOOSTCLGA_LOADOFF.csv
5;20260219_UB9J4_LAN_BOOSTCLGA_LOADTCP8P.csv
5;20260219_UB9J4_LAN_BOOSTCLGA_LOADTCP8P.csv
5;20260219_UB9J4_LAN_BOOSTCLGA_LOADTCP8P.csv
43;20260219_UB9J4_LAN_BOOSTCLGA_LOADTCP8P.csv
8;20260219_UB9J4_LAN_BOOSTCLGA_LOADTCP8P.csv
5;20260219_UB9J4_LAN_BOOSTCLGA_LOADTCP8P.csv
5;20260219_UB9J4_LAN_BOOSTCLGA_LOADTCP8P.csv
5;20260219_UB9J4_LAN_BOOSTCLGA_LOADTCP8P.csv
5;20260219_UB9J4_LAN_BOOSTCLGA_LOADTCP8P.csv
5;20260219_UB9J4_LAN_BOOSTCLGA_LOADTCP8P.csv
5;20260219_UB9J4_LAN_BOOSTCLGA_LOADTCP8P.csv
5;20260219_UB9J4_LAN_BOOSTCLGA_LOADTCP8P.csv
5;20260219_UB9J4_LAN_BOOSTCLGA_LOADTCP8P.csv
5;20260219_UB9J4_LAN_BOOSTCLGA_LOADTCP8P.csv
5;20260219_UB9J4_LAN_BOOSTCLGA_LOADTCP8P.csv
5;20260219_UB9J4_LAN_BOOSTCLGA_LOADTCP8P.csv
5;20260219_UB9J4_LAN_BOOSTCLGA_LOADTCP8P.csv
5;20260219_UB9J4_LAN_BOOSTCLGA_LOADTCP8P.csv
5;20260219_UB9J4_LAN_BOOSTCLGA_LOADTCP8P.csv
5;20260219_UB9J4_LAN_BOOSTCLGA_LOADTCP8P.csv
11;20260219_UB9J4_LAN_BOOSTCLGA_LOADTCP8P.csv
22;20260219_UB9J4_LAN_BOOSTCLGA_LOADTCP8P.csv
17;20260219_UB9J4_LAN_BOOSTCLGA_LOADTCP8P.csv
13;20260219_UB9J4_LAN_BOOSTCLGA_LOADTCP8P.csv
11;20260219_UB9J4_LAN_BOOSTCLGA_LOADTCP8P.csv
11;20260219_UB9J4_LAN_BOOSTCLGA_LOADTCP8P.csv
11;20260219_UB9J4_LAN_BOOSTCLGA_LOADTCP8P.csv
8;20260219_UB9J4_LAN_BOOSTCLGA_LOADTCP8P.csv
7;20260219_UB9J4_LAN_BOOSTCLGA_LOADTCP8P.csv
7;20260219_UB9J4_LAN_BOOSTCLGA_LOADTCP8P.csv
7;20260219_UB9J4_LAN_BOOSTCLGA_LOADTCP8P.csv
6;20260219_UB9J4_LAN_BOOSTCLGA_LOADTCP8P.csv
6;20260219_UB9J4_LAN_BOOSTCLGA_LOADTCP8P.csv
7;20260219_UB9J4_LAN_BOOSTCLGA_LOADTCP8P.csv
6;20260219_UB9J4_LAN_BOOSTCLGA_LOADTCP8P.csv
12;20260219_UB9J4_LAN_BOOSTCLGA_LOADTCP8P.csv
8;20260219_UB9J4_LAN_BOOSTCLGA_LOADTCP8P.csv
7;20260219_UB9J4_LAN_BOOSTCLGA_LOADTCP8P.csv
14;20260219_UB9J4_LAN_BOOSTCLGA_LOADTCP8P.csv
8;20260219_UB9J4_LAN_BOOSTCLGA_LOADTCP8P.csv
8;20260219_UB9J4_LAN_BOOSTCLGA_LOADTCP8P.csv
13;20260219_UB9J4_LAN_BOOSTCLGA_LOADTCP8P.csv
16;20260219_UB9J4_LAN_BOOSTCLGA_LOADTCP8P.csv
8;20260219_UB9J4_LAN_BOOSTCLGA_LOADTCP8P.csv
43;20260219_UB9J4_LAN_BOOSTCLGA_LOADTCP8P.csv
18;20260219_UB9J4_LAN_BOOSTCLGA_LOADTCP8P.csv
9;20260219_UB9J4_LAN_BOOSTCLGA_LOADTCP8P.csv
11;20260219_UB9J4_LAN_BOOSTCLGA_LOADTCP8P.csv
13;20260219_UB9J4_LAN_BOOSTCLGA_LOADTCP8P.csv
12;20260219_UB9J4_LAN_BOOSTCLGA_LOADTCP8P.csv
13;20260219_UB9J4_LAN_BOOSTCLGA_LOADTCP8P.csv
13;20260219_UB9J4_LAN_BOOSTCLGA_LOADTCP8P.csv
11;20260219_UB9J4_LAN_BOOSTCLGA_LOADTCP8P.csv
10;20260219_UB9J4_LAN_BOOSTCLGA_LOADTCP8P.csv
10;20260219_UB9J4_LAN_BOOSTCLGA_LOADTCP8P.csv
9;20260219_UB9J4_LAN_BOOSTCLGA_LOADTCP8P.csv
6;20260219_UB9J4_LAN_BOOSTCLGA_LOADTCP8P.csv
10;20260219_UB9J4_LAN_BOOSTCLGA_LOADTCP8P.csv
8;20260219_UB9J4_LAN_BOOSTCLGA_LOADTCP8P.csv
8;20260219_UB9J4_LAN_BOOSTCLGA_LOADTCP8P.csv
12;20260219_UB9J4_LAN_BOOSTCLGA_LOADTCP8P.csv
7;20260219_UB9J4_LAN_BOOSTCLGA_LOADTCP8P.csv
7;20260219_UB9J4_LAN_BOOSTCLGA_LOADTCP8P.csv
9;20260219_UB9J4_LAN_BOOSTCLGA_LOADTCP8P.csv
7;20260219_UB9J4_LAN_BOOSTCLGA_LOADTCP8P.csv
42;20260219_UB9J4_LAN_BOOSTCLGA_LOADTCP8P.csv
15;20260219_UB9J4_LAN_BOOSTCLGA_LOADTCP8P.csv
10;20260219_UB9J4_LAN_BOOSTCLGA_LOADTCP8P.csv
10;20260219_UB9J4_LAN_BOOSTCLGA_LOADTCP8P.csv
8;20260219_UB9J4_LAN_BOOSTCLGA_LOADTCP8P.csv
8;20260219_UB9J4_LAN_BOOSTCLGA_LOADTCP8P.csv
9;20260219_UB9J4_LAN_BOOSTCLGA_LOADTCP8P.csv
16;20260219_UB9J4_LAN_BOOSTCLGA_LOADTCP8P.csv
12;20260219_UB9J4_LAN_BOOSTCLGA_LOADTCP8P.csv
10;20260219_UB9J4_LAN_BOOSTCLGA_LOADTCP8P.csv
10;20260219_UB9J4_LAN_BOOSTCLGA_LOADTCP8P.csv
9;20260219_UB9J4_LAN_BOOSTCLGA_LOADTCP8P.csv
47;20260219_UB9J4_LAN_BOOSTCLGA_LOADTCP8P.csv
13;20260219_UB9J4_LAN_BOOSTCLGA_LOADTCP8P.csv
13;20260219_UB9J4_LAN_BOOSTCLGA_LOADTCP8P.csv
8;20260219_UB9J4_LAN_BOOSTCLGA_LOADTCP8P.csv
38;20260219_UB9J4_LAN_BOOSTCLGA_LOADTCP8P.csv
18;20260219_UB9J4_LAN_BOOSTCLGA_LOADTCP8P.csv
10;20260219_UB9J4_LAN_BOOSTCLGA_LOADTCP8P.csv
10;20260219_UB9J4_LAN_BOOSTCLGA_LOADTCP8P.csv
10;20260219_UB9J4_LAN_BOOSTCLGA_LOADTCP8P.csv
14;20260219_UB9J4_LAN_BOOSTCLGA_LOADTCP8P.csv
7;20260219_UB9J4_LAN_BOOSTCLGA_LOADTCP8P.csv
31;20260219_UB9J4_LAN_BOOSTCLGA_LOADTCP8P.csv
10;20260219_UB9J4_LAN_BOOSTCLGA_LOADTCP8P.csv
8;20260219_UB9J4_LAN_BOOSTCLGA_LOADTCP8P.csv
9;20260219_UB9J4_LAN_BOOSTCLGA_LOADTCP8P.csv
9;20260219_UB9J4_LAN_BOOSTCLGA_LOADTCP8P.csv
7;20260219_UB9J4_LAN_BOOSTCLGA_LOADTCP8P.csv
8;20260219_UB9J4_LAN_BOOSTCLGA_LOADTCP8P.csv
13;20260219_UB9J4_LAN_BOOSTCLGA_LOADTCP8P.csv
9;20260219_UB9J4_LAN_BOOSTCLGA_LOADTCP8P.csv
7;20260219_UB9J4_LAN_BOOSTCLGA_LOADTCP8P.csv
7;20260219_UB9J4_LAN_BOOSTCLGA_LOADTCP8P.csv
9;20260219_UB9J4_LAN_BOOSTCLGA_LOADTCP8P.csv
9;20260219_UB9J4_LAN_BOOSTCLGA_LOADTCP8P.csv
8;20260219_UB9J4_LAN_BOOSTCLGA_LOADTCP8P.csv
9;20260219_UB9J4_LAN_BOOSTCLGA_LOADTCP8P.csv
10;20260219_UB9J4_LAN_BOOSTCLGA_LOADTCP8P.csv
9;20260219_UB9J4_LAN_BOOSTCLGA_LOADTCP8P.csv
7;20260219_UB9J4_LAN_BOOSTCLGA_LOADTCP8P.csv
7;20260219_UB9J4_LAN_BOOSTCLGA_LOADTCP8P.csv
7;20260219_UB9J4_LAN_BOOSTCLGA_LOADTCP8P.csv
7;20260219_UB9J4_LAN_BOOSTCLGA_LOADTCP8P.csv
12;20260219_UB9J4_LAN_BOOSTCLGA_LOADTCP8P.csv
12;20260219_UB9J4_LAN_BOOSTCLGA_LOADTCP8P.csv
7;20260219_UB9J4_LAN_BOOSTCLGA_LOADTCP8P.csv
8;20260219_UB9J4_LAN_BOOSTCLGA_LOADTCP8P.csv
8;20260219_UB9J4_LAN_BOOSTCLGA_LOADTCP8P.csv
9;20260219_UB9J4_LAN_BOOSTCLGA_LOADTCP8P.csv
6;20260219_UB9J4_LAN_BOOSTCLGA_LOADTCP8P.csv
7;20260219_UB9J4_LAN_BOOSTCLGA_LOADTCP8P.csv
9;20260219_UB9J4_LAN_BOOSTCLGA_LOADTCP8P.csv
8;20260219_UB9J4_LAN_BOOSTCLGA_LOADTCP8P.csv
8;20260219_UB9J4_LAN_BOOSTCLGA_LOADTCP8P.csv
9;20260219_UB9J4_LAN_BOOSTCLGA_LOADTCP8P.csv
9;20260219_UB9J4_LAN_BOOSTCLGA_LOADTCP8P.csv
8;20260219_UB9J4_LAN_BOOSTCLGA_LOADTCP8P.csv
8;20260219_UB9J4_LAN_BOOSTCLGA_LOADTCP8P.csv
12;20260219_UB9J4_LAN_BOOSTCLGA_LOADTCP8P.csv
11;20260219_UB9J4_LAN_BOOSTCLGA_LOADTCP8P.csv
12;20260219_UB9J4_LAN_BOOSTCLGA_LOADTCP8P.csv
10;20260219_UB9J4_LAN_BOOSTCLGA_LOADTCP8P.csv
9;20260219_UB9J4_LAN_BOOSTCLGA_LOADTCP8P.csv
8;20260219_UB9J4_LAN_BOOSTCLGA_LOADTCP8P.csv
9;20260219_UB9J4_LAN_BOOSTCLGA_LOADTCP8P.csv
9;20260219_UB9J4_LAN_BOOSTCLGA_LOADTCP8P.csv
7;20260219_UB9J4_LAN_BOOSTCLGA_LOADTCP8P.csv
8;20260219_UB9J4_LAN_BOOSTCLGA_LOADTCP8P.csv
10;20260219_UB9J4_LAN_BOOSTCLGA_LOADTCP8P.csv
11;20260219_UB9J4_LAN_BOOSTCLGA_LOADTCP8P.csv
12;20260219_UB9J4_LAN_BOOSTCLGA_LOADTCP8P.csv
8;20260219_UB9J4_LAN_BOOSTCLGA_LOADTCP8P.csv
7;20260219_UB9J4_LAN_BOOSTCLGA_LOADTCP8P.csv
7;20260219_UB9J4_LAN_BOOSTCLGA_LOADTCP8P.csv
9;20260219_UB9J4_LAN_BOOSTCLGA_LOADTCP8P.csv
11;20260219_UB9J4_LAN_BOOSTCLGA_LOADTCP8P.csv
8;20260219_UB9J4_LAN_BOOSTCLGA_LOADTCP8P.csv
7;20260219_UB9J4_LAN_BOOSTCLGA_LOADTCP8P.csv
11;20260219_UB9J4_LAN_BOOSTCLGA_LOADTCP8P.csv
8;20260219_UB9J4_LAN_BOOSTCLGA_LOADTCP8P.csv
9;20260219_UB9J4_LAN_BOOSTCLGA_LOADTCP8P.csv
14;20260219_UB9J4_LAN_BOOSTCLGA_LOADTCP8P.csv
13;20260219_UB9J4_LAN_BOOSTCLGA_LOADTCP8P.csv
7;20260219_UB9J4_LAN_BOOSTCLGA_LOADTCP8P.csv
9;20260219_UB9J4_LAN_BOOSTCLGA_LOADTCP8P.csv
9;20260219_UB9J4_LAN_BOOSTCLGA_LOADTCP8P.csv
9;20260219_UB9J4_LAN_BOOSTCLGA_LOADTCP8P.csv
9;20260219_UB9J4_LAN_BOOSTCLGA_LOADTCP8P.csv
8;20260219_UB9J4_LAN_BOOSTCLGA_LOADTCP8P.csv
7;20260219_UB9J4_LAN_BOOSTCLGA_LOADTCP8P.csv
6;20260219_UB9J4_LAN_BOOSTCLGA_LOADTCP8P.csv
10;20260219_UB9J4_LAN_BOOSTCLGA_LOADTCP8P.csv
8;20260219_UB9J4_LAN_BOOSTCLGA_LOADTCP8P.csv
9;20260219_UB9J4_LAN_BOOSTCLGA_LOADTCP8P.csv
11;20260219_UB9J4_LAN_BOOSTCLGA_LOADTCP8P.csv
11;20260219_UB9J4_LAN_BOOSTCLGA_LOADTCP8P.csv
10;20260219_UB9J4_LAN_BOOSTCLGA_LOADTCP8P.csv
10;20260219_UB9J4_LAN_BOOSTCLGA_LOADTCP8P.csv
11;20260219_UB9J4_LAN_BOOSTCLGA_LOADTCP8P.csv
10;20260219_UB9J4_LAN_BOOSTCLGA_LOADTCP8P.csv
10;20260219_UB9J4_LAN_BOOSTCLGA_LOADTCP8P.csv
6;20260219_UB9J4_LAN_BOOSTCLGA_LOADTCP8P.csv
6;20260219_UB9J4_LAN_BOOSTCLGA_LOADTCP8P.csv
5;20260219_UB9J4_LAN_BOOSTCLGA_LOADTCP8P.csv
5;20260219_UB9J4_LAN_BOOSTCLGA_LOADTCP8P.csv
5;20260219_UB9J4_LAN_BOOSTCLGA_LOADTCP8P.csv
5;20260219_UB9J4_LAN_BOOSTCLGA_LOADTCP8P.csv
5;20260219_UB9J4_LAN_BOOSTCLGA_LOADTCP8P.csv
5;20260219_UB9J4_LAN_BOOSTCLGA_LOADTCP8P.csv
5;20260219_UB9J4_LAN_BOOSTCLGA_LOADTCP8P.csv
5;20260219_UB9J4_LAN_BOOSTCLGA_LOADTCP8P.csv
6;20260219_UB9J4_LAN_BOOSTCLGA_LOADTCP8P.csv
5;20260219_UB9J4_LAN_BOOSTCLGA_LOADTCP8P.csv
5;20260219_UB9J4_LAN_BOOSTCLGA_LOADTCP8P.csv
6;20260219_UB9J4_LAN_BOOSTCLGA_LOADTCP8P.csv
5;20260219_UB9J4_LAN_BOOSTCLGA_LOADTCP8P.csv
5;20260219_UB9J4_LAN_BOOSTCLGA_LOADTCP8P.csv
5;20260219_UB9J4_LAN_BOOSTCLGA_LOADTCP8P.csv
5;20260219_UB9J4_LAN_BOOSTCLGA_LOADTCP8P.csv
5;20260219_UB9J4_LAN_BOOSTCLGA_LOADTCP8P.csv
6;20260219_UB9J4_LAN_BOOSTCLGA_LOADTCP8P.csv
5;20260219_UB9J4_LAN_BOOSTCLGA_LOADTCP8P.csv
5;20260219_UB9J4_LAN_BOOSTCLGA_LOADTCP8P.csv
5;20260219_UB9J4_LAN_BOOSTCLGA_LOADTCP8P.csv
5;20260219_UB9J4_LAN_BOOSTCLGA_LOADTCP8P.csv
5;20260219_UB9J4_LAN_BOOSTCLGA_LOADTCP8P.csv
5;20260219_UB9J4_LAN_BOOSTCLGA_LOADTCP8P.csv
5;20260219_UB9J4_LAN_BOOSTCLGA_LOADTCP8P.csv
5;20260219_UB9J4_LAN_BOOSTCLGA_LOADTCP8P.csv
5;20260219_UB9J4_LAN_BOOSTCLGA_LOADTCP8P.csv
5;20260219_UB9J4_LAN_BOOSTCLGA_LOADTCP8P.csv
6;20260219_UB9J4_LAN_BOOSTCLGA_LOADTCP8P.csv
5;20260219_UB9J4_LAN_BOOSTCLGA_LOADTCP8P.csv
5;20260219_UB9J4_LAN_BOOSTCLGA_LOADTCP8P.csv
44;20260219_UB9J4_LAN_BOOSTCLGA_LOADYOUTUBE4K_MAGENTATV20.csv
44;20260219_UB9J4_LAN_BOOSTCLGA_LOADYOUTUBE4K_MAGENTATV20.csv
68;20260219_UB9J4_LAN_BOOSTCLGA_LOADYOUTUBE4K_MAGENTATV20.csv
12;20260219_UB9J4_LAN_BOOSTCLGA_LOADYOUTUBE4K_MAGENTATV20.csv
13;20260219_UB9J4_LAN_BOOSTCLGA_LOADYOUTUBE4K_MAGENTATV20.csv
6;20260219_UB9J4_LAN_BOOSTCLGA_LOADYOUTUBE4K_MAGENTATV20.csv
5;20260219_UB9J4_LAN_BOOSTCLGA_LOADYOUTUBE4K_MAGENTATV20.csv
5;20260219_UB9J4_LAN_BOOSTCLGA_LOADYOUTUBE4K_MAGENTATV20.csv
22;20260219_UB9J4_LAN_BOOSTCLGA_LOADYOUTUBE4K_MAGENTATV20.csv
6;20260219_UB9J4_LAN_BOOSTCLGA_LOADYOUTUBE4K_MAGENTATV20.csv
6;20260219_UB9J4_LAN_BOOSTCLGA_LOADYOUTUBE4K_MAGENTATV20.csv
5;20260219_UB9J4_LAN_BOOSTCLGA_LOADYOUTUBE4K_MAGENTATV20.csv
5;20260219_UB9J4_LAN_BOOSTCLGA_LOADYOUTUBE4K_MAGENTATV20.csv
10;20260219_UB9J4_LAN_BOOSTCLGA_LOADYOUTUBE4K_MAGENTATV20.csv
29;20260219_UB9J4_LAN_BOOSTCLGA_LOADYOUTUBE4K_MAGENTATV20.csv
146;20260219_UB9J4_LAN_BOOSTCLGA_LOADYOUTUBE4K_MAGENTATV20.csv
38;20260219_UB9J4_LAN_BOOSTCLGA_LOADYOUTUBE4K_MAGENTATV20.csv
16;20260219_UB9J4_LAN_BOOSTCLGA_LOADYOUTUBE4K_MAGENTATV20.csv
6;20260219_UB9J4_LAN_BOOSTCLGA_LOADYOUTUBE4K_MAGENTATV20.csv
39;20260219_UB9J4_LAN_BOOSTCLGA_LOADYOUTUBE4K_MAGENTATV20.csv
8;20260219_UB9J4_LAN_BOOSTCLGA_LOADYOUTUBE4K_MAGENTATV20.csv
5;20260219_UB9J4_LAN_BOOSTCLGA_LOADYOUTUBE4K_MAGENTATV20.csv
16;20260219_UB9J4_LAN_BOOSTCLGA_LOADYOUTUBE4K_MAGENTATV20.csv
6;20260219_UB9J4_LAN_BOOSTCLGA_LOADYOUTUBE4K_MAGENTATV20.csv
25;20260219_UB9J4_LAN_BOOSTCLGA_LOADYOUTUBE4K_MAGENTATV20.csv
7;20260219_UB9J4_LAN_BOOSTCLGA_LOADYOUTUBE4K_MAGENTATV20.csv
5;20260219_UB9J4_LAN_BOOSTCLGA_LOADYOUTUBE4K_MAGENTATV20.csv
42;20260219_UB9J4_LAN_BOOSTCLGA_LOADYOUTUBE4K_MAGENTATV20.csv
12;20260219_UB9J4_LAN_BOOSTCLGA_LOADYOUTUBE4K_MAGENTATV20.csv
34;20260219_UB9J4_LAN_BOOSTCLGA_LOADYOUTUBE4K_MAGENTATV20.csv
8;20260219_UB9J4_LAN_BOOSTCLGA_LOADYOUTUBE4K_MAGENTATV20.csv
5;20260219_UB9J4_LAN_BOOSTCLGA_LOADYOUTUBE4K_MAGENTATV20.csv
8;20260219_UB9J4_LAN_BOOSTCLGA_LOADYOUTUBE4K_MAGENTATV20.csv
6;20260219_UB9J4_LAN_BOOSTCLGA_LOADYOUTUBE4K_MAGENTATV20.csv
6;20260219_UB9J4_LAN_BOOSTCLGA_LOADYOUTUBE4K_MAGENTATV20.csv
5;20260219_UB9J4_LAN_BOOSTCLGA_LOADYOUTUBE4K_MAGENTATV20.csv
5;20260219_UB9J4_LAN_BOOSTCLGA_LOADYOUTUBE4K_MAGENTATV20.csv
5;20260219_UB9J4_LAN_BOOSTCLGA_LOADYOUTUBE4K_MAGENTATV20.csv
5;20260219_UB9J4_LAN_BOOSTCLGA_LOADYOUTUBE4K_MAGENTATV20.csv
56;20260219_UB9J4_LAN_BOOSTCLGA_LOADYOUTUBE4K_MAGENTATV20.csv
16;20260219_UB9J4_LAN_BOOSTCLGA_LOADYOUTUBE4K_MAGENTATV20.csv
22;20260219_UB9J4_LAN_BOOSTCLGA_LOADYOUTUBE4K_MAGENTATV20.csv
6;20260219_UB9J4_LAN_BOOSTCLGA_LOADYOUTUBE4K_MAGENTATV20.csv
26;20260219_UB9J4_LAN_BOOSTCLGA_LOADYOUTUBE4K_MAGENTATV20.csv
7;20260219_UB9J4_LAN_BOOSTCLGA_LOADYOUTUBE4K_MAGENTATV20.csv
6;20260219_UB9J4_LAN_BOOSTCLGA_LOADYOUTUBE4K_MAGENTATV20.csv
5;20260219_UB9J4_LAN_BOOSTCLGA_LOADYOUTUBE4K_MAGENTATV20.csv
51;20260219_UB9J4_LAN_BOOSTCLGA_LOADYOUTUBE4K_MAGENTATV20.csv
10;20260219_UB9J4_LAN_BOOSTCLGA_LOADYOUTUBE4K_MAGENTATV20.csv
47;20260219_UB9J4_LAN_BOOSTCLGA_LOADYOUTUBE4K_MAGENTATV20.csv
12;20260219_UB9J4_LAN_BOOSTCLGA_LOADYOUTUBE4K_MAGENTATV20.csv
6;20260219_UB9J4_LAN_BOOSTCLGA_LOADYOUTUBE4K_MAGENTATV20.csv
5;20260219_UB9J4_LAN_BOOSTCLGA_LOADYOUTUBE4K_MAGENTATV20.csv
5;20260219_UB9J4_LAN_BOOSTCLGA_LOADYOUTUBE4K_MAGENTATV20.csv
5;20260219_UB9J4_LAN_BOOSTCLGA_LOADYOUTUBE4K_MAGENTATV20.csv
11;20260219_UB9J4_LAN_BOOSTCLGA_LOADYOUTUBE4K_MAGENTATV20.csv
6;20260219_UB9J4_LAN_BOOSTCLGA_LOADYOUTUBE4K_MAGENTATV20.csv
19;20260219_UB9J4_LAN_BOOSTCLGA_LOADYOUTUBE4K_MAGENTATV20.csv
6;20260219_UB9J4_LAN_BOOSTCLGA_LOADYOUTUBE4K_MAGENTATV20.csv
24;20260219_UB9J4_LAN_BOOSTCLGA_LOADYOUTUBE4K_MAGENTATV20.csv
7;20260219_UB9J4_LAN_BOOSTCLGA_LOADYOUTUBE4K_MAGENTATV20.csv
15;20260219_UB9J4_LAN_BOOSTCLGA_LOADYOUTUBE4K_MAGENTATV20.csv
6;20260219_UB9J4_LAN_BOOSTCLGA_LOADYOUTUBE4K_MAGENTATV20.csv
5;20260219_UB9J4_LAN_BOOSTCLGA_LOADYOUTUBE4K_MAGENTATV20.csv
5;20260219_UB9J4_LAN_BOOSTCLGA_LOADYOUTUBE4K_MAGENTATV20.csv
15;20260219_UB9J4_LAN_BOOSTCLGA_LOADYOUTUBE4K_MAGENTATV20.csv
6;20260219_UB9J4_LAN_BOOSTCLGA_LOADYOUTUBE4K_MAGENTATV20.csv
5;20260219_UB9J4_LAN_BOOSTCLGA_LOADYOUTUBE4K_MAGENTATV20.csv
55;20260219_UB9J4_LAN_BOOSTCLGA_LOADYOUTUBE4K_MAGENTATV20.csv
60;20260219_UB9J4_LAN_BOOSTCLGA_LOADYOUTUBE4K_MAGENTATV20.csv
9;20260219_UB9J4_LAN_BOOSTCLGA_LOADYOUTUBE4K_MAGENTATV20.csv
76;20260219_UB9J4_LAN_BOOSTCLGA_LOADYOUTUBE4K_MAGENTATV20.csv
26;20260219_UB9J4_LAN_BOOSTCLGA_LOADYOUTUBE4K_MAGENTATV20.csv
14;20260219_UB9J4_LAN_BOOSTCLGA_LOADYOUTUBE4K_MAGENTATV20.csv
6;20260219_UB9J4_LAN_BOOSTCLGA_LOADYOUTUBE4K_MAGENTATV20.csv
5;20260219_UB9J4_LAN_BOOSTCLGA_LOADYOUTUBE4K_MAGENTATV20.csv
6;20260219_UB9J4_LAN_BOOSTCLGA_LOADYOUTUBE4K_MAGENTATV20.csv
7;20260219_UB9J4_LAN_BOOSTCLGA_LOADYOUTUBE4K_MAGENTATV20.csv
5;20260219_UB9J4_LAN_BOOSTCLGA_LOADYOUTUBE4K_MAGENTATV20.csv
30;20260219_UB9J4_LAN_BOOSTCLGA_LOADYOUTUBE4K_MAGENTATV20.csv
7;20260219_UB9J4_LAN_BOOSTCLGA_LOADYOUTUBE4K_MAGENTATV20.csv
5;20260219_UB9J4_LAN_BOOSTCLGA_LOADYOUTUBE4K_MAGENTATV20.csv
5;20260219_UB9J4_LAN_BOOSTCLGA_LOADYOUTUBE4K_MAGENTATV20.csv
48;20260219_UB9J4_LAN_BOOSTCLGA_LOADYOUTUBE4K_MAGENTATV20.csv
14;20260219_UB9J4_LAN_BOOSTCLGA_LOADYOUTUBE4K_MAGENTATV20.csv
6;20260219_UB9J4_LAN_BOOSTCLGA_LOADYOUTUBE4K_MAGENTATV20.csv
44;20260219_UB9J4_LAN_BOOSTCLGA_LOADYOUTUBE4K_MAGENTATV20.csv
12;20260219_UB9J4_LAN_BOOSTCLGA_LOADYOUTUBE4K_MAGENTATV20.csv
6;20260219_UB9J4_LAN_BOOSTCLGA_LOADYOUTUBE4K_MAGENTATV20.csv
7;20260219_UB9J4_LAN_BOOSTCLGA_LOADYOUTUBE4K_MAGENTATV20.csv
41;20260219_UB9J4_LAN_BOOSTCLGA_LOADYOUTUBE4K_MAGENTATV20.csv
11;20260219_UB9J4_LAN_BOOSTCLGA_LOADYOUTUBE4K_MAGENTATV20.csv
6;20260219_UB9J4_LAN_BOOSTCLGA_LOADYOUTUBE4K_MAGENTATV20.csv
5;20260219_UB9J4_LAN_BOOSTCLGA_LOADYOUTUBE4K_MAGENTATV20.csv
8;20260219_UB9J4_LAN_BOOSTCLGA_LOADYOUTUBE4K_MAGENTATV20.csv
6;20260219_UB9J4_LAN_BOOSTCLGA_LOADYOUTUBE4K_MAGENTATV20.csv
6;20260219_UB9J4_LAN_BOOSTCLGA_LOADYOUTUBE4K_MAGENTATV20.csv
5;20260219_UB9J4_LAN_BOOSTCLGA_LOADYOUTUBE4K_MAGENTATV20.csv
18;20260219_UB9J4_LAN_BOOSTCLGA_LOADYOUTUBE4K_MAGENTATV20.csv
6;20260219_UB9J4_LAN_BOOSTCLGA_LOADYOUTUBE4K_MAGENTATV20.csv
18;20260219_UB9J4_LAN_BOOSTCLGA_LOADYOUTUBE4K_MAGENTATV20.csv
6;20260219_UB9J4_LAN_BOOSTCLGA_LOADYOUTUBE4K_MAGENTATV20.csv
18;20260219_UB9J4_LAN_BOOSTCLGA_LOADYOUTUBE4K_MAGENTATV20.csv
8;20260219_UB9J4_LAN_BOOSTCLGA_LOADYOUTUBE4K_MAGENTATV20.csv
23;20260219_UB9J4_LAN_BOOSTCLGA_LOADYOUTUBE4K_MAGENTATV20.csv
7;20260219_UB9J4_LAN_BOOSTCLGA_LOADYOUTUBE4K_MAGENTATV20.csv
5;20260219_UB9J4_LAN_BOOSTCLGA_LOADYOUTUBE4K_MAGENTATV20.csv
7;20260219_UB9J4_LAN_BOOSTCLGA_LOADYOUTUBE4K_MAGENTATV20.csv
30;20260219_UB9J4_LAN_BOOSTCLGA_LOADYOUTUBE4K_MAGENTATV20.csv
7;20260219_UB9J4_LAN_BOOSTCLGA_LOADYOUTUBE4K_MAGENTATV20.csv
40;20260219_UB9J4_LAN_BOOSTCLGA_LOADYOUTUBE4K_MAGENTATV20.csv
8;20260219_UB9J4_LAN_BOOSTCLGA_LOADYOUTUBE4K_MAGENTATV20.csv
29;20260219_UB9J4_LAN_BOOSTCLGA_LOADYOUTUBE4K_MAGENTATV20.csv
7;20260219_UB9J4_LAN_BOOSTCLGA_LOADYOUTUBE4K_MAGENTATV20.csv
45;20260219_UB9J4_LAN_BOOSTCLGA_LOADYOUTUBE4K_MAGENTATV20.csv
11;20260219_UB9J4_LAN_BOOSTCLGA_LOADYOUTUBE4K_MAGENTATV20.csv
25;20260219_UB9J4_LAN_BOOSTCLGA_LOADYOUTUBE4K_MAGENTATV20.csv
6;20260219_UB9J4_LAN_BOOSTCLGA_LOADYOUTUBE4K_MAGENTATV20.csv
17;20260219_UB9J4_LAN_BOOSTCLGA_LOADYOUTUBE4K_MAGENTATV20.csv
6;20260219_UB9J4_LAN_BOOSTCLGA_LOADYOUTUBE4K_MAGENTATV20.csv
60;20260219_UB9J4_LAN_BOOSTCLGA_LOADYOUTUBE4K_MAGENTATV20.csv
76;20260219_UB9J4_LAN_BOOSTCLGA_LOADYOUTUBE4K_MAGENTATV20.csv
10;20260219_UB9J4_LAN_BOOSTCLGA_LOADYOUTUBE4K_MAGENTATV20.csv
6;20260219_UB9J4_LAN_BOOSTCLGA_LOADYOUTUBE4K_MAGENTATV20.csv
23;20260219_UB9J4_LAN_BOOSTCLGA_LOADYOUTUBE4K_MAGENTATV20.csv
7;20260219_UB9J4_LAN_BOOSTCLGA_LOADYOUTUBE4K_MAGENTATV20.csv
61;20260219_UB9J4_LAN_BOOSTCLGA_LOADYOUTUBE4K_MAGENTATV20.csv
10;20260219_UB9J4_LAN_BOOSTCLGA_LOADYOUTUBE4K_MAGENTATV20.csv
12;20260219_UB9J4_LAN_BOOSTCLGA_LOADYOUTUBE4K_MAGENTATV20.csv
6;20260219_UB9J4_LAN_BOOSTCLGA_LOADYOUTUBE4K_MAGENTATV20.csv
5;20260219_UB9J4_LAN_BOOSTCLGA_LOADYOUTUBE4K_MAGENTATV20.csv
5;20260219_UB9J4_LAN_BOOSTCLGA_LOADYOUTUBE4K_MAGENTATV20.csv
38;20260219_UB9J4_LAN_BOOSTCLGA_LOADYOUTUBE4K_MAGENTATV20.csv
8;20260219_UB9J4_LAN_BOOSTCLGA_LOADYOUTUBE4K_MAGENTATV20.csv
18;20260219_UB9J4_LAN_BOOSTCLGA_LOADYOUTUBE4K_MAGENTATV20.csv
6;20260219_UB9J4_LAN_BOOSTCLGA_LOADYOUTUBE4K_MAGENTATV20.csv
12;20260219_UB9J4_LAN_BOOSTCLGA_LOADYOUTUBE4K_MAGENTATV20.csv
6;20260219_UB9J4_LAN_BOOSTCLGA_LOADYOUTUBE4K_MAGENTATV20.csv
13;20260219_UB9J4_LAN_BOOSTCLGA_LOADYOUTUBE4K_MAGENTATV20.csv
7;20260219_UB9J4_LAN_BOOSTCLGA_LOADYOUTUBE4K_MAGENTATV20.csv
34;20260219_UB9J4_LAN_BOOSTCLGA_LOADYOUTUBE4K_MAGENTATV20.csv
8;20260219_UB9J4_LAN_BOOSTCLGA_LOADYOUTUBE4K_MAGENTATV20.csv
9;20260219_UB9J4_LAN_BOOSTCLGA_LOADYOUTUBE4K_MAGENTATV20.csv
5;20260219_UB9J4_LAN_BOOSTCLGA_LOADYOUTUBE4K_MAGENTATV20.csv
34;20260219_UB9J4_LAN_BOOSTCLGA_LOADYOUTUBE4K_MAGENTATV20.csv
8;20260219_UB9J4_LAN_BOOSTCLGA_LOADYOUTUBE4K_MAGENTATV20.csv
17;20260219_UB9J4_LAN_BOOSTCLGA_LOADYOUTUBE4K_MAGENTATV20.csv
6;20260219_UB9J4_LAN_BOOSTCLGA_LOADYOUTUBE4K_MAGENTATV20.csv
14;20260219_UB9J4_LAN_BOOSTCLGA_LOADYOUTUBE4K_MAGENTATV20.csv
6;20260219_UB9J4_LAN_BOOSTCLGA_LOADYOUTUBE4K_MAGENTATV20.csv
19;20260219_UB9J4_LAN_BOOSTCLGA_LOADYOUTUBE4K_MAGENTATV20.csv
6;20260219_UB9J4_LAN_BOOSTCLGA_LOADYOUTUBE4K_MAGENTATV20.csv
9;20260219_UB9J4_LAN_BOOSTCLGA_LOADYOUTUBE4K_MAGENTATV20.csv
6;20260219_UB9J4_LAN_BOOSTCLGA_LOADYOUTUBE4K_MAGENTATV20.csv
6;20260219_UB9J4_LAN_BOOSTCLGA_LOADYOUTUBE4K_MAGENTATV20.csv
5;20260219_UB9J4_LAN_BOOSTCLGA_LOADYOUTUBE4K_MAGENTATV20.csv
5;20260219_UB9J4_LAN_BOOSTCLGA_LOADYOUTUBE4K_MAGENTATV20.csv
5;20260219_UB9J4_LAN_BOOSTCLGA_LOADYOUTUBE4K_MAGENTATV20.csv
6;20260219_UB9J4_LAN_BOOSTCLGA_LOADYOUTUBE4K_MAGENTATV20.csv
6;20260219_UB9J4_LAN_BOOSTCLGA_LOADYOUTUBE4K_MAGENTATV20.csv
9;20260219_UB9J4_LAN_BOOSTCLGA_LOADYOUTUBE4K_MAGENTATV20.csv
5;20260219_UB9J4_LAN_BOOSTCLGA_LOADYOUTUBE4K_MAGENTATV20.csv
6;20260219_UB9J4_LAN_BOOSTCLGA_LOADYOUTUBE4K_MAGENTATV20.csv
6;20260219_UB9J4_LAN_BOOSTCLGA_LOADYOUTUBE4K_MAGENTATV20.csv
8;20260219_UB9J4_LAN_BOOSTCLGA_LOADYOUTUBE4K_MAGENTATV20.csv
5;20260219_UB9J4_LAN_BOOSTCLGA_LOADYOUTUBE4K_MAGENTATV20.csv
40;20260219_UB9J4_LAN_BOOSTCLGA_LOADYOUTUBE4K_MAGENTATV20.csv
8;20260219_UB9J4_LAN_BOOSTCLGA_LOADYOUTUBE4K_MAGENTATV20.csv
10;20260219_UB9J4_LAN_BOOSTCLGA_LOADYOUTUBE4K_MAGENTATV20.csv
22;20260219_UB9J4_LAN_BOOSTCLGA_LOADYOUTUBE4K_MAGENTATV20.csv
6;20260219_UB9J4_LAN_BOOSTCLGA_LOADYOUTUBE4K_MAGENTATV20.csv
5;20260219_UB9J4_LAN_BOOSTCLGA_LOADYOUTUBE4K_MAGENTATV20.csv
5;20260219_UB9J4_LAN_BOOSTCLGA_LOADYOUTUBE4K_MAGENTATV20.csv
52;20260219_UB9J4_LAN_BOOSTCLGA_LOADYOUTUBE4K_MAGENTATV20.csv
87;20260219_UB9J4_LAN_BOOSTCLGA_LOADYOUTUBE4K_MAGENTATV20.csv
36;20260219_UB9J4_LAN_BOOSTCLGA_LOADYOUTUBE4K_MAGENTATV20.csv
8;20260219_UB9J4_LAN_BOOSTCLGA_LOADYOUTUBE4K_MAGENTATV20.csv
6;20260219_UB9J4_LAN_BOOSTCLGA_LOADYOUTUBE4K_MAGENTATV20.csv
5;20260219_UB9J4_LAN_BOOSTCLGA_LOADYOUTUBE4K_MAGENTATV20.csv
38;20260219_UB9J4_LAN_BOOSTCLGA_LOADYOUTUBE4K_MAGENTATV20.csv
9;20260219_UB9J4_LAN_BOOSTCLGA_LOADYOUTUBE4K_MAGENTATV20.csv
63;20260219_UB9J4_LAN_BOOSTCLGA_LOADYOUTUBE4K_MAGENTATV20.csv
18;20260219_UB9J4_LAN_BOOSTCLGA_LOADYOUTUBE4K_MAGENTATV20.csv
9;20260219_UB9J4_LAN_BOOSTCLGA_LOADYOUTUBE4K_MAGENTATV20.csv
6;20260219_UB9J4_LAN_BOOSTCLGA_LOADYOUTUBE4K_MAGENTATV20.csv
5;20260219_UB9J4_LAN_BOOSTCLGA_LOADYOUTUBE4K_MAGENTATV20.csv
5;20260219_UB9J4_LAN_BOOSTCLGA_LOADYOUTUBE4K_MAGENTATV20.csv
31;20260219_UB9J4_LAN_BOOSTCLGA_LOADYOUTUBE4K_MAGENTATV20.csv
7;20260219_UB9J4_LAN_BOOSTCLGA_LOADYOUTUBE4K_MAGENTATV20.csv
6;20260219_UB9J4_LAN_BOOSTCLGA_LOADYOUTUBE4K_MAGENTATV20.csv
5;20260219_UB9J4_LAN_BOOSTCLGA_LOADYOUTUBE4K_MAGENTATV20.csv
10;20260219_UB9J4_LAN_BOOSTCLGA_LOADYOUTUBE4K_MAGENTATV20.csv
5;20260219_UB9J4_LAN_BOOSTCLGA_LOADYOUTUBE4K_MAGENTATV20.csv
42;20260219_UB9J4_LAN_BOOSTCLGA_LOADYOUTUBE4K_MAGENTATV20.csv
8;20260219_UB9J4_LAN_BOOSTCLGA_LOADYOUTUBE4K_MAGENTATV20.csv
5;20260219_UB9J4_LAN_BOOSTCLGA_LOADYOUTUBE4K_MAGENTATV20.csv
5;20260219_UB9J4_LAN_BOOSTCLGA_LOADYOUTUBE4K_MAGENTATV20.csv
106;20260219_UB9J4_LAN_BOOSTCLGA_LOADYOUTUBE4K_MAGENTATV20.csv
41;20260219_UB9J4_LAN_BOOSTCLGA_LOADYOUTUBE4K_MAGENTATV20.csv
9;20260219_UB9J4_LAN_BOOSTCLGA_LOADYOUTUBE4K_MAGENTATV20.csv
5;20260219_UB9J4_LAN_BOOSTCLGA_LOAYOUTUBE4K.csv
5;20260219_UB9J4_LAN_BOOSTCLGA_LOAYOUTUBE4K.csv
5;20260219_UB9J4_LAN_BOOSTCLGA_LOAYOUTUBE4K.csv
5;20260219_UB9J4_LAN_BOOSTCLGA_LOAYOUTUBE4K.csv
5;20260219_UB9J4_LAN_BOOSTCLGA_LOAYOUTUBE4K.csv
5;20260219_UB9J4_LAN_BOOSTCLGA_LOAYOUTUBE4K.csv
5;20260219_UB9J4_LAN_BOOSTCLGA_LOAYOUTUBE4K.csv
5;20260219_UB9J4_LAN_BOOSTCLGA_LOAYOUTUBE4K.csv
5;20260219_UB9J4_LAN_BOOSTCLGA_LOAYOUTUBE4K.csv
5;20260219_UB9J4_LAN_BOOSTCLGA_LOAYOUTUBE4K.csv
5;20260219_UB9J4_LAN_BOOSTCLGA_LOAYOUTUBE4K.csv
5;20260219_UB9J4_LAN_BOOSTCLGA_LOAYOUTUBE4K.csv
5;20260219_UB9J4_LAN_BOOSTCLGA_LOAYOUTUBE4K.csv
17;20260219_UB9J4_LAN_BOOSTCLGA_LOAYOUTUBE4K.csv
6;20260219_UB9J4_LAN_BOOSTCLGA_LOAYOUTUBE4K.csv
5;20260219_UB9J4_LAN_BOOSTCLGA_LOAYOUTUBE4K.csv
5;20260219_UB9J4_LAN_BOOSTCLGA_LOAYOUTUBE4K.csv
5;20260219_UB9J4_LAN_BOOSTCLGA_LOAYOUTUBE4K.csv
11;20260219_UB9J4_LAN_BOOSTCLGA_LOAYOUTUBE4K.csv
16;20260219_UB9J4_LAN_BOOSTCLGA_LOAYOUTUBE4K.csv
150;20260219_UB9J4_LAN_BOOSTCLGA_LOAYOUTUBE4K.csv
101;20260219_UB9J4_LAN_BOOSTCLGA_LOAYOUTUBE4K.csv
13;20260219_UB9J4_LAN_BOOSTCLGA_LOAYOUTUBE4K.csv
6;20260219_UB9J4_LAN_BOOSTCLGA_LOAYOUTUBE4K.csv
5;20260219_UB9J4_LAN_BOOSTCLGA_LOAYOUTUBE4K.csv
5;20260219_UB9J4_LAN_BOOSTCLGA_LOAYOUTUBE4K.csv
5;20260219_UB9J4_LAN_BOOSTCLGA_LOAYOUTUBE4K.csv
5;20260219_UB9J4_LAN_BOOSTCLGA_LOAYOUTUBE4K.csv
5;20260219_UB9J4_LAN_BOOSTCLGA_LOAYOUTUBE4K.csv
5;20260219_UB9J4_LAN_BOOSTCLGA_LOAYOUTUBE4K.csv
5;20260219_UB9J4_LAN_BOOSTCLGA_LOAYOUTUBE4K.csv
5;20260219_UB9J4_LAN_BOOSTCLGA_LOAYOUTUBE4K.csv
7;20260219_UB9J4_LAN_BOOSTCLGA_LOAYOUTUBE4K.csv
5;20260219_UB9J4_LAN_BOOSTCLGA_LOAYOUTUBE4K.csv
5;20260219_UB9J4_LAN_BOOSTCLGA_LOAYOUTUBE4K.csv
5;20260219_UB9J4_LAN_BOOSTCLGA_LOAYOUTUBE4K.csv
5;20260219_UB9J4_LAN_BOOSTCLGA_LOAYOUTUBE4K.csv
5;20260219_UB9J4_LAN_BOOSTCLGA_LOAYOUTUBE4K.csv
5;20260219_UB9J4_LAN_BOOSTCLGA_LOAYOUTUBE4K.csv
5;20260219_UB9J4_LAN_BOOSTCLGA_LOAYOUTUBE4K.csv
60;20260219_UB9J4_LAN_BOOSTCLGA_LOAYOUTUBE4K.csv
20;20260219_UB9J4_LAN_BOOSTCLGA_LOAYOUTUBE4K.csv
6;20260219_UB9J4_LAN_BOOSTCLGA_LOAYOUTUBE4K.csv
9;20260219_UB9J4_LAN_BOOSTCLGA_LOAYOUTUBE4K.csv
5;20260219_UB9J4_LAN_BOOSTCLGA_LOAYOUTUBE4K.csv
5;20260219_UB9J4_LAN_BOOSTCLGA_LOAYOUTUBE4K.csv
5;20260219_UB9J4_LAN_BOOSTCLGA_LOAYOUTUBE4K.csv
5;20260219_UB9J4_LAN_BOOSTCLGA_LOAYOUTUBE4K.csv
5;20260219_UB9J4_LAN_BOOSTCLGA_LOAYOUTUBE4K.csv
5;20260219_UB9J4_LAN_BOOSTCLGA_LOAYOUTUBE4K.csv
5;20260219_UB9J4_LAN_BOOSTCLGA_LOAYOUTUBE4K.csv
5;20260219_UB9J4_LAN_BOOSTCLGA_LOAYOUTUBE4K.csv
5;20260219_UB9J4_LAN_BOOSTCLGA_LOAYOUTUBE4K.csv
5;20260219_UB9J4_LAN_BOOSTCLGA_LOAYOUTUBE4K.csv
5;20260219_UB9J4_LAN_BOOSTCLGA_LOAYOUTUBE4K.csv
5;20260219_UB9J4_LAN_BOOSTCLGA_LOAYOUTUBE4K.csv
5;20260219_UB9J4_LAN_BOOSTCLGA_LOAYOUTUBE4K.csv
5;20260219_UB9J4_LAN_BOOSTCLGA_LOAYOUTUBE4K.csv
5;20260219_UB9J4_LAN_BOOSTCLGA_LOAYOUTUBE4K.csv
5;20260219_UB9J4_LAN_BOOSTCLGA_LOAYOUTUBE4K.csv
5;20260219_UB9J4_LAN_BOOSTCLGA_LOAYOUTUBE4K.csv
5;20260219_UB9J4_LAN_BOOSTCLGA_LOAYOUTUBE4K.csv
5;20260219_UB9J4_LAN_BOOSTCLGA_LOAYOUTUBE4K.csv
5;20260219_UB9J4_LAN_BOOSTCLGA_LOAYOUTUBE4K.csv
252;20260219_UB9J4_LAN_BOOSTCLGA_LOAYOUTUBE4K.csv
252;20260219_UB9J4_LAN_BOOSTCLGA_LOAYOUTUBE4K.csv
46;20260219_UB9J4_LAN_BOOSTCLGA_LOAYOUTUBE4K.csv
8;20260219_UB9J4_LAN_BOOSTCLGA_LOAYOUTUBE4K.csv
5;20260219_UB9J4_LAN_BOOSTCLGA_LOAYOUTUBE4K.csv
5;20260219_UB9J4_LAN_BOOSTCLGA_LOAYOUTUBE4K.csv
5;20260219_UB9J4_LAN_BOOSTCLGA_LOAYOUTUBE4K.csv
5;20260219_UB9J4_LAN_BOOSTCLGA_LOAYOUTUBE4K.csv
5;20260219_UB9J4_LAN_BOOSTCLGA_LOAYOUTUBE4K.csv
5;20260219_UB9J4_LAN_BOOSTCLGA_LOAYOUTUBE4K.csv
5;20260219_UB9J4_LAN_BOOSTCLGA_LOAYOUTUBE4K.csv
5;20260219_UB9J4_LAN_BOOSTCLGA_LOAYOUTUBE4K.csv
5;20260219_UB9J4_LAN_BOOSTCLGA_LOAYOUTUBE4K.csv
5;20260219_UB9J4_LAN_BOOSTCLGA_LOAYOUTUBE4K.csv
5;20260219_UB9J4_LAN_BOOSTCLGA_LOAYOUTUBE4K.csv
5;20260219_UB9J4_LAN_BOOSTCLGA_LOAYOUTUBE4K.csv
5;20260219_UB9J4_LAN_BOOSTCLGA_LOAYOUTUBE4K.csv
5;20260219_UB9J4_LAN_BOOSTCLGA_LOAYOUTUBE4K.csv
5;20260219_UB9J4_LAN_BOOSTCLGA_LOAYOUTUBE4K.csv
5;20260219_UB9J4_LAN_BOOSTCLGA_LOAYOUTUBE4K.csv
5;20260219_UB9J4_LAN_BOOSTCLGA_LOAYOUTUBE4K.csv
5;20260219_UB9J4_LAN_BOOSTCLGA_LOAYOUTUBE4K.csv
99;20260219_UB9J4_LAN_BOOSTCLGA_LOAYOUTUBE4K.csv
12;20260219_UB9J4_LAN_BOOSTCLGA_LOAYOUTUBE4K.csv
6;20260219_UB9J4_LAN_BOOSTCLGA_LOAYOUTUBE4K.csv
5;20260219_UB9J4_LAN_BOOSTCLGA_LOAYOUTUBE4K.csv
5;20260219_UB9J4_LAN_BOOSTCLGA_LOAYOUTUBE4K.csv
5;20260219_UB9J4_LAN_BOOSTCLGA_LOAYOUTUBE4K.csv
5;20260219_UB9J4_LAN_BOOSTCLGA_LOAYOUTUBE4K.csv
5;20260219_UB9J4_LAN_BOOSTCLGA_LOAYOUTUBE4K.csv
5;20260219_UB9J4_LAN_BOOSTCLGA_LOAYOUTUBE4K.csv
5;20260219_UB9J4_LAN_BOOSTCLGA_LOAYOUTUBE4K.csv
5;20260219_UB9J4_LAN_BOOSTCLGA_LOAYOUTUBE4K.csv
5;20260219_UB9J4_LAN_BOOSTCLGA_LOAYOUTUBE4K.csv
5;20260219_UB9J4_LAN_BOOSTCLGA_LOAYOUTUBE4K.csv
5;20260219_UB9J4_LAN_BOOSTCLGA_LOAYOUTUBE4K.csv
5;20260219_UB9J4_LAN_BOOSTCLGA_LOAYOUTUBE4K.csv
5;20260219_UB9J4_LAN_BOOSTCLGA_LOAYOUTUBE4K.csv
5;20260219_UB9J4_LAN_BOOSTCLGA_LOAYOUTUBE4K.csv
5;20260219_UB9J4_LAN_BOOSTCLGA_LOAYOUTUBE4K.csv
5;20260219_UB9J4_LAN_BOOSTCLGA_LOAYOUTUBE4K.csv
5;20260219_UB9J4_LAN_BOOSTCLGA_LOAYOUTUBE4K.csv
5;20260219_UB9J4_LAN_BOOSTCLGA_LOAYOUTUBE4K.csv
5;20260219_UB9J4_LAN_BOOSTCLGA_LOAYOUTUBE4K.csv
5;20260219_UB9J4_LAN_BOOSTCLGA_LOAYOUTUBE4K.csv
10;20260219_UB9J4_LAN_BOOSTCLGA_LOAYOUTUBE4K.csv
6;20260219_UB9J4_LAN_BOOSTCLGA_LOAYOUTUBE4K.csv
5;20260219_UB9J4_LAN_BOOSTCLGA_LOAYOUTUBE4K.csv
5;20260219_UB9J4_LAN_BOOSTCLGA_LOAYOUTUBE4K.csv
5;20260219_UB9J4_LAN_BOOSTCLGA_LOAYOUTUBE4K.csv
5;20260219_UB9J4_LAN_BOOSTCLGA_LOAYOUTUBE4K.csv
5;20260219_UB9J4_LAN_BOOSTCLGA_LOAYOUTUBE4K.csv
6;20260219_UB9J4_LAN_BOOSTCLGA_LOAYOUTUBE4K.csv
5;20260219_UB9J4_LAN_BOOSTCLGA_LOAYOUTUBE4K.csv
6;20260219_UB9J4_LAN_BOOSTCLGA_LOAYOUTUBE4K.csv
6;20260219_UB9J4_LAN_BOOSTCLGA_LOAYOUTUBE4K.csv
6;20260219_UB9J4_LAN_BOOSTCLGA_LOAYOUTUBE4K.csv
5;20260219_UB9J4_LAN_BOOSTCLGA_LOAYOUTUBE4K.csv
5;20260219_UB9J4_LAN_BOOSTCLGA_LOAYOUTUBE4K.csv
5;20260219_UB9J4_LAN_BOOSTCLGA_LOAYOUTUBE4K.csv
5;20260219_UB9J4_LAN_BOOSTCLGA_LOAYOUTUBE4K.csv
9;20260219_UB9J4_LAN_BOOSTCLGA_LOAYOUTUBE4K.csv
6;20260219_UB9J4_LAN_BOOSTCLGA_LOAYOUTUBE4K.csv
6;20260219_UB9J4_LAN_BOOSTCLGA_LOAYOUTUBE4K.csv
6;20260219_UB9J4_LAN_BOOSTCLGA_LOAYOUTUBE4K.csv
5;20260219_UB9J4_LAN_BOOSTCLGA_LOAYOUTUBE4K.csv
5;20260219_UB9J4_LAN_BOOSTCLGA_LOAYOUTUBE4K.csv
5;20260219_UB9J4_LAN_BOOSTCLGA_LOAYOUTUBE4K.csv
5;20260219_UB9J4_LAN_BOOSTCLGA_LOAYOUTUBE4K.csv
5;20260219_UB9J4_LAN_BOOSTCLGA_LOAYOUTUBE4K.csv
5;20260219_UB9J4_LAN_BOOSTCLGA_LOAYOUTUBE4K.csv
5;20260219_UB9J4_LAN_BOOSTCLGA_LOAYOUTUBE4K.csv
5;20260219_UB9J4_LAN_BOOSTCLGA_LOAYOUTUBE4K.csv
5;20260219_UB9J4_LAN_BOOSTCLGA_LOAYOUTUBE4K.csv
5;20260219_UB9J4_LAN_BOOSTCLGA_LOAYOUTUBE4K.csv
49;20260219_UB9J4_LAN_BOOSTCLGA_LOAYOUTUBE4K.csv
43;20260219_UB9J4_LAN_BOOSTCLGA_LOAYOUTUBE4K.csv
8;20260219_UB9J4_LAN_BOOSTCLGA_LOAYOUTUBE4K.csv
6;20260219_UB9J4_LAN_BOOSTCLGA_LOAYOUTUBE4K.csv
6;20260219_UB9J4_LAN_BOOSTCLGA_LOAYOUTUBE4K.csv
5;20260219_UB9J4_LAN_BOOSTCLGA_LOAYOUTUBE4K.csv
5;20260219_UB9J4_LAN_BOOSTCLGA_LOAYOUTUBE4K.csv
5;20260219_UB9J4_LAN_BOOSTCLGA_LOAYOUTUBE4K.csv
5;20260219_UB9J4_LAN_BOOSTCLGA_LOAYOUTUBE4K.csv
5;20260219_UB9J4_LAN_BOOSTCLGA_LOAYOUTUBE4K.csv
5;20260219_UB9J4_LAN_BOOSTCLGA_LOAYOUTUBE4K.csv
5;20260219_UB9J4_LAN_BOOSTCLGA_LOAYOUTUBE4K.csv
5;20260219_UB9J4_LAN_BOOSTCLGA_LOAYOUTUBE4K.csv
5;20260219_UB9J4_LAN_BOOSTCLGA_LOAYOUTUBE4K.csv
5;20260219_UB9J4_LAN_BOOSTCLGA_LOAYOUTUBE4K.csv
5;20260219_UB9J4_LAN_BOOSTCLGA_LOAYOUTUBE4K.csv
5;20260219_UB9J4_LAN_BOOSTCLGA_LOAYOUTUBE4K.csv
5;20260219_UB9J4_LAN_BOOSTCLGA_LOAYOUTUBE4K.csv
5;20260219_UB9J4_LAN_BOOSTCLGA_LOAYOUTUBE4K.csv
5;20260219_UB9J4_LAN_BOOSTCLGA_LOAYOUTUBE4K.csv
5;20260219_UB9J4_LAN_BOOSTCLGA_LOAYOUTUBE4K.csv
5;20260219_UB9J4_LAN_BOOSTCLGA_LOAYOUTUBE4K.csv
5;20260219_UB9J4_LAN_BOOSTCLGA_LOAYOUTUBE4K.csv
5;20260219_UB9J4_LAN_BOOSTCLGA_LOAYOUTUBE4K.csv
5;20260219_UB9J4_LAN_BOOSTCLGA_LOAYOUTUBE4K.csv
5;20260219_UB9J4_LAN_BOOSTCLGA_LOAYOUTUBE4K.csv
5;20260219_UB9J4_LAN_BOOSTCLGA_LOAYOUTUBE4K.csv
5;20260219_UB9J4_LAN_BOOSTCLGA_LOAYOUTUBE4K.csv
6;20260219_UB9J4_LAN_BOOSTCLGA_LOAYOUTUBE4K.csv
5;20260219_UB9J4_LAN_BOOSTCLGA_LOAYOUTUBE4K.csv
5;20260219_UB9J4_LAN_BOOSTCLGA_LOAYOUTUBE4K.csv
5;20260219_UB9J4_LAN_BOOSTCLGA_LOAYOUTUBE4K.csv
6;20260219_UB9J4_LAN_BOOSTCLGA_LOAYOUTUBE4K.csv
5;20260219_UB9J4_LAN_BOOSTCLGA_LOAYOUTUBE4K.csv
6;20260219_UB9J4_LAN_BOOSTCLGA_LOAYOUTUBE4K.csv
5;20260219_UB9J4_LAN_BOOSTCLGA_LOAYOUTUBE4K.csv
6;20260219_UB9J4_LAN_BOOSTCLGA_LOAYOUTUBE4K.csv
5;20260219_UB9J4_LAN_BOOSTCLGA_LOAYOUTUBE4K.csv
5;20260219_UB9J4_LAN_BOOSTCLGA_LOAYOUTUBE4K.csv
6;20260219_UB9J4_LAN_BOOSTCLGA_LOAYOUTUBE4K.csv
6;20260219_UB9J4_LAN_BOOSTCLGA_LOAYOUTUBE4K.csv
5;20260219_UB9J4_LAN_BOOSTCLGA_LOAYOUTUBE4K.csv
5;20260219_UB9J4_LAN_BOOSTCLGA_LOAYOUTUBE4K.csv
5;20260219_UB9J4_LAN_BOOSTCLGA_LOAYOUTUBE4K.csv
5;20260219_UB9J4_LAN_BOOSTCLGA_LOAYOUTUBE4K.csv
5;20260219_UB9J4_LAN_BOOSTCLGA_LOAYOUTUBE4K.csv
5;20260219_UB9J4_LAN_BOOSTCLGA_LOAYOUTUBE4K.csv
5;20260219_UB9J4_LAN_BOOSTCLGA_LOAYOUTUBE4K.csv
5;20260219_UB9J4_LAN_BOOSTCLGA_LOAYOUTUBE4K.csv
5;20260219_UB9J4_LAN_BOOSTCLGA_LOAYOUTUBE4K.csv
5;20260219_UB9J4_LAN_BOOSTCLGA_LOAYOUTUBE4K.csv
92;20260219_UB9J4_LAN_BOOSTCLGA_LOAYOUTUBE4K.csv
20;20260219_UB9J4_LAN_BOOSTCLGA_LOAYOUTUBE4K.csv
6;20260219_UB9J4_LAN_BOOSTCLGA_LOAYOUTUBE4K.csv
6;20260219_UB9J4_LAN_BOOSTCLGA_LOAYOUTUBE4K.csv
6;20260219_UB9J4_LAN_BOOSTCLGA_LOAYOUTUBE4K.csv
5;20260219_UB9J4_LAN_BOOSTCLGA_LOAYOUTUBE4K.csv
5;20260219_UB9J4_LAN_BOOSTCLGA_LOAYOUTUBE4K.csv
5;20260219_UB9J4_LAN_BOOSTCLGA_LOAYOUTUBE4K.csv
5;20260219_UB9J4_LAN_BOOSTCLGA_LOAYOUTUBE4K.csv
5;20260219_UB9J4_LAN_LEGACY083_LOADOFF.csv
6;20260219_UB9J4_LAN_LEGACY083_LOADOFF.csv
5;20260219_UB9J4_LAN_LEGACY083_LOADOFF.csv
5;20260219_UB9J4_LAN_LEGACY083_LOADOFF.csv
12;20260219_UB9J4_LAN_LEGACY083_LOADOFF.csv
6;20260219_UB9J4_LAN_LEGACY083_LOADOFF.csv
6;20260219_UB9J4_LAN_LEGACY083_LOADOFF.csv
6;20260219_UB9J4_LAN_LEGACY083_LOADOFF.csv
6;20260219_UB9J4_LAN_LEGACY083_LOADOFF.csv
5;20260219_UB9J4_LAN_LEGACY083_LOADOFF.csv
6;20260219_UB9J4_LAN_LEGACY083_LOADOFF.csv
6;20260219_UB9J4_LAN_LEGACY083_LOADOFF.csv
6;20260219_UB9J4_LAN_LEGACY083_LOADOFF.csv
6;20260219_UB9J4_LAN_LEGACY083_LOADOFF.csv
6;20260219_UB9J4_LAN_LEGACY083_LOADOFF.csv
6;20260219_UB9J4_LAN_LEGACY083_LOADOFF.csv
6;20260219_UB9J4_LAN_LEGACY083_LOADOFF.csv
5;20260219_UB9J4_LAN_LEGACY083_LOADOFF.csv
5;20260219_UB9J4_LAN_LEGACY083_LOADOFF.csv
6;20260219_UB9J4_LAN_LEGACY083_LOADOFF.csv
6;20260219_UB9J4_LAN_LEGACY083_LOADOFF.csv
6;20260219_UB9J4_LAN_LEGACY083_LOADOFF.csv
6;20260219_UB9J4_LAN_LEGACY083_LOADOFF.csv
6;20260219_UB9J4_LAN_LEGACY083_LOADOFF.csv
6;20260219_UB9J4_LAN_LEGACY083_LOADOFF.csv
6;20260219_UB9J4_LAN_LEGACY083_LOADOFF.csv
6;20260219_UB9J4_LAN_LEGACY083_LOADOFF.csv
6;20260219_UB9J4_LAN_LEGACY083_LOADOFF.csv
6;20260219_UB9J4_LAN_LEGACY083_LOADOFF.csv
6;20260219_UB9J4_LAN_LEGACY083_LOADOFF.csv
6;20260219_UB9J4_LAN_LEGACY083_LOADOFF.csv
6;20260219_UB9J4_LAN_LEGACY083_LOADOFF.csv
6;20260219_UB9J4_LAN_LEGACY083_LOADOFF.csv
6;20260219_UB9J4_LAN_LEGACY083_LOADOFF.csv
6;20260219_UB9J4_LAN_LEGACY083_LOADOFF.csv
6;20260219_UB9J4_LAN_LEGACY083_LOADOFF.csv
6;20260219_UB9J4_LAN_LEGACY083_LOADOFF.csv
6;20260219_UB9J4_LAN_LEGACY083_LOADOFF.csv
6;20260219_UB9J4_LAN_LEGACY083_LOADOFF.csv
6;20260219_UB9J4_LAN_LEGACY083_LOADOFF.csv
6;20260219_UB9J4_LAN_LEGACY083_LOADOFF.csv
6;20260219_UB9J4_LAN_LEGACY083_LOADOFF.csv
6;20260219_UB9J4_LAN_LEGACY083_LOADOFF.csv
6;20260219_UB9J4_LAN_LEGACY083_LOADOFF.csv
6;20260219_UB9J4_LAN_LEGACY083_LOADOFF.csv
6;20260219_UB9J4_LAN_LEGACY083_LOADOFF.csv
6;20260219_UB9J4_LAN_LEGACY083_LOADOFF.csv
5;20260219_UB9J4_LAN_LEGACY083_LOADOFF.csv
6;20260219_UB9J4_LAN_LEGACY083_LOADOFF.csv
5;20260219_UB9J4_LAN_LEGACY083_LOADOFF.csv
6;20260219_UB9J4_LAN_LEGACY083_LOADOFF.csv
6;20260219_UB9J4_LAN_LEGACY083_LOADOFF.csv
6;20260219_UB9J4_LAN_LEGACY083_LOADOFF.csv
6;20260219_UB9J4_LAN_LEGACY083_LOADOFF.csv
6;20260219_UB9J4_LAN_LEGACY083_LOADOFF.csv
6;20260219_UB9J4_LAN_LEGACY083_LOADOFF.csv
6;20260219_UB9J4_LAN_LEGACY083_LOADOFF.csv
6;20260219_UB9J4_LAN_LEGACY083_LOADOFF.csv
6;20260219_UB9J4_LAN_LEGACY083_LOADOFF.csv
6;20260219_UB9J4_LAN_LEGACY083_LOADOFF.csv
6;20260219_UB9J4_LAN_LEGACY083_LOADOFF.csv
6;20260219_UB9J4_LAN_LEGACY083_LOADOFF.csv
6;20260219_UB9J4_LAN_LEGACY083_LOADOFF.csv
6;20260219_UB9J4_LAN_LEGACY083_LOADOFF.csv
6;20260219_UB9J4_LAN_LEGACY083_LOADOFF.csv
6;20260219_UB9J4_LAN_LEGACY083_LOADOFF.csv
6;20260219_UB9J4_LAN_LEGACY083_LOADOFF.csv
6;20260219_UB9J4_LAN_LEGACY083_LOADOFF.csv
6;20260219_UB9J4_LAN_LEGACY083_LOADOFF.csv
6;20260219_UB9J4_LAN_LEGACY083_LOADOFF.csv
6;20260219_UB9J4_LAN_LEGACY083_LOADOFF.csv
6;20260219_UB9J4_LAN_LEGACY083_LOADOFF.csv
6;20260219_UB9J4_LAN_LEGACY083_LOADOFF.csv
6;20260219_UB9J4_LAN_LEGACY083_LOADOFF.csv
6;20260219_UB9J4_LAN_LEGACY083_LOADOFF.csv
6;20260219_UB9J4_LAN_LEGACY083_LOADOFF.csv
6;20260219_UB9J4_LAN_LEGACY083_LOADOFF.csv
6;20260219_UB9J4_LAN_LEGACY083_LOADOFF.csv
6;20260219_UB9J4_LAN_LEGACY083_LOADOFF.csv
6;20260219_UB9J4_LAN_LEGACY083_LOADOFF.csv
5;20260219_UB9J4_LAN_LEGACY083_LOADOFF.csv
6;20260219_UB9J4_LAN_LEGACY083_LOADOFF.csv
6;20260219_UB9J4_LAN_LEGACY083_LOADOFF.csv
6;20260219_UB9J4_LAN_LEGACY083_LOADOFF.csv
6;20260219_UB9J4_LAN_LEGACY083_LOADOFF.csv
6;20260219_UB9J4_LAN_LEGACY083_LOADOFF.csv
6;20260219_UB9J4_LAN_LEGACY083_LOADOFF.csv
6;20260219_UB9J4_LAN_LEGACY083_LOADOFF.csv
6;20260219_UB9J4_LAN_LEGACY083_LOADOFF.csv
5;20260219_UB9J4_LAN_LEGACY083_LOADOFF.csv
6;20260219_UB9J4_LAN_LEGACY083_LOADOFF.csv
6;20260219_UB9J4_LAN_LEGACY083_LOADOFF.csv
6;20260219_UB9J4_LAN_LEGACY083_LOADOFF.csv
6;20260219_UB9J4_LAN_LEGACY083_LOADOFF.csv
6;20260219_UB9J4_LAN_LEGACY083_LOADOFF.csv
6;20260219_UB9J4_LAN_LEGACY083_LOADOFF.csv
6;20260219_UB9J4_LAN_LEGACY083_LOADOFF.csv
6;20260219_UB9J4_LAN_LEGACY083_LOADOFF.csv
6;20260219_UB9J4_LAN_LEGACY083_LOADOFF.csv
6;20260219_UB9J4_LAN_LEGACY083_LOADOFF.csv
6;20260219_UB9J4_LAN_LEGACY083_LOADOFF.csv
6;20260219_UB9J4_LAN_LEGACY083_LOADOFF.csv
6;20260219_UB9J4_LAN_LEGACY083_LOADOFF.csv
6;20260219_UB9J4_LAN_LEGACY083_LOADOFF.csv
5;20260219_UB9J4_LAN_LEGACY083_LOADOFF.csv
6;20260219_UB9J4_LAN_LEGACY083_LOADOFF.csv
6;20260219_UB9J4_LAN_LEGACY083_LOADOFF.csv
6;20260219_UB9J4_LAN_LEGACY083_LOADOFF.csv
6;20260219_UB9J4_LAN_LEGACY083_LOADOFF.csv
6;20260219_UB9J4_LAN_LEGACY083_LOADOFF.csv
6;20260219_UB9J4_LAN_LEGACY083_LOADOFF.csv
6;20260219_UB9J4_LAN_LEGACY083_LOADOFF.csv
6;20260219_UB9J4_LAN_LEGACY083_LOADOFF.csv
6;20260219_UB9J4_LAN_LEGACY083_LOADOFF.csv
6;20260219_UB9J4_LAN_LEGACY083_LOADOFF.csv
6;20260219_UB9J4_LAN_LEGACY083_LOADOFF.csv
6;20260219_UB9J4_LAN_LEGACY083_LOADOFF.csv
6;20260219_UB9J4_LAN_LEGACY083_LOADOFF.csv
6;20260219_UB9J4_LAN_LEGACY083_LOADOFF.csv
6;20260219_UB9J4_LAN_LEGACY083_LOADOFF.csv
6;20260219_UB9J4_LAN_LEGACY083_LOADOFF.csv
6;20260219_UB9J4_LAN_LEGACY083_LOADOFF.csv
6;20260219_UB9J4_LAN_LEGACY083_LOADOFF.csv
6;20260219_UB9J4_LAN_LEGACY083_LOADOFF.csv
6;20260219_UB9J4_LAN_LEGACY083_LOADOFF.csv
6;20260219_UB9J4_LAN_LEGACY083_LOADOFF.csv
6;20260219_UB9J4_LAN_LEGACY083_LOADOFF.csv
6;20260219_UB9J4_LAN_LEGACY083_LOADOFF.csv
6;20260219_UB9J4_LAN_LEGACY083_LOADOFF.csv
6;20260219_UB9J4_LAN_LEGACY083_LOADOFF.csv
6;20260219_UB9J4_LAN_LEGACY083_LOADOFF.csv
6;20260219_UB9J4_LAN_LEGACY083_LOADOFF.csv
6;20260219_UB9J4_LAN_LEGACY083_LOADOFF.csv
6;20260219_UB9J4_LAN_LEGACY083_LOADOFF.csv
6;20260219_UB9J4_LAN_LEGACY083_LOADOFF.csv
6;20260219_UB9J4_LAN_LEGACY083_LOADOFF.csv
6;20260219_UB9J4_LAN_LEGACY083_LOADOFF.csv
6;20260219_UB9J4_LAN_LEGACY083_LOADOFF.csv
6;20260219_UB9J4_LAN_LEGACY083_LOADOFF.csv
5;20260219_UB9J4_LAN_LEGACY083_LOADOFF.csv
6;20260219_UB9J4_LAN_LEGACY083_LOADOFF.csv
6;20260219_UB9J4_LAN_LEGACY083_LOADOFF.csv
6;20260219_UB9J4_LAN_LEGACY083_LOADOFF.csv
6;20260219_UB9J4_LAN_LEGACY083_LOADOFF.csv
6;20260219_UB9J4_LAN_LEGACY083_LOADOFF.csv
6;20260219_UB9J4_LAN_LEGACY083_LOADOFF.csv
6;20260219_UB9J4_LAN_LEGACY083_LOADOFF.csv
6;20260219_UB9J4_LAN_LEGACY083_LOADOFF.csv
5;20260219_UB9J4_LAN_LEGACY083_LOADOFF.csv
6;20260219_UB9J4_LAN_LEGACY083_LOADOFF.csv
6;20260219_UB9J4_LAN_LEGACY083_LOADOFF.csv
6;20260219_UB9J4_LAN_LEGACY083_LOADOFF.csv
6;20260219_UB9J4_LAN_LEGACY083_LOADOFF.csv
6;20260219_UB9J4_LAN_LEGACY083_LOADOFF.csv
6;20260219_UB9J4_LAN_LEGACY083_LOADOFF.csv
6;20260219_UB9J4_LAN_LEGACY083_LOADOFF.csv
6;20260219_UB9J4_LAN_LEGACY083_LOADOFF.csv
6;20260219_UB9J4_LAN_LEGACY083_LOADOFF.csv
6;20260219_UB9J4_LAN_LEGACY083_LOADOFF.csv
5;20260219_UB9J4_LAN_LEGACY083_LOADOFF.csv
6;20260219_UB9J4_LAN_LEGACY083_LOADOFF.csv
6;20260219_UB9J4_LAN_LEGACY083_LOADOFF.csv
6;20260219_UB9J4_LAN_LEGACY083_LOADOFF.csv
6;20260219_UB9J4_LAN_LEGACY083_LOADOFF.csv
6;20260219_UB9J4_LAN_LEGACY083_LOADOFF.csv
6;20260219_UB9J4_LAN_LEGACY083_LOADOFF.csv
6;20260219_UB9J4_LAN_LEGACY083_LOADOFF.csv
5;20260219_UB9J4_LAN_LEGACY083_LOADOFF.csv
6;20260219_UB9J4_LAN_LEGACY083_LOADOFF.csv
6;20260219_UB9J4_LAN_LEGACY083_LOADOFF.csv
6;20260219_UB9J4_LAN_LEGACY083_LOADOFF.csv
6;20260219_UB9J4_LAN_LEGACY083_LOADOFF.csv
6;20260219_UB9J4_LAN_LEGACY083_LOADOFF.csv
6;20260219_UB9J4_LAN_LEGACY083_LOADOFF.csv
6;20260219_UB9J4_LAN_LEGACY083_LOADOFF.csv
6;20260219_UB9J4_LAN_LEGACY083_LOADOFF.csv
6;20260219_UB9J4_LAN_LEGACY083_LOADOFF.csv
6;20260219_UB9J4_LAN_LEGACY083_LOADOFF.csv
6;20260219_UB9J4_LAN_LEGACY083_LOADOFF.csv
6;20260219_UB9J4_LAN_LEGACY083_LOADOFF.csv
6;20260219_UB9J4_LAN_LEGACY083_LOADOFF.csv
6;20260219_UB9J4_LAN_LEGACY083_LOADOFF.csv
5;20260219_UB9J4_LAN_LEGACY083_LOADOFF.csv
6;20260219_UB9J4_LAN_LEGACY083_LOADOFF.csv
6;20260219_UB9J4_LAN_LEGACY083_LOADOFF.csv
6;20260219_UB9J4_LAN_LEGACY083_LOADOFF.csv
6;20260219_UB9J4_LAN_LEGACY083_LOADOFF.csv
6;20260219_UB9J4_LAN_LEGACY083_LOADOFF.csv
6;20260219_UB9J4_LAN_LEGACY083_LOADOFF.csv
6;20260219_UB9J4_LAN_LEGACY083_LOADOFF.csv
6;20260219_UB9J4_LAN_LEGACY083_LOADOFF.csv
6;20260219_UB9J4_LAN_LEGACY083_LOADOFF.csv
6;20260219_UB9J4_LAN_LEGACY083_LOADOFF.csv
6;20260219_UB9J4_LAN_LEGACY083_LOADOFF.csv
6;20260219_UB9J4_LAN_LEGACY083_LOADOFF.csv
6;20260219_UB9J4_LAN_LEGACY083_LOADOFF.csv
6;20260219_UB9J4_LAN_LEGACY083_LOADOFF.csv
6;20260219_UB9J4_LAN_LEGACY083_LOADOFF.csv
6;20260219_UB9J4_LAN_LEGACY083_LOADOFF.csv
6;20260219_UB9J4_LAN_LEGACY083_LOADOFF.csv
6;20260219_UB9J4_LAN_LEGACY083_LOADTCP8P.csv
5;20260219_UB9J4_LAN_LEGACY083_LOADTCP8P.csv
5;20260219_UB9J4_LAN_LEGACY083_LOADTCP8P.csv
5;20260219_UB9J4_LAN_LEGACY083_LOADTCP8P.csv
5;20260219_UB9J4_LAN_LEGACY083_LOADTCP8P.csv
25;20260219_UB9J4_LAN_LEGACY083_LOADTCP8P.csv
23;20260219_UB9J4_LAN_LEGACY083_LOADTCP8P.csv
23;20260219_UB9J4_LAN_LEGACY083_LOADTCP8P.csv
29;20260219_UB9J4_LAN_LEGACY083_LOADTCP8P.csv
17;20260219_UB9J4_LAN_LEGACY083_LOADTCP8P.csv
23;20260219_UB9J4_LAN_LEGACY083_LOADTCP8P.csv
8;20260219_UB9J4_LAN_LEGACY083_LOADTCP8P.csv
15;20260219_UB9J4_LAN_LEGACY083_LOADTCP8P.csv
19;20260219_UB9J4_LAN_LEGACY083_LOADTCP8P.csv
28;20260219_UB9J4_LAN_LEGACY083_LOADTCP8P.csv
20;20260219_UB9J4_LAN_LEGACY083_LOADTCP8P.csv
30;20260219_UB9J4_LAN_LEGACY083_LOADTCP8P.csv
30;20260219_UB9J4_LAN_LEGACY083_LOADTCP8P.csv
24;20260219_UB9J4_LAN_LEGACY083_LOADTCP8P.csv
20;20260219_UB9J4_LAN_LEGACY083_LOADTCP8P.csv
22;20260219_UB9J4_LAN_LEGACY083_LOADTCP8P.csv
19;20260219_UB9J4_LAN_LEGACY083_LOADTCP8P.csv
23;20260219_UB9J4_LAN_LEGACY083_LOADTCP8P.csv
28;20260219_UB9J4_LAN_LEGACY083_LOADTCP8P.csv
23;20260219_UB9J4_LAN_LEGACY083_LOADTCP8P.csv
21;20260219_UB9J4_LAN_LEGACY083_LOADTCP8P.csv
28;20260219_UB9J4_LAN_LEGACY083_LOADTCP8P.csv
26;20260219_UB9J4_LAN_LEGACY083_LOADTCP8P.csv
23;20260219_UB9J4_LAN_LEGACY083_LOADTCP8P.csv
26;20260219_UB9J4_LAN_LEGACY083_LOADTCP8P.csv
23;20260219_UB9J4_LAN_LEGACY083_LOADTCP8P.csv
27;20260219_UB9J4_LAN_LEGACY083_LOADTCP8P.csv
27;20260219_UB9J4_LAN_LEGACY083_LOADTCP8P.csv
24;20260219_UB9J4_LAN_LEGACY083_LOADTCP8P.csv
21;20260219_UB9J4_LAN_LEGACY083_LOADTCP8P.csv
25;20260219_UB9J4_LAN_LEGACY083_LOADTCP8P.csv
27;20260219_UB9J4_LAN_LEGACY083_LOADTCP8P.csv
20;20260219_UB9J4_LAN_LEGACY083_LOADTCP8P.csv
23;20260219_UB9J4_LAN_LEGACY083_LOADTCP8P.csv
27;20260219_UB9J4_LAN_LEGACY083_LOADTCP8P.csv
23;20260219_UB9J4_LAN_LEGACY083_LOADTCP8P.csv
28;20260219_UB9J4_LAN_LEGACY083_LOADTCP8P.csv
25;20260219_UB9J4_LAN_LEGACY083_LOADTCP8P.csv
29;20260219_UB9J4_LAN_LEGACY083_LOADTCP8P.csv
28;20260219_UB9J4_LAN_LEGACY083_LOADTCP8P.csv
27;20260219_UB9J4_LAN_LEGACY083_LOADTCP8P.csv
22;20260219_UB9J4_LAN_LEGACY083_LOADTCP8P.csv
25;20260219_UB9J4_LAN_LEGACY083_LOADTCP8P.csv
22;20260219_UB9J4_LAN_LEGACY083_LOADTCP8P.csv
23;20260219_UB9J4_LAN_LEGACY083_LOADTCP8P.csv
25;20260219_UB9J4_LAN_LEGACY083_LOADTCP8P.csv
21;20260219_UB9J4_LAN_LEGACY083_LOADTCP8P.csv
26;20260219_UB9J4_LAN_LEGACY083_LOADTCP8P.csv
24;20260219_UB9J4_LAN_LEGACY083_LOADTCP8P.csv
23;20260219_UB9J4_LAN_LEGACY083_LOADTCP8P.csv
24;20260219_UB9J4_LAN_LEGACY083_LOADTCP8P.csv
26;20260219_UB9J4_LAN_LEGACY083_LOADTCP8P.csv
24;20260219_UB9J4_LAN_LEGACY083_LOADTCP8P.csv
22;20260219_UB9J4_LAN_LEGACY083_LOADTCP8P.csv
29;20260219_UB9J4_LAN_LEGACY083_LOADTCP8P.csv
30;20260219_UB9J4_LAN_LEGACY083_LOADTCP8P.csv
27;20260219_UB9J4_LAN_LEGACY083_LOADTCP8P.csv
25;20260219_UB9J4_LAN_LEGACY083_LOADTCP8P.csv
25;20260219_UB9J4_LAN_LEGACY083_LOADTCP8P.csv
24;20260219_UB9J4_LAN_LEGACY083_LOADTCP8P.csv
25;20260219_UB9J4_LAN_LEGACY083_LOADTCP8P.csv
25;20260219_UB9J4_LAN_LEGACY083_LOADTCP8P.csv
25;20260219_UB9J4_LAN_LEGACY083_LOADTCP8P.csv
27;20260219_UB9J4_LAN_LEGACY083_LOADTCP8P.csv
26;20260219_UB9J4_LAN_LEGACY083_LOADTCP8P.csv
25;20260219_UB9J4_LAN_LEGACY083_LOADTCP8P.csv
21;20260219_UB9J4_LAN_LEGACY083_LOADTCP8P.csv
21;20260219_UB9J4_LAN_LEGACY083_LOADTCP8P.csv
29;20260219_UB9J4_LAN_LEGACY083_LOADTCP8P.csv
26;20260219_UB9J4_LAN_LEGACY083_LOADTCP8P.csv
25;20260219_UB9J4_LAN_LEGACY083_LOADTCP8P.csv
27;20260219_UB9J4_LAN_LEGACY083_LOADTCP8P.csv
24;20260219_UB9J4_LAN_LEGACY083_LOADTCP8P.csv
26;20260219_UB9J4_LAN_LEGACY083_LOADTCP8P.csv
25;20260219_UB9J4_LAN_LEGACY083_LOADTCP8P.csv
25;20260219_UB9J4_LAN_LEGACY083_LOADTCP8P.csv
22;20260219_UB9J4_LAN_LEGACY083_LOADTCP8P.csv
29;20260219_UB9J4_LAN_LEGACY083_LOADTCP8P.csv
24;20260219_UB9J4_LAN_LEGACY083_LOADTCP8P.csv
22;20260219_UB9J4_LAN_LEGACY083_LOADTCP8P.csv
26;20260219_UB9J4_LAN_LEGACY083_LOADTCP8P.csv
23;20260219_UB9J4_LAN_LEGACY083_LOADTCP8P.csv
27;20260219_UB9J4_LAN_LEGACY083_LOADTCP8P.csv
22;20260219_UB9J4_LAN_LEGACY083_LOADTCP8P.csv
24;20260219_UB9J4_LAN_LEGACY083_LOADTCP8P.csv
25;20260219_UB9J4_LAN_LEGACY083_LOADTCP8P.csv
25;20260219_UB9J4_LAN_LEGACY083_LOADTCP8P.csv
27;20260219_UB9J4_LAN_LEGACY083_LOADTCP8P.csv
25;20260219_UB9J4_LAN_LEGACY083_LOADTCP8P.csv
25;20260219_UB9J4_LAN_LEGACY083_LOADTCP8P.csv
32;20260219_UB9J4_LAN_LEGACY083_LOADTCP8P.csv
27;20260219_UB9J4_LAN_LEGACY083_LOADTCP8P.csv
27;20260219_UB9J4_LAN_LEGACY083_LOADTCP8P.csv
26;20260219_UB9J4_LAN_LEGACY083_LOADTCP8P.csv
26;20260219_UB9J4_LAN_LEGACY083_LOADTCP8P.csv
26;20260219_UB9J4_LAN_LEGACY083_LOADTCP8P.csv
28;20260219_UB9J4_LAN_LEGACY083_LOADTCP8P.csv
29;20260219_UB9J4_LAN_LEGACY083_LOADTCP8P.csv
29;20260219_UB9J4_LAN_LEGACY083_LOADTCP8P.csv
27;20260219_UB9J4_LAN_LEGACY083_LOADTCP8P.csv
27;20260219_UB9J4_LAN_LEGACY083_LOADTCP8P.csv
26;20260219_UB9J4_LAN_LEGACY083_LOADTCP8P.csv
30;20260219_UB9J4_LAN_LEGACY083_LOADTCP8P.csv
30;20260219_UB9J4_LAN_LEGACY083_LOADTCP8P.csv
23;20260219_UB9J4_LAN_LEGACY083_LOADTCP8P.csv
22;20260219_UB9J4_LAN_LEGACY083_LOADTCP8P.csv
22;20260219_UB9J4_LAN_LEGACY083_LOADTCP8P.csv
29;20260219_UB9J4_LAN_LEGACY083_LOADTCP8P.csv
26;20260219_UB9J4_LAN_LEGACY083_LOADTCP8P.csv
20;20260219_UB9J4_LAN_LEGACY083_LOADTCP8P.csv
31;20260219_UB9J4_LAN_LEGACY083_LOADTCP8P.csv
21;20260219_UB9J4_LAN_LEGACY083_LOADTCP8P.csv
25;20260219_UB9J4_LAN_LEGACY083_LOADTCP8P.csv
22;20260219_UB9J4_LAN_LEGACY083_LOADTCP8P.csv
24;20260219_UB9J4_LAN_LEGACY083_LOADTCP8P.csv
26;20260219_UB9J4_LAN_LEGACY083_LOADTCP8P.csv
25;20260219_UB9J4_LAN_LEGACY083_LOADTCP8P.csv
21;20260219_UB9J4_LAN_LEGACY083_LOADTCP8P.csv
26;20260219_UB9J4_LAN_LEGACY083_LOADTCP8P.csv
21;20260219_UB9J4_LAN_LEGACY083_LOADTCP8P.csv
24;20260219_UB9J4_LAN_LEGACY083_LOADTCP8P.csv
29;20260219_UB9J4_LAN_LEGACY083_LOADTCP8P.csv
25;20260219_UB9J4_LAN_LEGACY083_LOADTCP8P.csv
29;20260219_UB9J4_LAN_LEGACY083_LOADTCP8P.csv
25;20260219_UB9J4_LAN_LEGACY083_LOADTCP8P.csv
22;20260219_UB9J4_LAN_LEGACY083_LOADTCP8P.csv
24;20260219_UB9J4_LAN_LEGACY083_LOADTCP8P.csv
29;20260219_UB9J4_LAN_LEGACY083_LOADTCP8P.csv
28;20260219_UB9J4_LAN_LEGACY083_LOADTCP8P.csv
28;20260219_UB9J4_LAN_LEGACY083_LOADTCP8P.csv
23;20260219_UB9J4_LAN_LEGACY083_LOADTCP8P.csv
28;20260219_UB9J4_LAN_LEGACY083_LOADTCP8P.csv
22;20260219_UB9J4_LAN_LEGACY083_LOADTCP8P.csv
27;20260219_UB9J4_LAN_LEGACY083_LOADTCP8P.csv
25;20260219_UB9J4_LAN_LEGACY083_LOADTCP8P.csv
20;20260219_UB9J4_LAN_LEGACY083_LOADTCP8P.csv
30;20260219_UB9J4_LAN_LEGACY083_LOADTCP8P.csv
26;20260219_UB9J4_LAN_LEGACY083_LOADTCP8P.csv
30;20260219_UB9J4_LAN_LEGACY083_LOADTCP8P.csv
27;20260219_UB9J4_LAN_LEGACY083_LOADTCP8P.csv
23;20260219_UB9J4_LAN_LEGACY083_LOADTCP8P.csv
23;20260219_UB9J4_LAN_LEGACY083_LOADTCP8P.csv
25;20260219_UB9J4_LAN_LEGACY083_LOADTCP8P.csv
20;20260219_UB9J4_LAN_LEGACY083_LOADTCP8P.csv
26;20260219_UB9J4_LAN_LEGACY083_LOADTCP8P.csv
25;20260219_UB9J4_LAN_LEGACY083_LOADTCP8P.csv
23;20260219_UB9J4_LAN_LEGACY083_LOADTCP8P.csv
24;20260219_UB9J4_LAN_LEGACY083_LOADTCP8P.csv
28;20260219_UB9J4_LAN_LEGACY083_LOADTCP8P.csv
22;20260219_UB9J4_LAN_LEGACY083_LOADTCP8P.csv
27;20260219_UB9J4_LAN_LEGACY083_LOADTCP8P.csv
26;20260219_UB9J4_LAN_LEGACY083_LOADTCP8P.csv
25;20260219_UB9J4_LAN_LEGACY083_LOADTCP8P.csv
25;20260219_UB9J4_LAN_LEGACY083_LOADTCP8P.csv
25;20260219_UB9J4_LAN_LEGACY083_LOADTCP8P.csv
31;20260219_UB9J4_LAN_LEGACY083_LOADTCP8P.csv
25;20260219_UB9J4_LAN_LEGACY083_LOADTCP8P.csv
26;20260219_UB9J4_LAN_LEGACY083_LOADTCP8P.csv
23;20260219_UB9J4_LAN_LEGACY083_LOADTCP8P.csv
21;20260219_UB9J4_LAN_LEGACY083_LOADTCP8P.csv
32;20260219_UB9J4_LAN_LEGACY083_LOADTCP8P.csv
21;20260219_UB9J4_LAN_LEGACY083_LOADTCP8P.csv
30;20260219_UB9J4_LAN_LEGACY083_LOADTCP8P.csv
24;20260219_UB9J4_LAN_LEGACY083_LOADTCP8P.csv
21;20260219_UB9J4_LAN_LEGACY083_LOADTCP8P.csv
31;20260219_UB9J4_LAN_LEGACY083_LOADTCP8P.csv
25;20260219_UB9J4_LAN_LEGACY083_LOADTCP8P.csv
24;20260219_UB9J4_LAN_LEGACY083_LOADTCP8P.csv
26;20260219_UB9J4_LAN_LEGACY083_LOADTCP8P.csv
23;20260219_UB9J4_LAN_LEGACY083_LOADTCP8P.csv
28;20260219_UB9J4_LAN_LEGACY083_LOADTCP8P.csv
24;20260219_UB9J4_LAN_LEGACY083_LOADTCP8P.csv
24;20260219_UB9J4_LAN_LEGACY083_LOADTCP8P.csv
26;20260219_UB9J4_LAN_LEGACY083_LOADTCP8P.csv
24;20260219_UB9J4_LAN_LEGACY083_LOADTCP8P.csv
24;20260219_UB9J4_LAN_LEGACY083_LOADTCP8P.csv
24;20260219_UB9J4_LAN_LEGACY083_LOADTCP8P.csv
21;20260219_UB9J4_LAN_LEGACY083_LOADTCP8P.csv
20;20260219_UB9J4_LAN_LEGACY083_LOADTCP8P.csv
31;20260219_UB9J4_LAN_LEGACY083_LOADTCP8P.csv
22;20260219_UB9J4_LAN_LEGACY083_LOADTCP8P.csv
12;20260219_UB9J4_LAN_LEGACY083_LOADTCP8P.csv
6;20260219_UB9J4_LAN_LEGACY083_LOADTCP8P.csv
22;20260219_UB9J4_LAN_LEGACY083_LOADTCP8P.csv
26;20260219_UB9J4_LAN_LEGACY083_LOADTCP8P.csv
19;20260219_UB9J4_LAN_LEGACY083_LOADTCP8P.csv
30;20260219_UB9J4_LAN_LEGACY083_LOADTCP8P.csv
23;20260219_UB9J4_LAN_LEGACY083_LOADTCP8P.csv
27;20260219_UB9J4_LAN_LEGACY083_LOADTCP8P.csv
26;20260219_UB9J4_LAN_LEGACY083_LOADTCP8P.csv
26;20260219_UB9J4_LAN_LEGACY083_LOADTCP8P.csv
35;20260219_UB9J4_LAN_LEGACY083_LOADTCP8P.csv
27;20260219_UB9J4_LAN_LEGACY083_LOADTCP8P.csv
21;20260219_UB9J4_LAN_LEGACY083_LOADTCP8P.csv
33;20260219_UB9J4_LAN_LEGACY083_LOADTCP8P.csv
5;20260219_UB9J4_LAN_LEGACY083_LOADYOUTUBE4K.csv
6;20260219_UB9J4_LAN_LEGACY083_LOADYOUTUBE4K.csv
6;20260219_UB9J4_LAN_LEGACY083_LOADYOUTUBE4K.csv
6;20260219_UB9J4_LAN_LEGACY083_LOADYOUTUBE4K.csv
6;20260219_UB9J4_LAN_LEGACY083_LOADYOUTUBE4K.csv
6;20260219_UB9J4_LAN_LEGACY083_LOADYOUTUBE4K.csv
6;20260219_UB9J4_LAN_LEGACY083_LOADYOUTUBE4K.csv
6;20260219_UB9J4_LAN_LEGACY083_LOADYOUTUBE4K.csv
6;20260219_UB9J4_LAN_LEGACY083_LOADYOUTUBE4K.csv
6;20260219_UB9J4_LAN_LEGACY083_LOADYOUTUBE4K.csv
6;20260219_UB9J4_LAN_LEGACY083_LOADYOUTUBE4K.csv
6;20260219_UB9J4_LAN_LEGACY083_LOADYOUTUBE4K.csv
6;20260219_UB9J4_LAN_LEGACY083_LOADYOUTUBE4K.csv
6;20260219_UB9J4_LAN_LEGACY083_LOADYOUTUBE4K.csv
6;20260219_UB9J4_LAN_LEGACY083_LOADYOUTUBE4K.csv
6;20260219_UB9J4_LAN_LEGACY083_LOADYOUTUBE4K.csv
5;20260219_UB9J4_LAN_LEGACY083_LOADYOUTUBE4K.csv
6;20260219_UB9J4_LAN_LEGACY083_LOADYOUTUBE4K.csv
18;20260219_UB9J4_LAN_LEGACY083_LOADYOUTUBE4K.csv
8;20260219_UB9J4_LAN_LEGACY083_LOADYOUTUBE4K.csv
15;20260219_UB9J4_LAN_LEGACY083_LOADYOUTUBE4K.csv
12;20260219_UB9J4_LAN_LEGACY083_LOADYOUTUBE4K.csv
12;20260219_UB9J4_LAN_LEGACY083_LOADYOUTUBE4K.csv
8;20260219_UB9J4_LAN_LEGACY083_LOADYOUTUBE4K.csv
11;20260219_UB9J4_LAN_LEGACY083_LOADYOUTUBE4K.csv
14;20260219_UB9J4_LAN_LEGACY083_LOADYOUTUBE4K.csv
10;20260219_UB9J4_LAN_LEGACY083_LOADYOUTUBE4K.csv
6;20260219_UB9J4_LAN_LEGACY083_LOADYOUTUBE4K.csv
6;20260219_UB9J4_LAN_LEGACY083_LOADYOUTUBE4K.csv
6;20260219_UB9J4_LAN_LEGACY083_LOADYOUTUBE4K.csv
6;20260219_UB9J4_LAN_LEGACY083_LOADYOUTUBE4K.csv
8;20260219_UB9J4_LAN_LEGACY083_LOADYOUTUBE4K.csv
15;20260219_UB9J4_LAN_LEGACY083_LOADYOUTUBE4K.csv
9;20260219_UB9J4_LAN_LEGACY083_LOADYOUTUBE4K.csv
7;20260219_UB9J4_LAN_LEGACY083_LOADYOUTUBE4K.csv
6;20260219_UB9J4_LAN_LEGACY083_LOADYOUTUBE4K.csv
7;20260219_UB9J4_LAN_LEGACY083_LOADYOUTUBE4K.csv
7;20260219_UB9J4_LAN_LEGACY083_LOADYOUTUBE4K.csv
7;20260219_UB9J4_LAN_LEGACY083_LOADYOUTUBE4K.csv
6;20260219_UB9J4_LAN_LEGACY083_LOADYOUTUBE4K.csv
6;20260219_UB9J4_LAN_LEGACY083_LOADYOUTUBE4K.csv
6;20260219_UB9J4_LAN_LEGACY083_LOADYOUTUBE4K.csv
6;20260219_UB9J4_LAN_LEGACY083_LOADYOUTUBE4K.csv
6;20260219_UB9J4_LAN_LEGACY083_LOADYOUTUBE4K.csv
7;20260219_UB9J4_LAN_LEGACY083_LOADYOUTUBE4K.csv
9;20260219_UB9J4_LAN_LEGACY083_LOADYOUTUBE4K.csv
6;20260219_UB9J4_LAN_LEGACY083_LOADYOUTUBE4K.csv
7;20260219_UB9J4_LAN_LEGACY083_LOADYOUTUBE4K.csv
6;20260219_UB9J4_LAN_LEGACY083_LOADYOUTUBE4K.csv
6;20260219_UB9J4_LAN_LEGACY083_LOADYOUTUBE4K.csv
7;20260219_UB9J4_LAN_LEGACY083_LOADYOUTUBE4K.csv
6;20260219_UB9J4_LAN_LEGACY083_LOADYOUTUBE4K.csv
6;20260219_UB9J4_LAN_LEGACY083_LOADYOUTUBE4K.csv
6;20260219_UB9J4_LAN_LEGACY083_LOADYOUTUBE4K.csv
6;20260219_UB9J4_LAN_LEGACY083_LOADYOUTUBE4K.csv
6;20260219_UB9J4_LAN_LEGACY083_LOADYOUTUBE4K.csv
5;20260219_UB9J4_LAN_LEGACY083_LOADYOUTUBE4K.csv
6;20260219_UB9J4_LAN_LEGACY083_LOADYOUTUBE4K.csv
6;20260219_UB9J4_LAN_LEGACY083_LOADYOUTUBE4K.csv
6;20260219_UB9J4_LAN_LEGACY083_LOADYOUTUBE4K.csv
16;20260219_UB9J4_LAN_LEGACY083_LOADYOUTUBE4K.csv
10;20260219_UB9J4_LAN_LEGACY083_LOADYOUTUBE4K.csv
10;20260219_UB9J4_LAN_LEGACY083_LOADYOUTUBE4K.csv
10;20260219_UB9J4_LAN_LEGACY083_LOADYOUTUBE4K.csv
9;20260219_UB9J4_LAN_LEGACY083_LOADYOUTUBE4K.csv
7;20260219_UB9J4_LAN_LEGACY083_LOADYOUTUBE4K.csv
13;20260219_UB9J4_LAN_LEGACY083_LOADYOUTUBE4K.csv
14;20260219_UB9J4_LAN_LEGACY083_LOADYOUTUBE4K.csv
8;20260219_UB9J4_LAN_LEGACY083_LOADYOUTUBE4K.csv
6;20260219_UB9J4_LAN_LEGACY083_LOADYOUTUBE4K.csv
6;20260219_UB9J4_LAN_LEGACY083_LOADYOUTUBE4K.csv
6;20260219_UB9J4_LAN_LEGACY083_LOADYOUTUBE4K.csv
13;20260219_UB9J4_LAN_LEGACY083_LOADYOUTUBE4K.csv
7;20260219_UB9J4_LAN_LEGACY083_LOADYOUTUBE4K.csv
6;20260219_UB9J4_LAN_LEGACY083_LOADYOUTUBE4K.csv
6;20260219_UB9J4_LAN_LEGACY083_LOADYOUTUBE4K.csv
6;20260219_UB9J4_LAN_LEGACY083_LOADYOUTUBE4K.csv
6;20260219_UB9J4_LAN_LEGACY083_LOADYOUTUBE4K.csv
6;20260219_UB9J4_LAN_LEGACY083_LOADYOUTUBE4K.csv
6;20260219_UB9J4_LAN_LEGACY083_LOADYOUTUBE4K.csv
6;20260219_UB9J4_LAN_LEGACY083_LOADYOUTUBE4K.csv
6;20260219_UB9J4_LAN_LEGACY083_LOADYOUTUBE4K.csv
6;20260219_UB9J4_LAN_LEGACY083_LOADYOUTUBE4K.csv
6;20260219_UB9J4_LAN_LEGACY083_LOADYOUTUBE4K.csv
27;20260219_UB9J4_LAN_LEGACY083_LOADYOUTUBE4K.csv
8;20260219_UB9J4_LAN_LEGACY083_LOADYOUTUBE4K.csv
6;20260219_UB9J4_LAN_LEGACY083_LOADYOUTUBE4K.csv
8;20260219_UB9J4_LAN_LEGACY083_LOADYOUTUBE4K.csv
6;20260219_UB9J4_LAN_LEGACY083_LOADYOUTUBE4K.csv
10;20260219_UB9J4_LAN_LEGACY083_LOADYOUTUBE4K.csv
9;20260219_UB9J4_LAN_LEGACY083_LOADYOUTUBE4K.csv
7;20260219_UB9J4_LAN_LEGACY083_LOADYOUTUBE4K.csv
6;20260219_UB9J4_LAN_LEGACY083_LOADYOUTUBE4K.csv
8;20260219_UB9J4_LAN_LEGACY083_LOADYOUTUBE4K.csv
6;20260219_UB9J4_LAN_LEGACY083_LOADYOUTUBE4K.csv
6;20260219_UB9J4_LAN_LEGACY083_LOADYOUTUBE4K.csv
13;20260219_UB9J4_LAN_LEGACY083_LOADYOUTUBE4K.csv
9;20260219_UB9J4_LAN_LEGACY083_LOADYOUTUBE4K.csv
7;20260219_UB9J4_LAN_LEGACY083_LOADYOUTUBE4K.csv
7;20260219_UB9J4_LAN_LEGACY083_LOADYOUTUBE4K.csv
7;20260219_UB9J4_LAN_LEGACY083_LOADYOUTUBE4K.csv
6;20260219_UB9J4_LAN_LEGACY083_LOADYOUTUBE4K.csv
6;20260219_UB9J4_LAN_LEGACY083_LOADYOUTUBE4K.csv
6;20260219_UB9J4_LAN_LEGACY083_LOADYOUTUBE4K.csv
6;20260219_UB9J4_LAN_LEGACY083_LOADYOUTUBE4K.csv
6;20260219_UB9J4_LAN_LEGACY083_LOADYOUTUBE4K.csv
13;20260219_UB9J4_LAN_LEGACY083_LOADYOUTUBE4K.csv
7;20260219_UB9J4_LAN_LEGACY083_LOADYOUTUBE4K.csv
7;20260219_UB9J4_LAN_LEGACY083_LOADYOUTUBE4K.csv
7;20260219_UB9J4_LAN_LEGACY083_LOADYOUTUBE4K.csv
6;20260219_UB9J4_LAN_LEGACY083_LOADYOUTUBE4K.csv
7;20260219_UB9J4_LAN_LEGACY083_LOADYOUTUBE4K.csv
6;20260219_UB9J4_LAN_LEGACY083_LOADYOUTUBE4K.csv
10;20260219_UB9J4_LAN_LEGACY083_LOADYOUTUBE4K.csv
7;20260219_UB9J4_LAN_LEGACY083_LOADYOUTUBE4K.csv
6;20260219_UB9J4_LAN_LEGACY083_LOADYOUTUBE4K.csv
9;20260219_UB9J4_LAN_LEGACY083_LOADYOUTUBE4K.csv
7;20260219_UB9J4_LAN_LEGACY083_LOADYOUTUBE4K.csv
6;20260219_UB9J4_LAN_LEGACY083_LOADYOUTUBE4K.csv
6;20260219_UB9J4_LAN_LEGACY083_LOADYOUTUBE4K.csv
6;20260219_UB9J4_LAN_LEGACY083_LOADYOUTUBE4K.csv
6;20260219_UB9J4_LAN_LEGACY083_LOADYOUTUBE4K.csv
6;20260219_UB9J4_LAN_LEGACY083_LOADYOUTUBE4K.csv
11;20260219_UB9J4_LAN_LEGACY083_LOADYOUTUBE4K.csv
6;20260219_UB9J4_LAN_LEGACY083_LOADYOUTUBE4K.csv
15;20260219_UB9J4_LAN_LEGACY083_LOADYOUTUBE4K.csv
8;20260219_UB9J4_LAN_LEGACY083_LOADYOUTUBE4K.csv
8;20260219_UB9J4_LAN_LEGACY083_LOADYOUTUBE4K.csv
6;20260219_UB9J4_LAN_LEGACY083_LOADYOUTUBE4K.csv
6;20260219_UB9J4_LAN_LEGACY083_LOADYOUTUBE4K.csv
7;20260219_UB9J4_LAN_LEGACY083_LOADYOUTUBE4K.csv
6;20260219_UB9J4_LAN_LEGACY083_LOADYOUTUBE4K.csv
7;20260219_UB9J4_LAN_LEGACY083_LOADYOUTUBE4K.csv
7;20260219_UB9J4_LAN_LEGACY083_LOADYOUTUBE4K.csv
6;20260219_UB9J4_LAN_LEGACY083_LOADYOUTUBE4K.csv
13;20260219_UB9J4_LAN_LEGACY083_LOADYOUTUBE4K.csv
9;20260219_UB9J4_LAN_LEGACY083_LOADYOUTUBE4K.csv
9;20260219_UB9J4_LAN_LEGACY083_LOADYOUTUBE4K.csv
7;20260219_UB9J4_LAN_LEGACY083_LOADYOUTUBE4K.csv
7;20260219_UB9J4_LAN_LEGACY083_LOADYOUTUBE4K.csv
6;20260219_UB9J4_LAN_LEGACY083_LOADYOUTUBE4K.csv
6;20260219_UB9J4_LAN_LEGACY083_LOADYOUTUBE4K.csv
6;20260219_UB9J4_LAN_LEGACY083_LOADYOUTUBE4K.csv
6;20260219_UB9J4_LAN_LEGACY083_LOADYOUTUBE4K.csv
6;20260219_UB9J4_LAN_LEGACY083_LOADYOUTUBE4K.csv
6;20260219_UB9J4_LAN_LEGACY083_LOADYOUTUBE4K.csv
6;20260219_UB9J4_LAN_LEGACY083_LOADYOUTUBE4K.csv
6;20260219_UB9J4_LAN_LEGACY083_LOADYOUTUBE4K.csv
6;20260219_UB9J4_LAN_LEGACY083_LOADYOUTUBE4K.csv
6;20260219_UB9J4_LAN_LEGACY083_LOADYOUTUBE4K.csv
6;20260219_UB9J4_LAN_LEGACY083_LOADYOUTUBE4K.csv
6;20260219_UB9J4_LAN_LEGACY083_LOADYOUTUBE4K.csv
34;20260219_UB9J4_LAN_LEGACY083_LOADYOUTUBE4K.csv
17;20260219_UB9J4_LAN_LEGACY083_LOADYOUTUBE4K.csv
22;20260219_UB9J4_LAN_LEGACY083_LOADYOUTUBE4K.csv
22;20260219_UB9J4_LAN_LEGACY083_LOADYOUTUBE4K.csv
14;20260219_UB9J4_LAN_LEGACY083_LOADYOUTUBE4K.csv
13;20260219_UB9J4_LAN_LEGACY083_LOADYOUTUBE4K.csv
15;20260219_UB9J4_LAN_LEGACY083_LOADYOUTUBE4K.csv
23;20260219_UB9J4_LAN_LEGACY083_LOADYOUTUBE4K.csv
17;20260219_UB9J4_LAN_LEGACY083_LOADYOUTUBE4K.csv
24;20260219_UB9J4_LAN_LEGACY083_LOADYOUTUBE4K.csv
17;20260219_UB9J4_LAN_LEGACY083_LOADYOUTUBE4K.csv
7;20260219_UB9J4_LAN_LEGACY083_LOADYOUTUBE4K.csv
11;20260219_UB9J4_LAN_LEGACY083_LOADYOUTUBE4K.csv
7;20260219_UB9J4_LAN_LEGACY083_LOADYOUTUBE4K.csv
7;20260219_UB9J4_LAN_LEGACY083_LOADYOUTUBE4K.csv
13;20260219_UB9J4_LAN_LEGACY083_LOADYOUTUBE4K.csv
8;20260219_UB9J4_LAN_LEGACY083_LOADYOUTUBE4K.csv
9;20260219_UB9J4_LAN_LEGACY083_LOADYOUTUBE4K.csv
9;20260219_UB9J4_LAN_LEGACY083_LOADYOUTUBE4K.csv
6;20260219_UB9J4_LAN_LEGACY083_LOADYOUTUBE4K.csv
6;20260219_UB9J4_LAN_LEGACY083_LOADYOUTUBE4K.csv
8;20260219_UB9J4_LAN_LEGACY083_LOADYOUTUBE4K.csv
7;20260219_UB9J4_LAN_LEGACY083_LOADYOUTUBE4K.csv
8;20260219_UB9J4_LAN_LEGACY083_LOADYOUTUBE4K.csv
6;20260219_UB9J4_LAN_LEGACY083_LOADYOUTUBE4K.csv
7;20260219_UB9J4_LAN_LEGACY083_LOADYOUTUBE4K.csv
8;20260219_UB9J4_LAN_LEGACY083_LOADYOUTUBE4K.csv
9;20260219_UB9J4_LAN_LEGACY083_LOADYOUTUBE4K.csv
7;20260219_UB9J4_LAN_LEGACY083_LOADYOUTUBE4K.csv
7;20260219_UB9J4_LAN_LEGACY083_LOADYOUTUBE4K.csv
7;20260219_UB9J4_LAN_LEGACY083_LOADYOUTUBE4K.csv
6;20260219_UB9J4_LAN_LEGACY083_LOADYOUTUBE4K.csv
6;20260219_UB9J4_LAN_LEGACY083_LOADYOUTUBE4K.csv
10;20260219_UB9J4_LAN_LEGACY083_LOADYOUTUBE4K.csv
15;20260219_UB9J4_LAN_LEGACY083_LOADYOUTUBE4K.csv
11;20260219_UB9J4_LAN_LEGACY083_LOADYOUTUBE4K.csv
8;20260219_UB9J4_LAN_LEGACY083_LOADYOUTUBE4K.csv
7;20260219_UB9J4_LAN_LEGACY083_LOADYOUTUBE4K.csv
6;20260219_UB9J4_LAN_LEGACY083_LOADYOUTUBE4K.csv
6;20260219_UB9J4_LAN_LEGACY083_LOADYOUTUBE4K.csv
6;20260219_UB9J4_LAN_LEGACY083_LOADYOUTUBE4K.csv
6;20260219_UB9J4_LAN_LEGACY083_LOADYOUTUBE4K.csv
6;20260219_UB9J4_LAN_LEGACY083_LOADYOUTUBE4K.csv
6;20260219_UB9J4_LAN_LEGACY083_LOADYOUTUBE4K.csv
6;20260219_UB9J4_LAN_LEGACY083_LOADYOUTUBE4K.csv
6;20260219_UB9J4_LAN_LEGACY083_LOADYOUTUBE4K.csv
7;20260219_UB9J4_LAN_LEGACY083_LOADYOUTUBE4K.csv
17;20260219_UB9J4_LAN_LEGACY083_LOADYOUTUBE4K.csv
12;20260219_UB9J4_LAN_LEGACY083_LOADYOUTUBE4K_MAGENTATV20.csv
7;20260219_UB9J4_LAN_LEGACY083_LOADYOUTUBE4K_MAGENTATV20.csv
6;20260219_UB9J4_LAN_LEGACY083_LOADYOUTUBE4K_MAGENTATV20.csv
6;20260219_UB9J4_LAN_LEGACY083_LOADYOUTUBE4K_MAGENTATV20.csv
6;20260219_UB9J4_LAN_LEGACY083_LOADYOUTUBE4K_MAGENTATV20.csv
6;20260219_UB9J4_LAN_LEGACY083_LOADYOUTUBE4K_MAGENTATV20.csv
6;20260219_UB9J4_LAN_LEGACY083_LOADYOUTUBE4K_MAGENTATV20.csv
6;20260219_UB9J4_LAN_LEGACY083_LOADYOUTUBE4K_MAGENTATV20.csv
47;20260219_UB9J4_LAN_LEGACY083_LOADYOUTUBE4K_MAGENTATV20.csv
23;20260219_UB9J4_LAN_LEGACY083_LOADYOUTUBE4K_MAGENTATV20.csv
7;20260219_UB9J4_LAN_LEGACY083_LOADYOUTUBE4K_MAGENTATV20.csv
6;20260219_UB9J4_LAN_LEGACY083_LOADYOUTUBE4K_MAGENTATV20.csv
10;20260219_UB9J4_LAN_LEGACY083_LOADYOUTUBE4K_MAGENTATV20.csv
8;20260219_UB9J4_LAN_LEGACY083_LOADYOUTUBE4K_MAGENTATV20.csv
9;20260219_UB9J4_LAN_LEGACY083_LOADYOUTUBE4K_MAGENTATV20.csv
7;20260219_UB9J4_LAN_LEGACY083_LOADYOUTUBE4K_MAGENTATV20.csv
7;20260219_UB9J4_LAN_LEGACY083_LOADYOUTUBE4K_MAGENTATV20.csv
7;20260219_UB9J4_LAN_LEGACY083_LOADYOUTUBE4K_MAGENTATV20.csv
6;20260219_UB9J4_LAN_LEGACY083_LOADYOUTUBE4K_MAGENTATV20.csv
10;20260219_UB9J4_LAN_LEGACY083_LOADYOUTUBE4K_MAGENTATV20.csv
16;20260219_UB9J4_LAN_LEGACY083_LOADYOUTUBE4K_MAGENTATV20.csv
7;20260219_UB9J4_LAN_LEGACY083_LOADYOUTUBE4K_MAGENTATV20.csv
6;20260219_UB9J4_LAN_LEGACY083_LOADYOUTUBE4K_MAGENTATV20.csv
6;20260219_UB9J4_LAN_LEGACY083_LOADYOUTUBE4K_MAGENTATV20.csv
16;20260219_UB9J4_LAN_LEGACY083_LOADYOUTUBE4K_MAGENTATV20.csv
7;20260219_UB9J4_LAN_LEGACY083_LOADYOUTUBE4K_MAGENTATV20.csv
6;20260219_UB9J4_LAN_LEGACY083_LOADYOUTUBE4K_MAGENTATV20.csv
6;20260219_UB9J4_LAN_LEGACY083_LOADYOUTUBE4K_MAGENTATV20.csv
6;20260219_UB9J4_LAN_LEGACY083_LOADYOUTUBE4K_MAGENTATV20.csv
6;20260219_UB9J4_LAN_LEGACY083_LOADYOUTUBE4K_MAGENTATV20.csv
14;20260219_UB9J4_LAN_LEGACY083_LOADYOUTUBE4K_MAGENTATV20.csv
7;20260219_UB9J4_LAN_LEGACY083_LOADYOUTUBE4K_MAGENTATV20.csv
336;20260219_UB9J4_LAN_LEGACY083_LOADYOUTUBE4K_MAGENTATV20.csv
11;20260219_UB9J4_LAN_LEGACY083_LOADYOUTUBE4K_MAGENTATV20.csv
9;20260219_UB9J4_LAN_LEGACY083_LOADYOUTUBE4K_MAGENTATV20.csv
9;20260219_UB9J4_LAN_LEGACY083_LOADYOUTUBE4K_MAGENTATV20.csv
19;20260219_UB9J4_LAN_LEGACY083_LOADYOUTUBE4K_MAGENTATV20.csv
7;20260219_UB9J4_LAN_LEGACY083_LOADYOUTUBE4K_MAGENTATV20.csv
7;20260219_UB9J4_LAN_LEGACY083_LOADYOUTUBE4K_MAGENTATV20.csv
9;20260219_UB9J4_LAN_LEGACY083_LOADYOUTUBE4K_MAGENTATV20.csv
10;20260219_UB9J4_LAN_LEGACY083_LOADYOUTUBE4K_MAGENTATV20.csv
6;20260219_UB9J4_LAN_LEGACY083_LOADYOUTUBE4K_MAGENTATV20.csv
28;20260219_UB9J4_LAN_LEGACY083_LOADYOUTUBE4K_MAGENTATV20.csv
8;20260219_UB9J4_LAN_LEGACY083_LOADYOUTUBE4K_MAGENTATV20.csv
14;20260219_UB9J4_LAN_LEGACY083_LOADYOUTUBE4K_MAGENTATV20.csv
8;20260219_UB9J4_LAN_LEGACY083_LOADYOUTUBE4K_MAGENTATV20.csv
8;20260219_UB9J4_LAN_LEGACY083_LOADYOUTUBE4K_MAGENTATV20.csv
13;20260219_UB9J4_LAN_LEGACY083_LOADYOUTUBE4K_MAGENTATV20.csv
9;20260219_UB9J4_LAN_LEGACY083_LOADYOUTUBE4K_MAGENTATV20.csv
9;20260219_UB9J4_LAN_LEGACY083_LOADYOUTUBE4K_MAGENTATV20.csv
11;20260219_UB9J4_LAN_LEGACY083_LOADYOUTUBE4K_MAGENTATV20.csv
7;20260219_UB9J4_LAN_LEGACY083_LOADYOUTUBE4K_MAGENTATV20.csv
8;20260219_UB9J4_LAN_LEGACY083_LOADYOUTUBE4K_MAGENTATV20.csv
14;20260219_UB9J4_LAN_LEGACY083_LOADYOUTUBE4K_MAGENTATV20.csv
14;20260219_UB9J4_LAN_LEGACY083_LOADYOUTUBE4K_MAGENTATV20.csv
7;20260219_UB9J4_LAN_LEGACY083_LOADYOUTUBE4K_MAGENTATV20.csv
19;20260219_UB9J4_LAN_LEGACY083_LOADYOUTUBE4K_MAGENTATV20.csv
8;20260219_UB9J4_LAN_LEGACY083_LOADYOUTUBE4K_MAGENTATV20.csv
11;20260219_UB9J4_LAN_LEGACY083_LOADYOUTUBE4K_MAGENTATV20.csv
6;20260219_UB9J4_LAN_LEGACY083_LOADYOUTUBE4K_MAGENTATV20.csv
18;20260219_UB9J4_LAN_LEGACY083_LOADYOUTUBE4K_MAGENTATV20.csv
8;20260219_UB9J4_LAN_LEGACY083_LOADYOUTUBE4K_MAGENTATV20.csv
6;20260219_UB9J4_LAN_LEGACY083_LOADYOUTUBE4K_MAGENTATV20.csv
6;20260219_UB9J4_LAN_LEGACY083_LOADYOUTUBE4K_MAGENTATV20.csv
6;20260219_UB9J4_LAN_LEGACY083_LOADYOUTUBE4K_MAGENTATV20.csv
6;20260219_UB9J4_LAN_LEGACY083_LOADYOUTUBE4K_MAGENTATV20.csv
6;20260219_UB9J4_LAN_LEGACY083_LOADYOUTUBE4K_MAGENTATV20.csv
6;20260219_UB9J4_LAN_LEGACY083_LOADYOUTUBE4K_MAGENTATV20.csv
6;20260219_UB9J4_LAN_LEGACY083_LOADYOUTUBE4K_MAGENTATV20.csv
6;20260219_UB9J4_LAN_LEGACY083_LOADYOUTUBE4K_MAGENTATV20.csv
6;20260219_UB9J4_LAN_LEGACY083_LOADYOUTUBE4K_MAGENTATV20.csv
6;20260219_UB9J4_LAN_LEGACY083_LOADYOUTUBE4K_MAGENTATV20.csv
6;20260219_UB9J4_LAN_LEGACY083_LOADYOUTUBE4K_MAGENTATV20.csv
6;20260219_UB9J4_LAN_LEGACY083_LOADYOUTUBE4K_MAGENTATV20.csv
6;20260219_UB9J4_LAN_LEGACY083_LOADYOUTUBE4K_MAGENTATV20.csv
6;20260219_UB9J4_LAN_LEGACY083_LOADYOUTUBE4K_MAGENTATV20.csv
6;20260219_UB9J4_LAN_LEGACY083_LOADYOUTUBE4K_MAGENTATV20.csv
6;20260219_UB9J4_LAN_LEGACY083_LOADYOUTUBE4K_MAGENTATV20.csv
6;20260219_UB9J4_LAN_LEGACY083_LOADYOUTUBE4K_MAGENTATV20.csv
6;20260219_UB9J4_LAN_LEGACY083_LOADYOUTUBE4K_MAGENTATV20.csv
6;20260219_UB9J4_LAN_LEGACY083_LOADYOUTUBE4K_MAGENTATV20.csv
6;20260219_UB9J4_LAN_LEGACY083_LOADYOUTUBE4K_MAGENTATV20.csv
6;20260219_UB9J4_LAN_LEGACY083_LOADYOUTUBE4K_MAGENTATV20.csv
6;20260219_UB9J4_LAN_LEGACY083_LOADYOUTUBE4K_MAGENTATV20.csv
6;20260219_UB9J4_LAN_LEGACY083_LOADYOUTUBE4K_MAGENTATV20.csv
6;20260219_UB9J4_LAN_LEGACY083_LOADYOUTUBE4K_MAGENTATV20.csv
6;20260219_UB9J4_LAN_LEGACY083_LOADYOUTUBE4K_MAGENTATV20.csv
6;20260219_UB9J4_LAN_LEGACY083_LOADYOUTUBE4K_MAGENTATV20.csv
6;20260219_UB9J4_LAN_LEGACY083_LOADYOUTUBE4K_MAGENTATV20.csv
28;20260219_UB9J4_LAN_LEGACY083_LOADYOUTUBE4K_MAGENTATV20.csv
10;20260219_UB9J4_LAN_LEGACY083_LOADYOUTUBE4K_MAGENTATV20.csv
19;20260219_UB9J4_LAN_LEGACY083_LOADYOUTUBE4K_MAGENTATV20.csv
8;20260219_UB9J4_LAN_LEGACY083_LOADYOUTUBE4K_MAGENTATV20.csv
31;20260219_UB9J4_LAN_LEGACY083_LOADYOUTUBE4K_MAGENTATV20.csv
9;20260219_UB9J4_LAN_LEGACY083_LOADYOUTUBE4K_MAGENTATV20.csv
95;20260219_UB9J4_LAN_LEGACY083_LOADYOUTUBE4K_MAGENTATV20.csv
20;20260219_UB9J4_LAN_LEGACY083_LOADYOUTUBE4K_MAGENTATV20.csv
20;20260219_UB9J4_LAN_LEGACY083_LOADYOUTUBE4K_MAGENTATV20.csv
20;20260219_UB9J4_LAN_LEGACY083_LOADYOUTUBE4K_MAGENTATV20.csv
366;20260219_UB9J4_LAN_LEGACY083_LOADYOUTUBE4K_MAGENTATV20.csv
251;20260219_UB9J4_LAN_LEGACY083_LOADYOUTUBE4K_MAGENTATV20.csv
23;20260219_UB9J4_LAN_LEGACY083_LOADYOUTUBE4K_MAGENTATV20.csv
7;20260219_UB9J4_LAN_LEGACY083_LOADYOUTUBE4K_MAGENTATV20.csv
6;20260219_UB9J4_LAN_LEGACY083_LOADYOUTUBE4K_MAGENTATV20.csv
5;20260219_UB9J4_LAN_LEGACY083_LOADYOUTUBE4K_MAGENTATV20.csv
7;20260219_UB9J4_LAN_LEGACY083_LOADYOUTUBE4K_MAGENTATV20.csv
6;20260219_UB9J4_LAN_LEGACY083_LOADYOUTUBE4K_MAGENTATV20.csv
7;20260219_UB9J4_LAN_LEGACY083_LOADYOUTUBE4K_MAGENTATV20.csv
6;20260219_UB9J4_LAN_LEGACY083_LOADYOUTUBE4K_MAGENTATV20.csv
11;20260219_UB9J4_LAN_LEGACY083_LOADYOUTUBE4K_MAGENTATV20.csv
6;20260219_UB9J4_LAN_LEGACY083_LOADYOUTUBE4K_MAGENTATV20.csv
6;20260219_UB9J4_LAN_LEGACY083_LOADYOUTUBE4K_MAGENTATV20.csv
20;20260219_UB9J4_LAN_LEGACY083_LOADYOUTUBE4K_MAGENTATV20.csv
8;20260219_UB9J4_LAN_LEGACY083_LOADYOUTUBE4K_MAGENTATV20.csv
16;20260219_UB9J4_LAN_LEGACY083_LOADYOUTUBE4K_MAGENTATV20.csv
9;20260219_UB9J4_LAN_LEGACY083_LOADYOUTUBE4K_MAGENTATV20.csv
536;20260219_UB9J4_LAN_LEGACY083_LOADYOUTUBE4K_MAGENTATV20.csv
85;20260219_UB9J4_LAN_LEGACY083_LOADYOUTUBE4K_MAGENTATV20.csv
33;20260219_UB9J4_LAN_LEGACY083_LOADYOUTUBE4K_MAGENTATV20.csv
8;20260219_UB9J4_LAN_LEGACY083_LOADYOUTUBE4K_MAGENTATV20.csv
6;20260219_UB9J4_LAN_LEGACY083_LOADYOUTUBE4K_MAGENTATV20.csv
6;20260219_UB9J4_LAN_LEGACY083_LOADYOUTUBE4K_MAGENTATV20.csv
6;20260219_UB9J4_LAN_LEGACY083_LOADYOUTUBE4K_MAGENTATV20.csv
8;20260219_UB9J4_LAN_LEGACY083_LOADYOUTUBE4K_MAGENTATV20.csv
7;20260219_UB9J4_LAN_LEGACY083_LOADYOUTUBE4K_MAGENTATV20.csv
12;20260219_UB9J4_LAN_LEGACY083_LOADYOUTUBE4K_MAGENTATV20.csv
7;20260219_UB9J4_LAN_LEGACY083_LOADYOUTUBE4K_MAGENTATV20.csv
8;20260219_UB9J4_LAN_LEGACY083_LOADYOUTUBE4K_MAGENTATV20.csv
6;20260219_UB9J4_LAN_LEGACY083_LOADYOUTUBE4K_MAGENTATV20.csv
9;20260219_UB9J4_LAN_LEGACY083_LOADYOUTUBE4K_MAGENTATV20.csv
13;20260219_UB9J4_LAN_LEGACY083_LOADYOUTUBE4K_MAGENTATV20.csv
9;20260219_UB9J4_LAN_LEGACY083_LOADYOUTUBE4K_MAGENTATV20.csv
6;20260219_UB9J4_LAN_LEGACY083_LOADYOUTUBE4K_MAGENTATV20.csv
11;20260219_UB9J4_LAN_LEGACY083_LOADYOUTUBE4K_MAGENTATV20.csv
6;20260219_UB9J4_LAN_LEGACY083_LOADYOUTUBE4K_MAGENTATV20.csv
6;20260219_UB9J4_LAN_LEGACY083_LOADYOUTUBE4K_MAGENTATV20.csv
10;20260219_UB9J4_LAN_LEGACY083_LOADYOUTUBE4K_MAGENTATV20.csv
6;20260219_UB9J4_LAN_LEGACY083_LOADYOUTUBE4K_MAGENTATV20.csv
5;20260219_UB9J4_LAN_LEGACY083_LOADYOUTUBE4K_MAGENTATV20.csv
6;20260219_UB9J4_LAN_LEGACY083_LOADYOUTUBE4K_MAGENTATV20.csv
6;20260219_UB9J4_LAN_LEGACY083_LOADYOUTUBE4K_MAGENTATV20.csv
6;20260219_UB9J4_LAN_LEGACY083_LOADYOUTUBE4K_MAGENTATV20.csv
6;20260219_UB9J4_LAN_LEGACY083_LOADYOUTUBE4K_MAGENTATV20.csv
6;20260219_UB9J4_LAN_LEGACY083_LOADYOUTUBE4K_MAGENTATV20.csv
595;20260219_UB9J4_LAN_LEGACY083_LOADYOUTUBE4K_MAGENTATV20.csv
83;20260219_UB9J4_LAN_LEGACY083_LOADYOUTUBE4K_MAGENTATV20.csv
11;20260219_UB9J4_LAN_LEGACY083_LOADYOUTUBE4K_MAGENTATV20.csv
11;20260219_UB9J4_LAN_LEGACY083_LOADYOUTUBE4K_MAGENTATV20.csv
384;20260219_UB9J4_LAN_LEGACY083_LOADYOUTUBE4K_MAGENTATV20.csv
37;20260219_UB9J4_LAN_LEGACY083_LOADYOUTUBE4K_MAGENTATV20.csv
15;20260219_UB9J4_LAN_LEGACY083_LOADYOUTUBE4K_MAGENTATV20.csv
7;20260219_UB9J4_LAN_LEGACY083_LOADYOUTUBE4K_MAGENTATV20.csv
9;20260219_UB9J4_LAN_LEGACY083_LOADYOUTUBE4K_MAGENTATV20.csv
31;20260219_UB9J4_LAN_LEGACY083_LOADYOUTUBE4K_MAGENTATV20.csv
9;20260219_UB9J4_LAN_LEGACY083_LOADYOUTUBE4K_MAGENTATV20.csv
9;20260219_UB9J4_LAN_LEGACY083_LOADYOUTUBE4K_MAGENTATV20.csv
12;20260219_UB9J4_LAN_LEGACY083_LOADYOUTUBE4K_MAGENTATV20.csv
6;20260219_UB9J4_LAN_LEGACY083_LOADYOUTUBE4K_MAGENTATV20.csv
8;20260219_UB9J4_LAN_LEGACY083_LOADYOUTUBE4K_MAGENTATV20.csv
6;20260219_UB9J4_LAN_LEGACY083_LOADYOUTUBE4K_MAGENTATV20.csv
6;20260219_UB9J4_LAN_LEGACY083_LOADYOUTUBE4K_MAGENTATV20.csv
13;20260219_UB9J4_LAN_LEGACY083_LOADYOUTUBE4K_MAGENTATV20.csv
6;20260219_UB9J4_LAN_LEGACY083_LOADYOUTUBE4K_MAGENTATV20.csv
6;20260219_UB9J4_LAN_LEGACY083_LOADYOUTUBE4K_MAGENTATV20.csv
17;20260219_UB9J4_LAN_LEGACY083_LOADYOUTUBE4K_MAGENTATV20.csv
7;20260219_UB9J4_LAN_LEGACY083_LOADYOUTUBE4K_MAGENTATV20.csv
6;20260219_UB9J4_LAN_LEGACY083_LOADYOUTUBE4K_MAGENTATV20.csv
22;20260219_UB9J4_LAN_LEGACY083_LOADYOUTUBE4K_MAGENTATV20.csv
9;20260219_UB9J4_LAN_LEGACY083_LOADYOUTUBE4K_MAGENTATV20.csv
10;20260219_UB9J4_LAN_LEGACY083_LOADYOUTUBE4K_MAGENTATV20.csv
7;20260219_UB9J4_LAN_LEGACY083_LOADYOUTUBE4K_MAGENTATV20.csv
7;20260219_UB9J4_LAN_LEGACY083_LOADYOUTUBE4K_MAGENTATV20.csv
6;20260219_UB9J4_LAN_LEGACY083_LOADYOUTUBE4K_MAGENTATV20.csv
10;20260219_UB9J4_LAN_LEGACY083_LOADYOUTUBE4K_MAGENTATV20.csv
6;20260219_UB9J4_LAN_LEGACY083_LOADYOUTUBE4K_MAGENTATV20.csv
6;20260219_UB9J4_LAN_LEGACY083_LOADYOUTUBE4K_MAGENTATV20.csv
13;20260219_UB9J4_LAN_LEGACY083_LOADYOUTUBE4K_MAGENTATV20.csv
6;20260219_UB9J4_LAN_LEGACY083_LOADYOUTUBE4K_MAGENTATV20.csv
6;20260219_UB9J4_LAN_LEGACY083_LOADYOUTUBE4K_MAGENTATV20.csv
6;20260219_UB9J4_LAN_LEGACY083_LOADYOUTUBE4K_MAGENTATV20.csv
11;20260219_UB9J4_LAN_LEGACY083_LOADYOUTUBE4K_MAGENTATV20.csv
13;20260219_UB9J4_LAN_LEGACY083_LOADYOUTUBE4K_MAGENTATV20.csv
12;20260219_UB9J4_LAN_LEGACY083_LOADYOUTUBE4K_MAGENTATV20.csv
6;20260219_UB9J4_LAN_LEGACY083_LOADYOUTUBE4K_MAGENTATV20.csv
8;20260219_UB9J4_LAN_LEGACY083_LOADYOUTUBE4K_MAGENTATV20.csv
8;20260219_UB9J4_LAN_LEGACY083_LOADYOUTUBE4K_MAGENTATV20.csv
220;20260219_UB9J4_LAN_LEGACY083_LOADYOUTUBE4K_MAGENTATV20.csv
22;20260219_UB9J4_LAN_LEGACY083_LOADYOUTUBE4K_MAGENTATV20.csv
35;20260219_UB9J4_LAN_LEGACY083_LOADYOUTUBE4K_MAGENTATV20.csv
9;20260219_UB9J4_LAN_LEGACY083_LOADYOUTUBE4K_MAGENTATV20.csv
9;20260219_UB9J4_LAN_LEGACY083_LOADYOUTUBE4K_MAGENTATV20.csv
6;20260219_UB9J4_LAN_LEGACY083_LOADYOUTUBE4K_MAGENTATV20.csv
11;20260219_UB9J4_LAN_LEGACY083_LOADYOUTUBE4K_MAGENTATV20.csv
12;20260219_UB9J4_LAN_LEGACY083_LOADYOUTUBE4K_MAGENTATV20.csv
11;20260219_UB9J4_LAN_LEGACY083_LOADYOUTUBE4K_MAGENTATV20.csv
14;20260219_UB9J4_LAN_LEGACY083_LOADYOUTUBE4K_MAGENTATV20.csv
8;20260219_UB9J4_LAN_LEGACY083_LOADYOUTUBE4K_MAGENTATV20.csv
22;20260219_UB9J4_LAN_LEGACY083_LOADYOUTUBE4K_MAGENTATV20.csv
7;20260219_UB9J4_LAN_LEGACY083_LOADYOUTUBE4K_MAGENTATV20.csv
6;20260219_UB9J4_LAN_LEGACY083_LOADYOUTUBE4K_MAGENTATV20.csv
7;20260219_UB9J4_WLAN_BOOSTCLGA_LOADOFF.csv
7;20260219_UB9J4_WLAN_BOOSTCLGA_LOADOFF.csv
7;20260219_UB9J4_WLAN_BOOSTCLGA_LOADOFF.csv
7;20260219_UB9J4_WLAN_BOOSTCLGA_LOADOFF.csv
7;20260219_UB9J4_WLAN_BOOSTCLGA_LOADOFF.csv
7;20260219_UB9J4_WLAN_BOOSTCLGA_LOADOFF.csv
7;20260219_UB9J4_WLAN_BOOSTCLGA_LOADOFF.csv
7;20260219_UB9J4_WLAN_BOOSTCLGA_LOADOFF.csv
7;20260219_UB9J4_WLAN_BOOSTCLGA_LOADOFF.csv
7;20260219_UB9J4_WLAN_BOOSTCLGA_LOADOFF.csv
7;20260219_UB9J4_WLAN_BOOSTCLGA_LOADOFF.csv
7;20260219_UB9J4_WLAN_BOOSTCLGA_LOADOFF.csv
50;20260219_UB9J4_WLAN_BOOSTCLGA_LOADOFF.csv
50;20260219_UB9J4_WLAN_BOOSTCLGA_LOADOFF.csv
8;20260219_UB9J4_WLAN_BOOSTCLGA_LOADOFF.csv
7;20260219_UB9J4_WLAN_BOOSTCLGA_LOADOFF.csv
8;20260219_UB9J4_WLAN_BOOSTCLGA_LOADOFF.csv
7;20260219_UB9J4_WLAN_BOOSTCLGA_LOADOFF.csv
7;20260219_UB9J4_WLAN_BOOSTCLGA_LOADOFF.csv
7;20260219_UB9J4_WLAN_BOOSTCLGA_LOADOFF.csv
7;20260219_UB9J4_WLAN_BOOSTCLGA_LOADOFF.csv
7;20260219_UB9J4_WLAN_BOOSTCLGA_LOADOFF.csv
7;20260219_UB9J4_WLAN_BOOSTCLGA_LOADOFF.csv
47;20260219_UB9J4_WLAN_BOOSTCLGA_LOADOFF.csv
10;20260219_UB9J4_WLAN_BOOSTCLGA_LOADOFF.csv
23;20260219_UB9J4_WLAN_BOOSTCLGA_LOADOFF.csv
12;20260219_UB9J4_WLAN_BOOSTCLGA_LOADOFF.csv
14;20260219_UB9J4_WLAN_BOOSTCLGA_LOADOFF.csv
36;20260219_UB9J4_WLAN_BOOSTCLGA_LOADOFF.csv
10;20260219_UB9J4_WLAN_BOOSTCLGA_LOADOFF.csv
7;20260219_UB9J4_WLAN_BOOSTCLGA_LOADOFF.csv
7;20260219_UB9J4_WLAN_BOOSTCLGA_LOADOFF.csv
7;20260219_UB9J4_WLAN_BOOSTCLGA_LOADOFF.csv
7;20260219_UB9J4_WLAN_BOOSTCLGA_LOADOFF.csv
7;20260219_UB9J4_WLAN_BOOSTCLGA_LOADOFF.csv
7;20260219_UB9J4_WLAN_BOOSTCLGA_LOADOFF.csv
16;20260219_UB9J4_WLAN_BOOSTCLGA_LOADOFF.csv
12;20260219_UB9J4_WLAN_BOOSTCLGA_LOADOFF.csv
7;20260219_UB9J4_WLAN_BOOSTCLGA_LOADOFF.csv
7;20260219_UB9J4_WLAN_BOOSTCLGA_LOADOFF.csv
7;20260219_UB9J4_WLAN_BOOSTCLGA_LOADOFF.csv
7;20260219_UB9J4_WLAN_BOOSTCLGA_LOADOFF.csv
7;20260219_UB9J4_WLAN_BOOSTCLGA_LOADOFF.csv
8;20260219_UB9J4_WLAN_BOOSTCLGA_LOADOFF.csv
8;20260219_UB9J4_WLAN_BOOSTCLGA_LOADOFF.csv
7;20260219_UB9J4_WLAN_BOOSTCLGA_LOADOFF.csv
7;20260219_UB9J4_WLAN_BOOSTCLGA_LOADOFF.csv
8;20260219_UB9J4_WLAN_BOOSTCLGA_LOADOFF.csv
8;20260219_UB9J4_WLAN_BOOSTCLGA_LOADOFF.csv
7;20260219_UB9J4_WLAN_BOOSTCLGA_LOADOFF.csv
7;20260219_UB9J4_WLAN_BOOSTCLGA_LOADOFF.csv
8;20260219_UB9J4_WLAN_BOOSTCLGA_LOADOFF.csv
7;20260219_UB9J4_WLAN_BOOSTCLGA_LOADOFF.csv
7;20260219_UB9J4_WLAN_BOOSTCLGA_LOADOFF.csv
7;20260219_UB9J4_WLAN_BOOSTCLGA_LOADOFF.csv
8;20260219_UB9J4_WLAN_BOOSTCLGA_LOADOFF.csv
7;20260219_UB9J4_WLAN_BOOSTCLGA_LOADOFF.csv
7;20260219_UB9J4_WLAN_BOOSTCLGA_LOADOFF.csv
7;20260219_UB9J4_WLAN_BOOSTCLGA_LOADOFF.csv
6;20260219_UB9J4_WLAN_BOOSTCLGA_LOADOFF.csv
19;20260219_UB9J4_WLAN_BOOSTCLGA_LOADOFF.csv
20;20260219_UB9J4_WLAN_BOOSTCLGA_LOADOFF.csv
8;20260219_UB9J4_WLAN_BOOSTCLGA_LOADOFF.csv
7;20260219_UB9J4_WLAN_BOOSTCLGA_LOADOFF.csv
7;20260219_UB9J4_WLAN_BOOSTCLGA_LOADOFF.csv
7;20260219_UB9J4_WLAN_BOOSTCLGA_LOADOFF.csv
7;20260219_UB9J4_WLAN_BOOSTCLGA_LOADOFF.csv
9;20260219_UB9J4_WLAN_BOOSTCLGA_LOADOFF.csv
7;20260219_UB9J4_WLAN_BOOSTCLGA_LOADOFF.csv
18;20260219_UB9J4_WLAN_BOOSTCLGA_LOADOFF.csv
8;20260219_UB9J4_WLAN_BOOSTCLGA_LOADOFF.csv
8;20260219_UB9J4_WLAN_BOOSTCLGA_LOADOFF.csv
7;20260219_UB9J4_WLAN_BOOSTCLGA_LOADOFF.csv
7;20260219_UB9J4_WLAN_BOOSTCLGA_LOADOFF.csv
7;20260219_UB9J4_WLAN_BOOSTCLGA_LOADOFF.csv
7;20260219_UB9J4_WLAN_BOOSTCLGA_LOADOFF.csv
16;20260219_UB9J4_WLAN_BOOSTCLGA_LOADOFF.csv
36;20260219_UB9J4_WLAN_BOOSTCLGA_LOADOFF.csv
28;20260219_UB9J4_WLAN_BOOSTCLGA_LOADOFF.csv
9;20260219_UB9J4_WLAN_BOOSTCLGA_LOADOFF.csv
21;20260219_UB9J4_WLAN_BOOSTCLGA_LOADOFF.csv
12;20260219_UB9J4_WLAN_BOOSTCLGA_LOADOFF.csv
36;20260219_UB9J4_WLAN_BOOSTCLGA_LOADOFF.csv
36;20260219_UB9J4_WLAN_BOOSTCLGA_LOADOFF.csv
22;20260219_UB9J4_WLAN_BOOSTCLGA_LOADOFF.csv
8;20260219_UB9J4_WLAN_BOOSTCLGA_LOADOFF.csv
8;20260219_UB9J4_WLAN_BOOSTCLGA_LOADOFF.csv
7;20260219_UB9J4_WLAN_BOOSTCLGA_LOADOFF.csv
7;20260219_UB9J4_WLAN_BOOSTCLGA_LOADOFF.csv
8;20260219_UB9J4_WLAN_BOOSTCLGA_LOADOFF.csv
7;20260219_UB9J4_WLAN_BOOSTCLGA_LOADOFF.csv
7;20260219_UB9J4_WLAN_BOOSTCLGA_LOADOFF.csv
7;20260219_UB9J4_WLAN_BOOSTCLGA_LOADOFF.csv
7;20260219_UB9J4_WLAN_BOOSTCLGA_LOADOFF.csv
11;20260219_UB9J4_WLAN_BOOSTCLGA_LOADOFF.csv
18;20260219_UB9J4_WLAN_BOOSTCLGA_LOADOFF.csv
26;20260219_UB9J4_WLAN_BOOSTCLGA_LOADOFF.csv
10;20260219_UB9J4_WLAN_BOOSTCLGA_LOADOFF.csv
20;20260219_UB9J4_WLAN_BOOSTCLGA_LOADOFF.csv
46;20260219_UB9J4_WLAN_BOOSTCLGA_LOADOFF.csv
11;20260219_UB9J4_WLAN_BOOSTCLGA_LOADOFF.csv
7;20260219_UB9J4_WLAN_BOOSTCLGA_LOADOFF.csv
8;20260219_UB9J4_WLAN_BOOSTCLGA_LOADOFF.csv
7;20260219_UB9J4_WLAN_BOOSTCLGA_LOADOFF.csv
7;20260219_UB9J4_WLAN_BOOSTCLGA_LOADOFF.csv
7;20260219_UB9J4_WLAN_BOOSTCLGA_LOADOFF.csv
8;20260219_UB9J4_WLAN_BOOSTCLGA_LOADOFF.csv
7;20260219_UB9J4_WLAN_BOOSTCLGA_LOADOFF.csv
7;20260219_UB9J4_WLAN_BOOSTCLGA_LOADOFF.csv
7;20260219_UB9J4_WLAN_BOOSTCLGA_LOADOFF.csv
8;20260219_UB9J4_WLAN_BOOSTCLGA_LOADOFF.csv
8;20260219_UB9J4_WLAN_BOOSTCLGA_LOADOFF.csv
14;20260219_UB9J4_WLAN_BOOSTCLGA_LOADOFF.csv
14;20260219_UB9J4_WLAN_BOOSTCLGA_LOADOFF.csv
7;20260219_UB9J4_WLAN_BOOSTCLGA_LOADOFF.csv
10;20260219_UB9J4_WLAN_BOOSTCLGA_LOADOFF.csv
8;20260219_UB9J4_WLAN_BOOSTCLGA_LOADOFF.csv
14;20260219_UB9J4_WLAN_BOOSTCLGA_LOADOFF.csv
12;20260219_UB9J4_WLAN_BOOSTCLGA_LOADOFF.csv
8;20260219_UB9J4_WLAN_BOOSTCLGA_LOADOFF.csv
7;20260219_UB9J4_WLAN_BOOSTCLGA_LOADOFF.csv
22;20260219_UB9J4_WLAN_BOOSTCLGA_LOADOFF.csv
8;20260219_UB9J4_WLAN_BOOSTCLGA_LOADOFF.csv
7;20260219_UB9J4_WLAN_BOOSTCLGA_LOADOFF.csv
7;20260219_UB9J4_WLAN_BOOSTCLGA_LOADOFF.csv
7;20260219_UB9J4_WLAN_BOOSTCLGA_LOADOFF.csv
8;20260219_UB9J4_WLAN_BOOSTCLGA_LOADOFF.csv
7;20260219_UB9J4_WLAN_BOOSTCLGA_LOADOFF.csv
7;20260219_UB9J4_WLAN_BOOSTCLGA_LOADOFF.csv
7;20260219_UB9J4_WLAN_BOOSTCLGA_LOADOFF.csv
7;20260219_UB9J4_WLAN_BOOSTCLGA_LOADOFF.csv
25;20260219_UB9J4_WLAN_BOOSTCLGA_LOADOFF.csv
9;20260219_UB9J4_WLAN_BOOSTCLGA_LOADOFF.csv
8;20260219_UB9J4_WLAN_BOOSTCLGA_LOADOFF.csv
7;20260219_UB9J4_WLAN_BOOSTCLGA_LOADOFF.csv
7;20260219_UB9J4_WLAN_BOOSTCLGA_LOADOFF.csv
7;20260219_UB9J4_WLAN_BOOSTCLGA_LOADOFF.csv
7;20260219_UB9J4_WLAN_BOOSTCLGA_LOADOFF.csv
26;20260219_UB9J4_WLAN_BOOSTCLGA_LOADOFF.csv
11;20260219_UB9J4_WLAN_BOOSTCLGA_LOADOFF.csv
7;20260219_UB9J4_WLAN_BOOSTCLGA_LOADOFF.csv
7;20260219_UB9J4_WLAN_BOOSTCLGA_LOADOFF.csv
16;20260219_UB9J4_WLAN_BOOSTCLGA_LOADOFF.csv
11;20260219_UB9J4_WLAN_BOOSTCLGA_LOADOFF.csv
7;20260219_UB9J4_WLAN_BOOSTCLGA_LOADOFF.csv
19;20260219_UB9J4_WLAN_BOOSTCLGA_LOADOFF.csv
11;20260219_UB9J4_WLAN_BOOSTCLGA_LOADOFF.csv
7;20260219_UB9J4_WLAN_BOOSTCLGA_LOADOFF.csv
7;20260219_UB9J4_WLAN_BOOSTCLGA_LOADOFF.csv
7;20260219_UB9J4_WLAN_BOOSTCLGA_LOADOFF.csv
6;20260219_UB9J4_WLAN_BOOSTCLGA_LOADOFF.csv
7;20260219_UB9J4_WLAN_BOOSTCLGA_LOADOFF.csv
7;20260219_UB9J4_WLAN_BOOSTCLGA_LOADOFF.csv
8;20260219_UB9J4_WLAN_BOOSTCLGA_LOADOFF.csv
8;20260219_UB9J4_WLAN_BOOSTCLGA_LOADOFF.csv
7;20260219_UB9J4_WLAN_BOOSTCLGA_LOADOFF.csv
7;20260219_UB9J4_WLAN_BOOSTCLGA_LOADOFF.csv
39;20260219_UB9J4_WLAN_BOOSTCLGA_LOADOFF.csv
10;20260219_UB9J4_WLAN_BOOSTCLGA_LOADOFF.csv
7;20260219_UB9J4_WLAN_BOOSTCLGA_LOADOFF.csv
8;20260219_UB9J4_WLAN_BOOSTCLGA_LOADOFF.csv
8;20260219_UB9J4_WLAN_BOOSTCLGA_LOADOFF.csv
7;20260219_UB9J4_WLAN_BOOSTCLGA_LOADOFF.csv
8;20260219_UB9J4_WLAN_BOOSTCLGA_LOADOFF.csv
8;20260219_UB9J4_WLAN_BOOSTCLGA_LOADOFF.csv
19;20260219_UB9J4_WLAN_BOOSTCLGA_LOADOFF.csv
26;20260219_UB9J4_WLAN_BOOSTCLGA_LOADOFF.csv
9;20260219_UB9J4_WLAN_BOOSTCLGA_LOADOFF.csv
7;20260219_UB9J4_WLAN_BOOSTCLGA_LOADOFF.csv
7;20260219_UB9J4_WLAN_BOOSTCLGA_LOADOFF.csv
7;20260219_UB9J4_WLAN_BOOSTCLGA_LOADOFF.csv
7;20260219_UB9J4_WLAN_BOOSTCLGA_LOADOFF.csv
10;20260219_UB9J4_WLAN_BOOSTCLGA_LOADOFF.csv
7;20260219_UB9J4_WLAN_BOOSTCLGA_LOADOFF.csv
23;20260219_UB9J4_WLAN_BOOSTCLGA_LOADOFF.csv
10;20260219_UB9J4_WLAN_BOOSTCLGA_LOADOFF.csv
7;20260219_UB9J4_WLAN_BOOSTCLGA_LOADOFF.csv
20;20260219_UB9J4_WLAN_BOOSTCLGA_LOADOFF.csv
19;20260219_UB9J4_WLAN_BOOSTCLGA_LOADOFF.csv
8;20260219_UB9J4_WLAN_BOOSTCLGA_LOADOFF.csv
8;20260219_UB9J4_WLAN_BOOSTCLGA_LOADOFF.csv
7;20260219_UB9J4_WLAN_BOOSTCLGA_LOADOFF.csv
7;20260219_UB9J4_WLAN_BOOSTCLGA_LOADOFF.csv
7;20260219_UB9J4_WLAN_BOOSTCLGA_LOADOFF.csv
7;20260219_UB9J4_WLAN_BOOSTCLGA_LOADOFF.csv
32;20260219_UB9J4_WLAN_BOOSTCLGA_LOADOFF.csv
32;20260219_UB9J4_WLAN_BOOSTCLGA_LOADOFF.csv
8;20260219_UB9J4_WLAN_BOOSTCLGA_LOADOFF.csv
7;20260219_UB9J4_WLAN_BOOSTCLGA_LOADOFF.csv
7;20260219_UB9J4_WLAN_BOOSTCLGA_LOADOFF.csv
7;20260219_UB9J4_WLAN_BOOSTCLGA_LOADOFF.csv
7;20260219_UB9J4_WLAN_BOOSTCLGA_LOADOFF.csv
8;20260219_UB9J4_WLAN_BOOSTCLGA_LOADOFF.csv
9;20260219_UB9J4_WLAN_BOOSTCLGA_LOADOFF.csv
7;20260219_UB9J4_WLAN_BOOSTCLGA_LOADOFF.csv
7;20260219_UB9J4_WLAN_BOOSTCLGA_LOADOFF.csv
7;20260219_UB9J4_WLAN_BOOSTCLGA_LOADOFF.csv
8;20260219_UB9J4_WLAN_BOOSTCLGA_LOADOFF.csv
26;20260219_UB9J4_WLAN_BOOSTCLGA_LOADOFF.csv
9;20260219_UB9J4_WLAN_BOOSTCLGA_LOADOFF.csv
14;20260219_UB9J4_WLAN_BOOSTCLGA_LOADTCP8P.csv
7;20260219_UB9J4_WLAN_BOOSTCLGA_LOADTCP8P.csv
7;20260219_UB9J4_WLAN_BOOSTCLGA_LOADTCP8P.csv
7;20260219_UB9J4_WLAN_BOOSTCLGA_LOADTCP8P.csv
7;20260219_UB9J4_WLAN_BOOSTCLGA_LOADTCP8P.csv
21;20260219_UB9J4_WLAN_BOOSTCLGA_LOADTCP8P.csv
8;20260219_UB9J4_WLAN_BOOSTCLGA_LOADTCP8P.csv
7;20260219_UB9J4_WLAN_BOOSTCLGA_LOADTCP8P.csv
7;20260219_UB9J4_WLAN_BOOSTCLGA_LOADTCP8P.csv
7;20260219_UB9J4_WLAN_BOOSTCLGA_LOADTCP8P.csv
7;20260219_UB9J4_WLAN_BOOSTCLGA_LOADTCP8P.csv
7;20260219_UB9J4_WLAN_BOOSTCLGA_LOADTCP8P.csv
7;20260219_UB9J4_WLAN_BOOSTCLGA_LOADTCP8P.csv
7;20260219_UB9J4_WLAN_BOOSTCLGA_LOADTCP8P.csv
7;20260219_UB9J4_WLAN_BOOSTCLGA_LOADTCP8P.csv
7;20260219_UB9J4_WLAN_BOOSTCLGA_LOADTCP8P.csv
7;20260219_UB9J4_WLAN_BOOSTCLGA_LOADTCP8P.csv
7;20260219_UB9J4_WLAN_BOOSTCLGA_LOADTCP8P.csv
7;20260219_UB9J4_WLAN_BOOSTCLGA_LOADTCP8P.csv
7;20260219_UB9J4_WLAN_BOOSTCLGA_LOADTCP8P.csv
7;20260219_UB9J4_WLAN_BOOSTCLGA_LOADTCP8P.csv
7;20260219_UB9J4_WLAN_BOOSTCLGA_LOADTCP8P.csv
7;20260219_UB9J4_WLAN_BOOSTCLGA_LOADTCP8P.csv
7;20260219_UB9J4_WLAN_BOOSTCLGA_LOADTCP8P.csv
7;20260219_UB9J4_WLAN_BOOSTCLGA_LOADTCP8P.csv
9;20260219_UB9J4_WLAN_BOOSTCLGA_LOADTCP8P.csv
16;20260219_UB9J4_WLAN_BOOSTCLGA_LOADTCP8P.csv
12;20260219_UB9J4_WLAN_BOOSTCLGA_LOADTCP8P.csv
14;20260219_UB9J4_WLAN_BOOSTCLGA_LOADTCP8P.csv
12;20260219_UB9J4_WLAN_BOOSTCLGA_LOADTCP8P.csv
29;20260219_UB9J4_WLAN_BOOSTCLGA_LOADTCP8P.csv
17;20260219_UB9J4_WLAN_BOOSTCLGA_LOADTCP8P.csv
11;20260219_UB9J4_WLAN_BOOSTCLGA_LOADTCP8P.csv
8;20260219_UB9J4_WLAN_BOOSTCLGA_LOADTCP8P.csv
7;20260219_UB9J4_WLAN_BOOSTCLGA_LOADTCP8P.csv
7;20260219_UB9J4_WLAN_BOOSTCLGA_LOADTCP8P.csv
7;20260219_UB9J4_WLAN_BOOSTCLGA_LOADTCP8P.csv
23;20260219_UB9J4_WLAN_BOOSTCLGA_LOADTCP8P.csv
9;20260219_UB9J4_WLAN_BOOSTCLGA_LOADTCP8P.csv
7;20260219_UB9J4_WLAN_BOOSTCLGA_LOADTCP8P.csv
7;20260219_UB9J4_WLAN_BOOSTCLGA_LOADTCP8P.csv
8;20260219_UB9J4_WLAN_BOOSTCLGA_LOADTCP8P.csv
7;20260219_UB9J4_WLAN_BOOSTCLGA_LOADTCP8P.csv
7;20260219_UB9J4_WLAN_BOOSTCLGA_LOADTCP8P.csv
7;20260219_UB9J4_WLAN_BOOSTCLGA_LOADTCP8P.csv
7;20260219_UB9J4_WLAN_BOOSTCLGA_LOADTCP8P.csv
7;20260219_UB9J4_WLAN_BOOSTCLGA_LOADTCP8P.csv
7;20260219_UB9J4_WLAN_BOOSTCLGA_LOADTCP8P.csv
8;20260219_UB9J4_WLAN_BOOSTCLGA_LOADTCP8P.csv
7;20260219_UB9J4_WLAN_BOOSTCLGA_LOADTCP8P.csv
7;20260219_UB9J4_WLAN_BOOSTCLGA_LOADTCP8P.csv
7;20260219_UB9J4_WLAN_BOOSTCLGA_LOADTCP8P.csv
7;20260219_UB9J4_WLAN_BOOSTCLGA_LOADTCP8P.csv
7;20260219_UB9J4_WLAN_BOOSTCLGA_LOADTCP8P.csv
7;20260219_UB9J4_WLAN_BOOSTCLGA_LOADTCP8P.csv
7;20260219_UB9J4_WLAN_BOOSTCLGA_LOADTCP8P.csv
29;20260219_UB9J4_WLAN_BOOSTCLGA_LOADTCP8P.csv
8;20260219_UB9J4_WLAN_BOOSTCLGA_LOADTCP8P.csv
7;20260219_UB9J4_WLAN_BOOSTCLGA_LOADTCP8P.csv
7;20260219_UB9J4_WLAN_BOOSTCLGA_LOADTCP8P.csv
7;20260219_UB9J4_WLAN_BOOSTCLGA_LOADTCP8P.csv
66;20260219_UB9J4_WLAN_BOOSTCLGA_LOADTCP8P.csv
17;20260219_UB9J4_WLAN_BOOSTCLGA_LOADTCP8P.csv
10;20260219_UB9J4_WLAN_BOOSTCLGA_LOADTCP8P.csv
12;20260219_UB9J4_WLAN_BOOSTCLGA_LOADTCP8P.csv
11;20260219_UB9J4_WLAN_BOOSTCLGA_LOADTCP8P.csv
15;20260219_UB9J4_WLAN_BOOSTCLGA_LOADTCP8P.csv
14;20260219_UB9J4_WLAN_BOOSTCLGA_LOADTCP8P.csv
8;20260219_UB9J4_WLAN_BOOSTCLGA_LOADTCP8P.csv
14;20260219_UB9J4_WLAN_BOOSTCLGA_LOADTCP8P.csv
10;20260219_UB9J4_WLAN_BOOSTCLGA_LOADTCP8P.csv
9;20260219_UB9J4_WLAN_BOOSTCLGA_LOADTCP8P.csv
48;20260219_UB9J4_WLAN_BOOSTCLGA_LOADTCP8P.csv
17;20260219_UB9J4_WLAN_BOOSTCLGA_LOADTCP8P.csv
21;20260219_UB9J4_WLAN_BOOSTCLGA_LOADTCP8P.csv
10;20260219_UB9J4_WLAN_BOOSTCLGA_LOADTCP8P.csv
13;20260219_UB9J4_WLAN_BOOSTCLGA_LOADTCP8P.csv
9;20260219_UB9J4_WLAN_BOOSTCLGA_LOADTCP8P.csv
10;20260219_UB9J4_WLAN_BOOSTCLGA_LOADTCP8P.csv
9;20260219_UB9J4_WLAN_BOOSTCLGA_LOADTCP8P.csv
8;20260219_UB9J4_WLAN_BOOSTCLGA_LOADTCP8P.csv
10;20260219_UB9J4_WLAN_BOOSTCLGA_LOADTCP8P.csv
19;20260219_UB9J4_WLAN_BOOSTCLGA_LOADTCP8P.csv
14;20260219_UB9J4_WLAN_BOOSTCLGA_LOADTCP8P.csv
10;20260219_UB9J4_WLAN_BOOSTCLGA_LOADTCP8P.csv
42;20260219_UB9J4_WLAN_BOOSTCLGA_LOADTCP8P.csv
54;20260219_UB9J4_WLAN_BOOSTCLGA_LOADTCP8P.csv
110;20260219_UB9J4_WLAN_BOOSTCLGA_LOADTCP8P.csv
30;20260219_UB9J4_WLAN_BOOSTCLGA_LOADTCP8P.csv
13;20260219_UB9J4_WLAN_BOOSTCLGA_LOADTCP8P.csv
12;20260219_UB9J4_WLAN_BOOSTCLGA_LOADTCP8P.csv
19;20260219_UB9J4_WLAN_BOOSTCLGA_LOADTCP8P.csv
8;20260219_UB9J4_WLAN_BOOSTCLGA_LOADTCP8P.csv
8;20260219_UB9J4_WLAN_BOOSTCLGA_LOADTCP8P.csv
10;20260219_UB9J4_WLAN_BOOSTCLGA_LOADTCP8P.csv
11;20260219_UB9J4_WLAN_BOOSTCLGA_LOADTCP8P.csv
9;20260219_UB9J4_WLAN_BOOSTCLGA_LOADTCP8P.csv
9;20260219_UB9J4_WLAN_BOOSTCLGA_LOADTCP8P.csv
8;20260219_UB9J4_WLAN_BOOSTCLGA_LOADTCP8P.csv
7;20260219_UB9J4_WLAN_BOOSTCLGA_LOADTCP8P.csv
7;20260219_UB9J4_WLAN_BOOSTCLGA_LOADTCP8P.csv
40;20260219_UB9J4_WLAN_BOOSTCLGA_LOADTCP8P.csv
13;20260219_UB9J4_WLAN_BOOSTCLGA_LOADTCP8P.csv
9;20260219_UB9J4_WLAN_BOOSTCLGA_LOADTCP8P.csv
36;20260219_UB9J4_WLAN_BOOSTCLGA_LOADTCP8P.csv
73;20260219_UB9J4_WLAN_BOOSTCLGA_LOADTCP8P.csv
134;20260219_UB9J4_WLAN_BOOSTCLGA_LOADTCP8P.csv
20;20260219_UB9J4_WLAN_BOOSTCLGA_LOADTCP8P.csv
10;20260219_UB9J4_WLAN_BOOSTCLGA_LOADTCP8P.csv
10;20260219_UB9J4_WLAN_BOOSTCLGA_LOADTCP8P.csv
14;20260219_UB9J4_WLAN_BOOSTCLGA_LOADTCP8P.csv
14;20260219_UB9J4_WLAN_BOOSTCLGA_LOADTCP8P.csv
13;20260219_UB9J4_WLAN_BOOSTCLGA_LOADTCP8P.csv
12;20260219_UB9J4_WLAN_BOOSTCLGA_LOADTCP8P.csv
39;20260219_UB9J4_WLAN_BOOSTCLGA_LOADTCP8P.csv
36;20260219_UB9J4_WLAN_BOOSTCLGA_LOADTCP8P.csv
13;20260219_UB9J4_WLAN_BOOSTCLGA_LOADTCP8P.csv
10;20260219_UB9J4_WLAN_BOOSTCLGA_LOADTCP8P.csv
19;20260219_UB9J4_WLAN_BOOSTCLGA_LOADTCP8P.csv
13;20260219_UB9J4_WLAN_BOOSTCLGA_LOADTCP8P.csv
11;20260219_UB9J4_WLAN_BOOSTCLGA_LOADTCP8P.csv
8;20260219_UB9J4_WLAN_BOOSTCLGA_LOADTCP8P.csv
8;20260219_UB9J4_WLAN_BOOSTCLGA_LOADTCP8P.csv
10;20260219_UB9J4_WLAN_BOOSTCLGA_LOADTCP8P.csv
11;20260219_UB9J4_WLAN_BOOSTCLGA_LOADTCP8P.csv
9;20260219_UB9J4_WLAN_BOOSTCLGA_LOADTCP8P.csv
13;20260219_UB9J4_WLAN_BOOSTCLGA_LOADTCP8P.csv
13;20260219_UB9J4_WLAN_BOOSTCLGA_LOADTCP8P.csv
14;20260219_UB9J4_WLAN_BOOSTCLGA_LOADTCP8P.csv
12;20260219_UB9J4_WLAN_BOOSTCLGA_LOADTCP8P.csv
11;20260219_UB9J4_WLAN_BOOSTCLGA_LOADTCP8P.csv
32;20260219_UB9J4_WLAN_BOOSTCLGA_LOADTCP8P.csv
11;20260219_UB9J4_WLAN_BOOSTCLGA_LOADTCP8P.csv
13;20260219_UB9J4_WLAN_BOOSTCLGA_LOADTCP8P.csv
31;20260219_UB9J4_WLAN_BOOSTCLGA_LOADTCP8P.csv
15;20260219_UB9J4_WLAN_BOOSTCLGA_LOADTCP8P.csv
12;20260219_UB9J4_WLAN_BOOSTCLGA_LOADTCP8P.csv
15;20260219_UB9J4_WLAN_BOOSTCLGA_LOADTCP8P.csv
15;20260219_UB9J4_WLAN_BOOSTCLGA_LOADTCP8P.csv
25;20260219_UB9J4_WLAN_BOOSTCLGA_LOADTCP8P.csv
12;20260219_UB9J4_WLAN_BOOSTCLGA_LOADTCP8P.csv
12;20260219_UB9J4_WLAN_BOOSTCLGA_LOADTCP8P.csv
12;20260219_UB9J4_WLAN_BOOSTCLGA_LOADTCP8P.csv
10;20260219_UB9J4_WLAN_BOOSTCLGA_LOADTCP8P.csv
16;20260219_UB9J4_WLAN_BOOSTCLGA_LOADTCP8P.csv
20;20260219_UB9J4_WLAN_BOOSTCLGA_LOADTCP8P.csv
16;20260219_UB9J4_WLAN_BOOSTCLGA_LOADTCP8P.csv
14;20260219_UB9J4_WLAN_BOOSTCLGA_LOADTCP8P.csv
13;20260219_UB9J4_WLAN_BOOSTCLGA_LOADTCP8P.csv
11;20260219_UB9J4_WLAN_BOOSTCLGA_LOADTCP8P.csv
36;20260219_UB9J4_WLAN_BOOSTCLGA_LOADTCP8P.csv
44;20260219_UB9J4_WLAN_BOOSTCLGA_LOADTCP8P.csv
14;20260219_UB9J4_WLAN_BOOSTCLGA_LOADTCP8P.csv
10;20260219_UB9J4_WLAN_BOOSTCLGA_LOADTCP8P.csv
26;20260219_UB9J4_WLAN_BOOSTCLGA_LOADTCP8P.csv
10;20260219_UB9J4_WLAN_BOOSTCLGA_LOADTCP8P.csv
8;20260219_UB9J4_WLAN_BOOSTCLGA_LOADTCP8P.csv
8;20260219_UB9J4_WLAN_BOOSTCLGA_LOADTCP8P.csv
7;20260219_UB9J4_WLAN_BOOSTCLGA_LOADTCP8P.csv
7;20260219_UB9J4_WLAN_BOOSTCLGA_LOADTCP8P.csv
8;20260219_UB9J4_WLAN_BOOSTCLGA_LOADTCP8P.csv
11;20260219_UB9J4_WLAN_BOOSTCLGA_LOADTCP8P.csv
8;20260219_UB9J4_WLAN_BOOSTCLGA_LOADTCP8P.csv
7;20260219_UB9J4_WLAN_BOOSTCLGA_LOADTCP8P.csv
7;20260219_UB9J4_WLAN_BOOSTCLGA_LOADTCP8P.csv
7;20260219_UB9J4_WLAN_BOOSTCLGA_LOADTCP8P.csv
7;20260219_UB9J4_WLAN_BOOSTCLGA_LOADTCP8P.csv
21;20260219_UB9J4_WLAN_BOOSTCLGA_LOADTCP8P.csv
8;20260219_UB9J4_WLAN_BOOSTCLGA_LOADTCP8P.csv
7;20260219_UB9J4_WLAN_BOOSTCLGA_LOADTCP8P.csv
7;20260219_UB9J4_WLAN_BOOSTCLGA_LOADTCP8P.csv
9;20260219_UB9J4_WLAN_BOOSTCLGA_LOADTCP8P.csv
7;20260219_UB9J4_WLAN_BOOSTCLGA_LOADTCP8P.csv
8;20260219_UB9J4_WLAN_BOOSTCLGA_LOADTCP8P.csv
7;20260219_UB9J4_WLAN_BOOSTCLGA_LOADTCP8P.csv
7;20260219_UB9J4_WLAN_BOOSTCLGA_LOADTCP8P.csv
7;20260219_UB9J4_WLAN_BOOSTCLGA_LOADTCP8P.csv
7;20260219_UB9J4_WLAN_BOOSTCLGA_LOADTCP8P.csv
6;20260219_UB9J4_WLAN_BOOSTCLGA_LOADTCP8P.csv
7;20260219_UB9J4_WLAN_BOOSTCLGA_LOADTCP8P.csv
7;20260219_UB9J4_WLAN_BOOSTCLGA_LOADTCP8P.csv
7;20260219_UB9J4_WLAN_BOOSTCLGA_LOADTCP8P.csv
7;20260219_UB9J4_WLAN_BOOSTCLGA_LOADTCP8P.csv
45;20260219_UB9J4_WLAN_BOOSTCLGA_LOADTCP8P.csv
11;20260219_UB9J4_WLAN_BOOSTCLGA_LOADTCP8P.csv
9;20260219_UB9J4_WLAN_BOOSTCLGA_LOADTCP8P.csv
7;20260219_UB9J4_WLAN_BOOSTCLGA_LOADTCP8P.csv
7;20260219_UB9J4_WLAN_BOOSTCLGA_LOADTCP8P.csv
8;20260219_UB9J4_WLAN_BOOSTCLGA_LOADTCP8P.csv
7;20260219_UB9J4_WLAN_BOOSTCLGA_LOADTCP8P.csv
7;20260219_UB9J4_WLAN_BOOSTCLGA_LOADTCP8P.csv
7;20260219_UB9J4_WLAN_BOOSTCLGA_LOADTCP8P.csv
20;20260219_UB9J4_WLAN_BOOSTCLGA_LOADTCP8P.csv
11;20260219_UB9J4_WLAN_BOOSTCLGA_LOADTCP8P.csv
7;20260219_UB9J4_WLAN_BOOSTCLGA_LOADTCP8P.csv
7;20260219_UB9J4_WLAN_BOOSTCLGA_LOADTCP8P.csv
37;20260219_UB9J4_WLAN_BOOSTCLGA_LOADTCP8P.csv
15;20260219_UB9J4_WLAN_BOOSTCLGA_LOADTCP8P.csv
13;20260219_UB9J4_WLAN_BOOSTCLGA_LOADTCP8P.csv
13;20260219_UB9J4_WLAN_BOOSTCLGA_LOADTCP8P.csv
7;20260219_UB9J4_WLAN_BOOSTCLGA_LOADYOUTUBE4K.csv
7;20260219_UB9J4_WLAN_BOOSTCLGA_LOADYOUTUBE4K.csv
8;20260219_UB9J4_WLAN_BOOSTCLGA_LOADYOUTUBE4K.csv
7;20260219_UB9J4_WLAN_BOOSTCLGA_LOADYOUTUBE4K.csv
7;20260219_UB9J4_WLAN_BOOSTCLGA_LOADYOUTUBE4K.csv
7;20260219_UB9J4_WLAN_BOOSTCLGA_LOADYOUTUBE4K.csv
7;20260219_UB9J4_WLAN_BOOSTCLGA_LOADYOUTUBE4K.csv
7;20260219_UB9J4_WLAN_BOOSTCLGA_LOADYOUTUBE4K.csv
7;20260219_UB9J4_WLAN_BOOSTCLGA_LOADYOUTUBE4K.csv
7;20260219_UB9J4_WLAN_BOOSTCLGA_LOADYOUTUBE4K.csv
7;20260219_UB9J4_WLAN_BOOSTCLGA_LOADYOUTUBE4K.csv
6;20260219_UB9J4_WLAN_BOOSTCLGA_LOADYOUTUBE4K.csv
7;20260219_UB9J4_WLAN_BOOSTCLGA_LOADYOUTUBE4K.csv
27;20260219_UB9J4_WLAN_BOOSTCLGA_LOADYOUTUBE4K.csv
9;20260219_UB9J4_WLAN_BOOSTCLGA_LOADYOUTUBE4K.csv
7;20260219_UB9J4_WLAN_BOOSTCLGA_LOADYOUTUBE4K.csv
7;20260219_UB9J4_WLAN_BOOSTCLGA_LOADYOUTUBE4K.csv
7;20260219_UB9J4_WLAN_BOOSTCLGA_LOADYOUTUBE4K.csv
31;20260219_UB9J4_WLAN_BOOSTCLGA_LOADYOUTUBE4K.csv
16;20260219_UB9J4_WLAN_BOOSTCLGA_LOADYOUTUBE4K.csv
8;20260219_UB9J4_WLAN_BOOSTCLGA_LOADYOUTUBE4K.csv
9;20260219_UB9J4_WLAN_BOOSTCLGA_LOADYOUTUBE4K.csv
11;20260219_UB9J4_WLAN_BOOSTCLGA_LOADYOUTUBE4K.csv
7;20260219_UB9J4_WLAN_BOOSTCLGA_LOADYOUTUBE4K.csv
21;20260219_UB9J4_WLAN_BOOSTCLGA_LOADYOUTUBE4K.csv
17;20260219_UB9J4_WLAN_BOOSTCLGA_LOADYOUTUBE4K.csv
8;20260219_UB9J4_WLAN_BOOSTCLGA_LOADYOUTUBE4K.csv
7;20260219_UB9J4_WLAN_BOOSTCLGA_LOADYOUTUBE4K.csv
7;20260219_UB9J4_WLAN_BOOSTCLGA_LOADYOUTUBE4K.csv
7;20260219_UB9J4_WLAN_BOOSTCLGA_LOADYOUTUBE4K.csv
7;20260219_UB9J4_WLAN_BOOSTCLGA_LOADYOUTUBE4K.csv
7;20260219_UB9J4_WLAN_BOOSTCLGA_LOADYOUTUBE4K.csv
7;20260219_UB9J4_WLAN_BOOSTCLGA_LOADYOUTUBE4K.csv
7;20260219_UB9J4_WLAN_BOOSTCLGA_LOADYOUTUBE4K.csv
7;20260219_UB9J4_WLAN_BOOSTCLGA_LOADYOUTUBE4K.csv
7;20260219_UB9J4_WLAN_BOOSTCLGA_LOADYOUTUBE4K.csv
7;20260219_UB9J4_WLAN_BOOSTCLGA_LOADYOUTUBE4K.csv
8;20260219_UB9J4_WLAN_BOOSTCLGA_LOADYOUTUBE4K.csv
7;20260219_UB9J4_WLAN_BOOSTCLGA_LOADYOUTUBE4K.csv
7;20260219_UB9J4_WLAN_BOOSTCLGA_LOADYOUTUBE4K.csv
7;20260219_UB9J4_WLAN_BOOSTCLGA_LOADYOUTUBE4K.csv
19;20260219_UB9J4_WLAN_BOOSTCLGA_LOADYOUTUBE4K.csv
8;20260219_UB9J4_WLAN_BOOSTCLGA_LOADYOUTUBE4K.csv
8;20260219_UB9J4_WLAN_BOOSTCLGA_LOADYOUTUBE4K.csv
14;20260219_UB9J4_WLAN_BOOSTCLGA_LOADYOUTUBE4K.csv
35;20260219_UB9J4_WLAN_BOOSTCLGA_LOADYOUTUBE4K.csv
44;20260219_UB9J4_WLAN_BOOSTCLGA_LOADYOUTUBE4K.csv
41;20260219_UB9J4_WLAN_BOOSTCLGA_LOADYOUTUBE4K.csv
16;20260219_UB9J4_WLAN_BOOSTCLGA_LOADYOUTUBE4K.csv
12;20260219_UB9J4_WLAN_BOOSTCLGA_LOADYOUTUBE4K.csv
14;20260219_UB9J4_WLAN_BOOSTCLGA_LOADYOUTUBE4K.csv
12;20260219_UB9J4_WLAN_BOOSTCLGA_LOADYOUTUBE4K.csv
30;20260219_UB9J4_WLAN_BOOSTCLGA_LOADYOUTUBE4K.csv
9;20260219_UB9J4_WLAN_BOOSTCLGA_LOADYOUTUBE4K.csv
44;20260219_UB9J4_WLAN_BOOSTCLGA_LOADYOUTUBE4K.csv
16;20260219_UB9J4_WLAN_BOOSTCLGA_LOADYOUTUBE4K.csv
9;20260219_UB9J4_WLAN_BOOSTCLGA_LOADYOUTUBE4K.csv
8;20260219_UB9J4_WLAN_BOOSTCLGA_LOADYOUTUBE4K.csv
10;20260219_UB9J4_WLAN_BOOSTCLGA_LOADYOUTUBE4K.csv
7;20260219_UB9J4_WLAN_BOOSTCLGA_LOADYOUTUBE4K.csv
6;20260219_UB9J4_WLAN_BOOSTCLGA_LOADYOUTUBE4K.csv
7;20260219_UB9J4_WLAN_BOOSTCLGA_LOADYOUTUBE4K.csv
30;20260219_UB9J4_WLAN_BOOSTCLGA_LOADYOUTUBE4K.csv
9;20260219_UB9J4_WLAN_BOOSTCLGA_LOADYOUTUBE4K.csv
7;20260219_UB9J4_WLAN_BOOSTCLGA_LOADYOUTUBE4K.csv
7;20260219_UB9J4_WLAN_BOOSTCLGA_LOADYOUTUBE4K.csv
39;20260219_UB9J4_WLAN_BOOSTCLGA_LOADYOUTUBE4K.csv
24;20260219_UB9J4_WLAN_BOOSTCLGA_LOADYOUTUBE4K.csv
9;20260219_UB9J4_WLAN_BOOSTCLGA_LOADYOUTUBE4K.csv
7;20260219_UB9J4_WLAN_BOOSTCLGA_LOADYOUTUBE4K.csv
15;20260219_UB9J4_WLAN_BOOSTCLGA_LOADYOUTUBE4K.csv
21;20260219_UB9J4_WLAN_BOOSTCLGA_LOADYOUTUBE4K.csv
44;20260219_UB9J4_WLAN_BOOSTCLGA_LOADYOUTUBE4K.csv
13;20260219_UB9J4_WLAN_BOOSTCLGA_LOADYOUTUBE4K.csv
8;20260219_UB9J4_WLAN_BOOSTCLGA_LOADYOUTUBE4K.csv
7;20260219_UB9J4_WLAN_BOOSTCLGA_LOADYOUTUBE4K.csv
7;20260219_UB9J4_WLAN_BOOSTCLGA_LOADYOUTUBE4K.csv
7;20260219_UB9J4_WLAN_BOOSTCLGA_LOADYOUTUBE4K.csv
8;20260219_UB9J4_WLAN_BOOSTCLGA_LOADYOUTUBE4K.csv
11;20260219_UB9J4_WLAN_BOOSTCLGA_LOADYOUTUBE4K.csv
8;20260219_UB9J4_WLAN_BOOSTCLGA_LOADYOUTUBE4K.csv
8;20260219_UB9J4_WLAN_BOOSTCLGA_LOADYOUTUBE4K.csv
7;20260219_UB9J4_WLAN_BOOSTCLGA_LOADYOUTUBE4K.csv
7;20260219_UB9J4_WLAN_BOOSTCLGA_LOADYOUTUBE4K.csv
8;20260219_UB9J4_WLAN_BOOSTCLGA_LOADYOUTUBE4K.csv
8;20260219_UB9J4_WLAN_BOOSTCLGA_LOADYOUTUBE4K.csv
8;20260219_UB9J4_WLAN_BOOSTCLGA_LOADYOUTUBE4K.csv
7;20260219_UB9J4_WLAN_BOOSTCLGA_LOADYOUTUBE4K.csv
7;20260219_UB9J4_WLAN_BOOSTCLGA_LOADYOUTUBE4K.csv
7;20260219_UB9J4_WLAN_BOOSTCLGA_LOADYOUTUBE4K.csv
37;20260219_UB9J4_WLAN_BOOSTCLGA_LOADYOUTUBE4K.csv
14;20260219_UB9J4_WLAN_BOOSTCLGA_LOADYOUTUBE4K.csv
8;20260219_UB9J4_WLAN_BOOSTCLGA_LOADYOUTUBE4K.csv
7;20260219_UB9J4_WLAN_BOOSTCLGA_LOADYOUTUBE4K.csv
7;20260219_UB9J4_WLAN_BOOSTCLGA_LOADYOUTUBE4K.csv
7;20260219_UB9J4_WLAN_BOOSTCLGA_LOADYOUTUBE4K.csv
7;20260219_UB9J4_WLAN_BOOSTCLGA_LOADYOUTUBE4K.csv
7;20260219_UB9J4_WLAN_BOOSTCLGA_LOADYOUTUBE4K.csv
7;20260219_UB9J4_WLAN_BOOSTCLGA_LOADYOUTUBE4K.csv
8;20260219_UB9J4_WLAN_BOOSTCLGA_LOADYOUTUBE4K.csv
52;20260219_UB9J4_WLAN_BOOSTCLGA_LOADYOUTUBE4K.csv
102;20260219_UB9J4_WLAN_BOOSTCLGA_LOADYOUTUBE4K.csv
17;20260219_UB9J4_WLAN_BOOSTCLGA_LOADYOUTUBE4K.csv
9;20260219_UB9J4_WLAN_BOOSTCLGA_LOADYOUTUBE4K.csv
7;20260219_UB9J4_WLAN_BOOSTCLGA_LOADYOUTUBE4K.csv
7;20260219_UB9J4_WLAN_BOOSTCLGA_LOADYOUTUBE4K.csv
7;20260219_UB9J4_WLAN_BOOSTCLGA_LOADYOUTUBE4K.csv
8;20260219_UB9J4_WLAN_BOOSTCLGA_LOADYOUTUBE4K.csv
7;20260219_UB9J4_WLAN_BOOSTCLGA_LOADYOUTUBE4K.csv
8;20260219_UB9J4_WLAN_BOOSTCLGA_LOADYOUTUBE4K.csv
7;20260219_UB9J4_WLAN_BOOSTCLGA_LOADYOUTUBE4K.csv
7;20260219_UB9J4_WLAN_BOOSTCLGA_LOADYOUTUBE4K.csv
7;20260219_UB9J4_WLAN_BOOSTCLGA_LOADYOUTUBE4K.csv
7;20260219_UB9J4_WLAN_BOOSTCLGA_LOADYOUTUBE4K.csv
7;20260219_UB9J4_WLAN_BOOSTCLGA_LOADYOUTUBE4K.csv
53;20260219_UB9J4_WLAN_BOOSTCLGA_LOADYOUTUBE4K.csv
11;20260219_UB9J4_WLAN_BOOSTCLGA_LOADYOUTUBE4K.csv
7;20260219_UB9J4_WLAN_BOOSTCLGA_LOADYOUTUBE4K.csv
8;20260219_UB9J4_WLAN_BOOSTCLGA_LOADYOUTUBE4K.csv
7;20260219_UB9J4_WLAN_BOOSTCLGA_LOADYOUTUBE4K.csv
30;20260219_UB9J4_WLAN_BOOSTCLGA_LOADYOUTUBE4K.csv
10;20260219_UB9J4_WLAN_BOOSTCLGA_LOADYOUTUBE4K.csv
8;20260219_UB9J4_WLAN_BOOSTCLGA_LOADYOUTUBE4K.csv
7;20260219_UB9J4_WLAN_BOOSTCLGA_LOADYOUTUBE4K.csv
7;20260219_UB9J4_WLAN_BOOSTCLGA_LOADYOUTUBE4K.csv
7;20260219_UB9J4_WLAN_BOOSTCLGA_LOADYOUTUBE4K.csv
7;20260219_UB9J4_WLAN_BOOSTCLGA_LOADYOUTUBE4K.csv
7;20260219_UB9J4_WLAN_BOOSTCLGA_LOADYOUTUBE4K.csv
7;20260219_UB9J4_WLAN_BOOSTCLGA_LOADYOUTUBE4K.csv
7;20260219_UB9J4_WLAN_BOOSTCLGA_LOADYOUTUBE4K.csv
7;20260219_UB9J4_WLAN_BOOSTCLGA_LOADYOUTUBE4K.csv
7;20260219_UB9J4_WLAN_BOOSTCLGA_LOADYOUTUBE4K.csv
7;20260219_UB9J4_WLAN_BOOSTCLGA_LOADYOUTUBE4K.csv
7;20260219_UB9J4_WLAN_BOOSTCLGA_LOADYOUTUBE4K.csv
7;20260219_UB9J4_WLAN_BOOSTCLGA_LOADYOUTUBE4K.csv
7;20260219_UB9J4_WLAN_BOOSTCLGA_LOADYOUTUBE4K.csv
7;20260219_UB9J4_WLAN_BOOSTCLGA_LOADYOUTUBE4K.csv
45;20260219_UB9J4_WLAN_BOOSTCLGA_LOADYOUTUBE4K.csv
81;20260219_UB9J4_WLAN_BOOSTCLGA_LOADYOUTUBE4K.csv
23;20260219_UB9J4_WLAN_BOOSTCLGA_LOADYOUTUBE4K.csv
8;20260219_UB9J4_WLAN_BOOSTCLGA_LOADYOUTUBE4K.csv
8;20260219_UB9J4_WLAN_BOOSTCLGA_LOADYOUTUBE4K.csv
8;20260219_UB9J4_WLAN_BOOSTCLGA_LOADYOUTUBE4K.csv
7;20260219_UB9J4_WLAN_BOOSTCLGA_LOADYOUTUBE4K.csv
7;20260219_UB9J4_WLAN_BOOSTCLGA_LOADYOUTUBE4K.csv
7;20260219_UB9J4_WLAN_BOOSTCLGA_LOADYOUTUBE4K.csv
7;20260219_UB9J4_WLAN_BOOSTCLGA_LOADYOUTUBE4K.csv
7;20260219_UB9J4_WLAN_BOOSTCLGA_LOADYOUTUBE4K.csv
7;20260219_UB9J4_WLAN_BOOSTCLGA_LOADYOUTUBE4K.csv
7;20260219_UB9J4_WLAN_BOOSTCLGA_LOADYOUTUBE4K.csv
7;20260219_UB9J4_WLAN_BOOSTCLGA_LOADYOUTUBE4K.csv
7;20260219_UB9J4_WLAN_BOOSTCLGA_LOADYOUTUBE4K.csv
7;20260219_UB9J4_WLAN_BOOSTCLGA_LOADYOUTUBE4K.csv
7;20260219_UB9J4_WLAN_BOOSTCLGA_LOADYOUTUBE4K.csv
7;20260219_UB9J4_WLAN_BOOSTCLGA_LOADYOUTUBE4K.csv
7;20260219_UB9J4_WLAN_BOOSTCLGA_LOADYOUTUBE4K.csv
7;20260219_UB9J4_WLAN_BOOSTCLGA_LOADYOUTUBE4K.csv
57;20260219_UB9J4_WLAN_BOOSTCLGA_LOADYOUTUBE4K.csv
14;20260219_UB9J4_WLAN_BOOSTCLGA_LOADYOUTUBE4K.csv
10;20260219_UB9J4_WLAN_BOOSTCLGA_LOADYOUTUBE4K.csv
8;20260219_UB9J4_WLAN_BOOSTCLGA_LOADYOUTUBE4K.csv
7;20260219_UB9J4_WLAN_BOOSTCLGA_LOADYOUTUBE4K.csv
21;20260219_UB9J4_WLAN_BOOSTCLGA_LOADYOUTUBE4K.csv
51;20260219_UB9J4_WLAN_BOOSTCLGA_LOADYOUTUBE4K.csv
14;20260219_UB9J4_WLAN_BOOSTCLGA_LOADYOUTUBE4K.csv
8;20260219_UB9J4_WLAN_BOOSTCLGA_LOADYOUTUBE4K.csv
7;20260219_UB9J4_WLAN_BOOSTCLGA_LOADYOUTUBE4K.csv
7;20260219_UB9J4_WLAN_BOOSTCLGA_LOADYOUTUBE4K.csv
7;20260219_UB9J4_WLAN_BOOSTCLGA_LOADYOUTUBE4K.csv
8;20260219_UB9J4_WLAN_BOOSTCLGA_LOADYOUTUBE4K.csv
7;20260219_UB9J4_WLAN_BOOSTCLGA_LOADYOUTUBE4K.csv
7;20260219_UB9J4_WLAN_BOOSTCLGA_LOADYOUTUBE4K.csv
7;20260219_UB9J4_WLAN_BOOSTCLGA_LOADYOUTUBE4K.csv
7;20260219_UB9J4_WLAN_BOOSTCLGA_LOADYOUTUBE4K.csv
54;20260219_UB9J4_WLAN_BOOSTCLGA_LOADYOUTUBE4K.csv
17;20260219_UB9J4_WLAN_BOOSTCLGA_LOADYOUTUBE4K.csv
8;20260219_UB9J4_WLAN_BOOSTCLGA_LOADYOUTUBE4K.csv
7;20260219_UB9J4_WLAN_BOOSTCLGA_LOADYOUTUBE4K.csv
7;20260219_UB9J4_WLAN_BOOSTCLGA_LOADYOUTUBE4K.csv
58;20260219_UB9J4_WLAN_BOOSTCLGA_LOADYOUTUBE4K.csv
13;20260219_UB9J4_WLAN_BOOSTCLGA_LOADYOUTUBE4K.csv
8;20260219_UB9J4_WLAN_BOOSTCLGA_LOADYOUTUBE4K.csv
9;20260219_UB9J4_WLAN_BOOSTCLGA_LOADYOUTUBE4K.csv
7;20260219_UB9J4_WLAN_BOOSTCLGA_LOADYOUTUBE4K.csv
7;20260219_UB9J4_WLAN_BOOSTCLGA_LOADYOUTUBE4K.csv
13;20260219_UB9J4_WLAN_BOOSTCLGA_LOADYOUTUBE4K.csv
9;20260219_UB9J4_WLAN_BOOSTCLGA_LOADYOUTUBE4K.csv
7;20260219_UB9J4_WLAN_BOOSTCLGA_LOADYOUTUBE4K.csv
7;20260219_UB9J4_WLAN_BOOSTCLGA_LOADYOUTUBE4K.csv
7;20260219_UB9J4_WLAN_BOOSTCLGA_LOADYOUTUBE4K.csv
8;20260219_UB9J4_WLAN_BOOSTCLGA_LOADYOUTUBE4K.csv
70;20260219_UB9J4_WLAN_BOOSTCLGA_LOADYOUTUBE4K.csv
41;20260219_UB9J4_WLAN_BOOSTCLGA_LOADYOUTUBE4K.csv
9;20260219_UB9J4_WLAN_BOOSTCLGA_LOADYOUTUBE4K.csv
7;20260219_UB9J4_WLAN_BOOSTCLGA_LOADYOUTUBE4K.csv
7;20260219_UB9J4_WLAN_BOOSTCLGA_LOADYOUTUBE4K.csv
7;20260219_UB9J4_WLAN_BOOSTCLGA_LOADYOUTUBE4K.csv
28;20260219_UB9J4_WLAN_BOOSTCLGA_LOADYOUTUBE4K.csv
9;20260219_UB9J4_WLAN_BOOSTCLGA_LOADYOUTUBE4K.csv
16;20260219_UB9J4_WLAN_BOOSTCLGA_LOADYOUTUBE4K.csv
7;20260219_UB9J4_WLAN_BOOSTCLGA_LOADYOUTUBE4K_MAGENTATV20.csv
7;20260219_UB9J4_WLAN_BOOSTCLGA_LOADYOUTUBE4K_MAGENTATV20.csv
7;20260219_UB9J4_WLAN_BOOSTCLGA_LOADYOUTUBE4K_MAGENTATV20.csv
7;20260219_UB9J4_WLAN_BOOSTCLGA_LOADYOUTUBE4K_MAGENTATV20.csv
7;20260219_UB9J4_WLAN_BOOSTCLGA_LOADYOUTUBE4K_MAGENTATV20.csv
7;20260219_UB9J4_WLAN_BOOSTCLGA_LOADYOUTUBE4K_MAGENTATV20.csv
7;20260219_UB9J4_WLAN_BOOSTCLGA_LOADYOUTUBE4K_MAGENTATV20.csv
7;20260219_UB9J4_WLAN_BOOSTCLGA_LOADYOUTUBE4K_MAGENTATV20.csv
10;20260219_UB9J4_WLAN_BOOSTCLGA_LOADYOUTUBE4K_MAGENTATV20.csv
7;20260219_UB9J4_WLAN_BOOSTCLGA_LOADYOUTUBE4K_MAGENTATV20.csv
7;20260219_UB9J4_WLAN_BOOSTCLGA_LOADYOUTUBE4K_MAGENTATV20.csv
26;20260219_UB9J4_WLAN_BOOSTCLGA_LOADYOUTUBE4K_MAGENTATV20.csv
13;20260219_UB9J4_WLAN_BOOSTCLGA_LOADYOUTUBE4K_MAGENTATV20.csv
16;20260219_UB9J4_WLAN_BOOSTCLGA_LOADYOUTUBE4K_MAGENTATV20.csv
16;20260219_UB9J4_WLAN_BOOSTCLGA_LOADYOUTUBE4K_MAGENTATV20.csv
9;20260219_UB9J4_WLAN_BOOSTCLGA_LOADYOUTUBE4K_MAGENTATV20.csv
7;20260219_UB9J4_WLAN_BOOSTCLGA_LOADYOUTUBE4K_MAGENTATV20.csv
7;20260219_UB9J4_WLAN_BOOSTCLGA_LOADYOUTUBE4K_MAGENTATV20.csv
10;20260219_UB9J4_WLAN_BOOSTCLGA_LOADYOUTUBE4K_MAGENTATV20.csv
7;20260219_UB9J4_WLAN_BOOSTCLGA_LOADYOUTUBE4K_MAGENTATV20.csv
9;20260219_UB9J4_WLAN_BOOSTCLGA_LOADYOUTUBE4K_MAGENTATV20.csv
7;20260219_UB9J4_WLAN_BOOSTCLGA_LOADYOUTUBE4K_MAGENTATV20.csv
7;20260219_UB9J4_WLAN_BOOSTCLGA_LOADYOUTUBE4K_MAGENTATV20.csv
7;20260219_UB9J4_WLAN_BOOSTCLGA_LOADYOUTUBE4K_MAGENTATV20.csv
19;20260219_UB9J4_WLAN_BOOSTCLGA_LOADYOUTUBE4K_MAGENTATV20.csv
9;20260219_UB9J4_WLAN_BOOSTCLGA_LOADYOUTUBE4K_MAGENTATV20.csv
7;20260219_UB9J4_WLAN_BOOSTCLGA_LOADYOUTUBE4K_MAGENTATV20.csv
8;20260219_UB9J4_WLAN_BOOSTCLGA_LOADYOUTUBE4K_MAGENTATV20.csv
8;20260219_UB9J4_WLAN_BOOSTCLGA_LOADYOUTUBE4K_MAGENTATV20.csv
7;20260219_UB9J4_WLAN_BOOSTCLGA_LOADYOUTUBE4K_MAGENTATV20.csv
8;20260219_UB9J4_WLAN_BOOSTCLGA_LOADYOUTUBE4K_MAGENTATV20.csv
38;20260219_UB9J4_WLAN_BOOSTCLGA_LOADYOUTUBE4K_MAGENTATV20.csv
11;20260219_UB9J4_WLAN_BOOSTCLGA_LOADYOUTUBE4K_MAGENTATV20.csv
7;20260219_UB9J4_WLAN_BOOSTCLGA_LOADYOUTUBE4K_MAGENTATV20.csv
7;20260219_UB9J4_WLAN_BOOSTCLGA_LOADYOUTUBE4K_MAGENTATV20.csv
7;20260219_UB9J4_WLAN_BOOSTCLGA_LOADYOUTUBE4K_MAGENTATV20.csv
15;20260219_UB9J4_WLAN_BOOSTCLGA_LOADYOUTUBE4K_MAGENTATV20.csv
8;20260219_UB9J4_WLAN_BOOSTCLGA_LOADYOUTUBE4K_MAGENTATV20.csv
7;20260219_UB9J4_WLAN_BOOSTCLGA_LOADYOUTUBE4K_MAGENTATV20.csv
12;20260219_UB9J4_WLAN_BOOSTCLGA_LOADYOUTUBE4K_MAGENTATV20.csv
7;20260219_UB9J4_WLAN_BOOSTCLGA_LOADYOUTUBE4K_MAGENTATV20.csv
7;20260219_UB9J4_WLAN_BOOSTCLGA_LOADYOUTUBE4K_MAGENTATV20.csv
7;20260219_UB9J4_WLAN_BOOSTCLGA_LOADYOUTUBE4K_MAGENTATV20.csv
7;20260219_UB9J4_WLAN_BOOSTCLGA_LOADYOUTUBE4K_MAGENTATV20.csv
7;20260219_UB9J4_WLAN_BOOSTCLGA_LOADYOUTUBE4K_MAGENTATV20.csv
79;20260219_UB9J4_WLAN_BOOSTCLGA_LOADYOUTUBE4K_MAGENTATV20.csv
103;20260219_UB9J4_WLAN_BOOSTCLGA_LOADYOUTUBE4K_MAGENTATV20.csv
18;20260219_UB9J4_WLAN_BOOSTCLGA_LOADYOUTUBE4K_MAGENTATV20.csv
8;20260219_UB9J4_WLAN_BOOSTCLGA_LOADYOUTUBE4K_MAGENTATV20.csv
7;20260219_UB9J4_WLAN_BOOSTCLGA_LOADYOUTUBE4K_MAGENTATV20.csv
7;20260219_UB9J4_WLAN_BOOSTCLGA_LOADYOUTUBE4K_MAGENTATV20.csv
8;20260219_UB9J4_WLAN_BOOSTCLGA_LOADYOUTUBE4K_MAGENTATV20.csv
7;20260219_UB9J4_WLAN_BOOSTCLGA_LOADYOUTUBE4K_MAGENTATV20.csv
7;20260219_UB9J4_WLAN_BOOSTCLGA_LOADYOUTUBE4K_MAGENTATV20.csv
7;20260219_UB9J4_WLAN_BOOSTCLGA_LOADYOUTUBE4K_MAGENTATV20.csv
28;20260219_UB9J4_WLAN_BOOSTCLGA_LOADYOUTUBE4K_MAGENTATV20.csv
8;20260219_UB9J4_WLAN_BOOSTCLGA_LOADYOUTUBE4K_MAGENTATV20.csv
11;20260219_UB9J4_WLAN_BOOSTCLGA_LOADYOUTUBE4K_MAGENTATV20.csv
8;20260219_UB9J4_WLAN_BOOSTCLGA_LOADYOUTUBE4K_MAGENTATV20.csv
21;20260219_UB9J4_WLAN_BOOSTCLGA_LOADYOUTUBE4K_MAGENTATV20.csv
221;20260219_UB9J4_WLAN_BOOSTCLGA_LOADYOUTUBE4K_MAGENTATV20.csv
329;20260219_UB9J4_WLAN_BOOSTCLGA_LOADYOUTUBE4K_MAGENTATV20.csv
229;20260219_UB9J4_WLAN_BOOSTCLGA_LOADYOUTUBE4K_MAGENTATV20.csv
50;20260219_UB9J4_WLAN_BOOSTCLGA_LOADYOUTUBE4K_MAGENTATV20.csv
13;20260219_UB9J4_WLAN_BOOSTCLGA_LOADYOUTUBE4K_MAGENTATV20.csv
8;20260219_UB9J4_WLAN_BOOSTCLGA_LOADYOUTUBE4K_MAGENTATV20.csv
7;20260219_UB9J4_WLAN_BOOSTCLGA_LOADYOUTUBE4K_MAGENTATV20.csv
7;20260219_UB9J4_WLAN_BOOSTCLGA_LOADYOUTUBE4K_MAGENTATV20.csv
93;20260219_UB9J4_WLAN_BOOSTCLGA_LOADYOUTUBE4K_MAGENTATV20.csv
167;20260219_UB9J4_WLAN_BOOSTCLGA_LOADYOUTUBE4K_MAGENTATV20.csv
36;20260219_UB9J4_WLAN_BOOSTCLGA_LOADYOUTUBE4K_MAGENTATV20.csv
9;20260219_UB9J4_WLAN_BOOSTCLGA_LOADYOUTUBE4K_MAGENTATV20.csv
7;20260219_UB9J4_WLAN_BOOSTCLGA_LOADYOUTUBE4K_MAGENTATV20.csv
7;20260219_UB9J4_WLAN_BOOSTCLGA_LOADYOUTUBE4K_MAGENTATV20.csv
7;20260219_UB9J4_WLAN_BOOSTCLGA_LOADYOUTUBE4K_MAGENTATV20.csv
7;20260219_UB9J4_WLAN_BOOSTCLGA_LOADYOUTUBE4K_MAGENTATV20.csv
7;20260219_UB9J4_WLAN_BOOSTCLGA_LOADYOUTUBE4K_MAGENTATV20.csv
8;20260219_UB9J4_WLAN_BOOSTCLGA_LOADYOUTUBE4K_MAGENTATV20.csv
14;20260219_UB9J4_WLAN_BOOSTCLGA_LOADYOUTUBE4K_MAGENTATV20.csv
10;20260219_UB9J4_WLAN_BOOSTCLGA_LOADYOUTUBE4K_MAGENTATV20.csv
12;20260219_UB9J4_WLAN_BOOSTCLGA_LOADYOUTUBE4K_MAGENTATV20.csv
13;20260219_UB9J4_WLAN_BOOSTCLGA_LOADYOUTUBE4K_MAGENTATV20.csv
8;20260219_UB9J4_WLAN_BOOSTCLGA_LOADYOUTUBE4K_MAGENTATV20.csv
7;20260219_UB9J4_WLAN_BOOSTCLGA_LOADYOUTUBE4K_MAGENTATV20.csv
7;20260219_UB9J4_WLAN_BOOSTCLGA_LOADYOUTUBE4K_MAGENTATV20.csv
7;20260219_UB9J4_WLAN_BOOSTCLGA_LOADYOUTUBE4K_MAGENTATV20.csv
7;20260219_UB9J4_WLAN_BOOSTCLGA_LOADYOUTUBE4K_MAGENTATV20.csv
7;20260219_UB9J4_WLAN_BOOSTCLGA_LOADYOUTUBE4K_MAGENTATV20.csv
19;20260219_UB9J4_WLAN_BOOSTCLGA_LOADYOUTUBE4K_MAGENTATV20.csv
60;20260219_UB9J4_WLAN_BOOSTCLGA_LOADYOUTUBE4K_MAGENTATV20.csv
12;20260219_UB9J4_WLAN_BOOSTCLGA_LOADYOUTUBE4K_MAGENTATV20.csv
7;20260219_UB9J4_WLAN_BOOSTCLGA_LOADYOUTUBE4K_MAGENTATV20.csv
7;20260219_UB9J4_WLAN_BOOSTCLGA_LOADYOUTUBE4K_MAGENTATV20.csv
7;20260219_UB9J4_WLAN_BOOSTCLGA_LOADYOUTUBE4K_MAGENTATV20.csv
133;20260219_UB9J4_WLAN_BOOSTCLGA_LOADYOUTUBE4K_MAGENTATV20.csv
17;20260219_UB9J4_WLAN_BOOSTCLGA_LOADYOUTUBE4K_MAGENTATV20.csv
21;20260219_UB9J4_WLAN_BOOSTCLGA_LOADYOUTUBE4K_MAGENTATV20.csv
68;20260219_UB9J4_WLAN_BOOSTCLGA_LOADYOUTUBE4K_MAGENTATV20.csv
17;20260219_UB9J4_WLAN_BOOSTCLGA_LOADYOUTUBE4K_MAGENTATV20.csv
14;20260219_UB9J4_WLAN_BOOSTCLGA_LOADYOUTUBE4K_MAGENTATV20.csv
7;20260219_UB9J4_WLAN_BOOSTCLGA_LOADYOUTUBE4K_MAGENTATV20.csv
7;20260219_UB9J4_WLAN_BOOSTCLGA_LOADYOUTUBE4K_MAGENTATV20.csv
7;20260219_UB9J4_WLAN_BOOSTCLGA_LOADYOUTUBE4K_MAGENTATV20.csv
7;20260219_UB9J4_WLAN_BOOSTCLGA_LOADYOUTUBE4K_MAGENTATV20.csv
35;20260219_UB9J4_WLAN_BOOSTCLGA_LOADYOUTUBE4K_MAGENTATV20.csv
53;20260219_UB9J4_WLAN_BOOSTCLGA_LOADYOUTUBE4K_MAGENTATV20.csv
11;20260219_UB9J4_WLAN_BOOSTCLGA_LOADYOUTUBE4K_MAGENTATV20.csv
46;20260219_UB9J4_WLAN_BOOSTCLGA_LOADYOUTUBE4K_MAGENTATV20.csv
15;20260219_UB9J4_WLAN_BOOSTCLGA_LOADYOUTUBE4K_MAGENTATV20.csv
28;20260219_UB9J4_WLAN_BOOSTCLGA_LOADYOUTUBE4K_MAGENTATV20.csv
14;20260219_UB9J4_WLAN_BOOSTCLGA_LOADYOUTUBE4K_MAGENTATV20.csv
14;20260219_UB9J4_WLAN_BOOSTCLGA_LOADYOUTUBE4K_MAGENTATV20.csv
120;20260219_UB9J4_WLAN_BOOSTCLGA_LOADYOUTUBE4K_MAGENTATV20.csv
18;20260219_UB9J4_WLAN_BOOSTCLGA_LOADYOUTUBE4K_MAGENTATV20.csv
18;20260219_UB9J4_WLAN_BOOSTCLGA_LOADYOUTUBE4K_MAGENTATV20.csv
7;20260219_UB9J4_WLAN_BOOSTCLGA_LOADYOUTUBE4K_MAGENTATV20.csv
7;20260219_UB9J4_WLAN_BOOSTCLGA_LOADYOUTUBE4K_MAGENTATV20.csv
12;20260219_UB9J4_WLAN_BOOSTCLGA_LOADYOUTUBE4K_MAGENTATV20.csv
7;20260219_UB9J4_WLAN_BOOSTCLGA_LOADYOUTUBE4K_MAGENTATV20.csv
11;20260219_UB9J4_WLAN_BOOSTCLGA_LOADYOUTUBE4K_MAGENTATV20.csv
7;20260219_UB9J4_WLAN_BOOSTCLGA_LOADYOUTUBE4K_MAGENTATV20.csv
23;20260219_UB9J4_WLAN_BOOSTCLGA_LOADYOUTUBE4K_MAGENTATV20.csv
49;20260219_UB9J4_WLAN_BOOSTCLGA_LOADYOUTUBE4K_MAGENTATV20.csv
10;20260219_UB9J4_WLAN_BOOSTCLGA_LOADYOUTUBE4K_MAGENTATV20.csv
28;20260219_UB9J4_WLAN_BOOSTCLGA_LOADYOUTUBE4K_MAGENTATV20.csv
9;20260219_UB9J4_WLAN_BOOSTCLGA_LOADYOUTUBE4K_MAGENTATV20.csv
47;20260219_UB9J4_WLAN_BOOSTCLGA_LOADYOUTUBE4K_MAGENTATV20.csv
39;20260219_UB9J4_WLAN_BOOSTCLGA_LOADYOUTUBE4K_MAGENTATV20.csv
9;20260219_UB9J4_WLAN_BOOSTCLGA_LOADYOUTUBE4K_MAGENTATV20.csv
13;20260219_UB9J4_WLAN_BOOSTCLGA_LOADYOUTUBE4K_MAGENTATV20.csv
7;20260219_UB9J4_WLAN_BOOSTCLGA_LOADYOUTUBE4K_MAGENTATV20.csv
9;20260219_UB9J4_WLAN_BOOSTCLGA_LOADYOUTUBE4K_MAGENTATV20.csv
9;20260219_UB9J4_WLAN_BOOSTCLGA_LOADYOUTUBE4K_MAGENTATV20.csv
9;20260219_UB9J4_WLAN_BOOSTCLGA_LOADYOUTUBE4K_MAGENTATV20.csv
9;20260219_UB9J4_WLAN_BOOSTCLGA_LOADYOUTUBE4K_MAGENTATV20.csv
10;20260219_UB9J4_WLAN_BOOSTCLGA_LOADYOUTUBE4K_MAGENTATV20.csv
7;20260219_UB9J4_WLAN_BOOSTCLGA_LOADYOUTUBE4K_MAGENTATV20.csv
7;20260219_UB9J4_WLAN_BOOSTCLGA_LOADYOUTUBE4K_MAGENTATV20.csv
7;20260219_UB9J4_WLAN_BOOSTCLGA_LOADYOUTUBE4K_MAGENTATV20.csv
8;20260219_UB9J4_WLAN_BOOSTCLGA_LOADYOUTUBE4K_MAGENTATV20.csv
7;20260219_UB9J4_WLAN_BOOSTCLGA_LOADYOUTUBE4K_MAGENTATV20.csv
7;20260219_UB9J4_WLAN_BOOSTCLGA_LOADYOUTUBE4K_MAGENTATV20.csv
7;20260219_UB9J4_WLAN_BOOSTCLGA_LOADYOUTUBE4K_MAGENTATV20.csv
15;20260219_UB9J4_WLAN_BOOSTCLGA_LOADYOUTUBE4K_MAGENTATV20.csv
15;20260219_UB9J4_WLAN_BOOSTCLGA_LOADYOUTUBE4K_MAGENTATV20.csv
7;20260219_UB9J4_WLAN_BOOSTCLGA_LOADYOUTUBE4K_MAGENTATV20.csv
7;20260219_UB9J4_WLAN_BOOSTCLGA_LOADYOUTUBE4K_MAGENTATV20.csv
7;20260219_UB9J4_WLAN_BOOSTCLGA_LOADYOUTUBE4K_MAGENTATV20.csv
7;20260219_UB9J4_WLAN_BOOSTCLGA_LOADYOUTUBE4K_MAGENTATV20.csv
8;20260219_UB9J4_WLAN_BOOSTCLGA_LOADYOUTUBE4K_MAGENTATV20.csv
7;20260219_UB9J4_WLAN_BOOSTCLGA_LOADYOUTUBE4K_MAGENTATV20.csv
8;20260219_UB9J4_WLAN_BOOSTCLGA_LOADYOUTUBE4K_MAGENTATV20.csv
7;20260219_UB9J4_WLAN_BOOSTCLGA_LOADYOUTUBE4K_MAGENTATV20.csv
9;20260219_UB9J4_WLAN_BOOSTCLGA_LOADYOUTUBE4K_MAGENTATV20.csv
7;20260219_UB9J4_WLAN_BOOSTCLGA_LOADYOUTUBE4K_MAGENTATV20.csv
7;20260219_UB9J4_WLAN_BOOSTCLGA_LOADYOUTUBE4K_MAGENTATV20.csv
7;20260219_UB9J4_WLAN_BOOSTCLGA_LOADYOUTUBE4K_MAGENTATV20.csv
7;20260219_UB9J4_WLAN_BOOSTCLGA_LOADYOUTUBE4K_MAGENTATV20.csv
12;20260219_UB9J4_WLAN_BOOSTCLGA_LOADYOUTUBE4K_MAGENTATV20.csv
8;20260219_UB9J4_WLAN_BOOSTCLGA_LOADYOUTUBE4K_MAGENTATV20.csv
8;20260219_UB9J4_WLAN_BOOSTCLGA_LOADYOUTUBE4K_MAGENTATV20.csv
8;20260219_UB9J4_WLAN_BOOSTCLGA_LOADYOUTUBE4K_MAGENTATV20.csv
7;20260219_UB9J4_WLAN_BOOSTCLGA_LOADYOUTUBE4K_MAGENTATV20.csv
8;20260219_UB9J4_WLAN_BOOSTCLGA_LOADYOUTUBE4K_MAGENTATV20.csv
7;20260219_UB9J4_WLAN_BOOSTCLGA_LOADYOUTUBE4K_MAGENTATV20.csv
7;20260219_UB9J4_WLAN_BOOSTCLGA_LOADYOUTUBE4K_MAGENTATV20.csv
7;20260219_UB9J4_WLAN_BOOSTCLGA_LOADYOUTUBE4K_MAGENTATV20.csv
7;20260219_UB9J4_WLAN_BOOSTCLGA_LOADYOUTUBE4K_MAGENTATV20.csv
7;20260219_UB9J4_WLAN_BOOSTCLGA_LOADYOUTUBE4K_MAGENTATV20.csv
8;20260219_UB9J4_WLAN_BOOSTCLGA_LOADYOUTUBE4K_MAGENTATV20.csv
8;20260219_UB9J4_WLAN_BOOSTCLGA_LOADYOUTUBE4K_MAGENTATV20.csv
7;20260219_UB9J4_WLAN_BOOSTCLGA_LOADYOUTUBE4K_MAGENTATV20.csv
7;20260219_UB9J4_WLAN_BOOSTCLGA_LOADYOUTUBE4K_MAGENTATV20.csv
7;20260219_UB9J4_WLAN_BOOSTCLGA_LOADYOUTUBE4K_MAGENTATV20.csv
7;20260219_UB9J4_WLAN_BOOSTCLGA_LOADYOUTUBE4K_MAGENTATV20.csv
8;20260219_UB9J4_WLAN_BOOSTCLGA_LOADYOUTUBE4K_MAGENTATV20.csv
7;20260219_UB9J4_WLAN_BOOSTCLGA_LOADYOUTUBE4K_MAGENTATV20.csv
7;20260219_UB9J4_WLAN_BOOSTCLGA_LOADYOUTUBE4K_MAGENTATV20.csv
7;20260219_UB9J4_WLAN_BOOSTCLGA_LOADYOUTUBE4K_MAGENTATV20.csv
7;20260219_UB9J4_WLAN_BOOSTCLGA_LOADYOUTUBE4K_MAGENTATV20.csv
8;20260219_UB9J4_WLAN_BOOSTCLGA_LOADYOUTUBE4K_MAGENTATV20.csv
7;20260219_UB9J4_WLAN_BOOSTCLGA_LOADYOUTUBE4K_MAGENTATV20.csv
7;20260219_UB9J4_WLAN_BOOSTCLGA_LOADYOUTUBE4K_MAGENTATV20.csv
7;20260219_UB9J4_WLAN_BOOSTCLGA_LOADYOUTUBE4K_MAGENTATV20.csv
7;20260219_UB9J4_WLAN_BOOSTCLGA_LOADYOUTUBE4K_MAGENTATV20.csv
8;20260219_UB9J4_WLAN_BOOSTCLGA_LOADYOUTUBE4K_MAGENTATV20.csv
7;20260219_UB9J4_WLAN_BOOSTCLGA_LOADYOUTUBE4K_MAGENTATV20.csv
7;20260219_UB9J4_WLAN_BOOSTCLGA_LOADYOUTUBE4K_MAGENTATV20.csv
7;20260219_UB9J4_WLAN_BOOSTCLGA_LOADYOUTUBE4K_MAGENTATV20.csv
7;20260219_UB9J4_WLAN_BOOSTCLGA_LOADYOUTUBE4K_MAGENTATV20.csv
7;20260219_UB9J4_WLAN_BOOSTCLGA_LOADYOUTUBE4K_MAGENTATV20.csv
7;20260219_UB9J4_WLAN_BOOSTCLGA_LOADYOUTUBE4K_MAGENTATV20.csv
7;20260219_UB9J4_WLAN_BOOSTCLGA_LOADYOUTUBE4K_MAGENTATV20.csv
7;20260219_UB9J4_WLAN_BOOSTCLGA_LOADYOUTUBE4K_MAGENTATV20.csv
7;20260219_UB9J4_WLAN_BOOSTCLGA_LOADYOUTUBE4K_MAGENTATV20.csv
7;20260219_UB9J4_WLAN_BOOSTCLGA_LOADYOUTUBE4K_MAGENTATV20.csv
7;20260219_UB9J4_WLAN_BOOSTCLGA_LOADYOUTUBE4K_MAGENTATV20.csv
8;20260219_UB9J4_WLAN_BOOSTCLGA_LOADYOUTUBE4K_MAGENTATV20.csv
7;20260219_UB9J4_WLAN_BOOSTCLGA_LOADYOUTUBE4K_MAGENTATV20.csv
7;20260219_UB9J4_WLAN_BOOSTCLGA_LOADYOUTUBE4K_MAGENTATV20.csv
6;20260219_UB9J4_WLAN_LEGACY083_LOADOFF.csv
7;20260219_UB9J4_WLAN_LEGACY083_LOADOFF.csv
6;20260219_UB9J4_WLAN_LEGACY083_LOADOFF.csv
6;20260219_UB9J4_WLAN_LEGACY083_LOADOFF.csv
6;20260219_UB9J4_WLAN_LEGACY083_LOADOFF.csv
6;20260219_UB9J4_WLAN_LEGACY083_LOADOFF.csv
6;20260219_UB9J4_WLAN_LEGACY083_LOADOFF.csv
6;20260219_UB9J4_WLAN_LEGACY083_LOADOFF.csv
6;20260219_UB9J4_WLAN_LEGACY083_LOADOFF.csv
6;20260219_UB9J4_WLAN_LEGACY083_LOADOFF.csv
7;20260219_UB9J4_WLAN_LEGACY083_LOADOFF.csv
6;20260219_UB9J4_WLAN_LEGACY083_LOADOFF.csv
6;20260219_UB9J4_WLAN_LEGACY083_LOADOFF.csv
6;20260219_UB9J4_WLAN_LEGACY083_LOADOFF.csv
7;20260219_UB9J4_WLAN_LEGACY083_LOADOFF.csv
7;20260219_UB9J4_WLAN_LEGACY083_LOADOFF.csv
6;20260219_UB9J4_WLAN_LEGACY083_LOADOFF.csv
6;20260219_UB9J4_WLAN_LEGACY083_LOADOFF.csv
6;20260219_UB9J4_WLAN_LEGACY083_LOADOFF.csv
6;20260219_UB9J4_WLAN_LEGACY083_LOADOFF.csv
6;20260219_UB9J4_WLAN_LEGACY083_LOADOFF.csv
13;20260219_UB9J4_WLAN_LEGACY083_LOADOFF.csv
7;20260219_UB9J4_WLAN_LEGACY083_LOADOFF.csv
7;20260219_UB9J4_WLAN_LEGACY083_LOADOFF.csv
7;20260219_UB9J4_WLAN_LEGACY083_LOADOFF.csv
7;20260219_UB9J4_WLAN_LEGACY083_LOADOFF.csv
7;20260219_UB9J4_WLAN_LEGACY083_LOADOFF.csv
7;20260219_UB9J4_WLAN_LEGACY083_LOADOFF.csv
6;20260219_UB9J4_WLAN_LEGACY083_LOADOFF.csv
7;20260219_UB9J4_WLAN_LEGACY083_LOADOFF.csv
7;20260219_UB9J4_WLAN_LEGACY083_LOADOFF.csv
6;20260219_UB9J4_WLAN_LEGACY083_LOADOFF.csv
8;20260219_UB9J4_WLAN_LEGACY083_LOADOFF.csv
7;20260219_UB9J4_WLAN_LEGACY083_LOADOFF.csv
7;20260219_UB9J4_WLAN_LEGACY083_LOADOFF.csv
6;20260219_UB9J4_WLAN_LEGACY083_LOADOFF.csv
7;20260219_UB9J4_WLAN_LEGACY083_LOADOFF.csv
6;20260219_UB9J4_WLAN_LEGACY083_LOADOFF.csv
6;20260219_UB9J4_WLAN_LEGACY083_LOADOFF.csv
7;20260219_UB9J4_WLAN_LEGACY083_LOADOFF.csv
6;20260219_UB9J4_WLAN_LEGACY083_LOADOFF.csv
7;20260219_UB9J4_WLAN_LEGACY083_LOADOFF.csv
7;20260219_UB9J4_WLAN_LEGACY083_LOADOFF.csv
7;20260219_UB9J4_WLAN_LEGACY083_LOADOFF.csv
6;20260219_UB9J4_WLAN_LEGACY083_LOADOFF.csv
6;20260219_UB9J4_WLAN_LEGACY083_LOADOFF.csv
6;20260219_UB9J4_WLAN_LEGACY083_LOADOFF.csv
7;20260219_UB9J4_WLAN_LEGACY083_LOADOFF.csv
6;20260219_UB9J4_WLAN_LEGACY083_LOADOFF.csv
6;20260219_UB9J4_WLAN_LEGACY083_LOADOFF.csv
6;20260219_UB9J4_WLAN_LEGACY083_LOADOFF.csv
6;20260219_UB9J4_WLAN_LEGACY083_LOADOFF.csv
6;20260219_UB9J4_WLAN_LEGACY083_LOADOFF.csv
7;20260219_UB9J4_WLAN_LEGACY083_LOADOFF.csv
7;20260219_UB9J4_WLAN_LEGACY083_LOADOFF.csv
6;20260219_UB9J4_WLAN_LEGACY083_LOADOFF.csv
7;20260219_UB9J4_WLAN_LEGACY083_LOADOFF.csv
7;20260219_UB9J4_WLAN_LEGACY083_LOADOFF.csv
6;20260219_UB9J4_WLAN_LEGACY083_LOADOFF.csv
6;20260219_UB9J4_WLAN_LEGACY083_LOADOFF.csv
6;20260219_UB9J4_WLAN_LEGACY083_LOADOFF.csv
6;20260219_UB9J4_WLAN_LEGACY083_LOADOFF.csv
6;20260219_UB9J4_WLAN_LEGACY083_LOADOFF.csv
7;20260219_UB9J4_WLAN_LEGACY083_LOADOFF.csv
7;20260219_UB9J4_WLAN_LEGACY083_LOADOFF.csv
7;20260219_UB9J4_WLAN_LEGACY083_LOADOFF.csv
7;20260219_UB9J4_WLAN_LEGACY083_LOADOFF.csv
7;20260219_UB9J4_WLAN_LEGACY083_LOADOFF.csv
7;20260219_UB9J4_WLAN_LEGACY083_LOADOFF.csv
7;20260219_UB9J4_WLAN_LEGACY083_LOADOFF.csv
6;20260219_UB9J4_WLAN_LEGACY083_LOADOFF.csv
6;20260219_UB9J4_WLAN_LEGACY083_LOADOFF.csv
6;20260219_UB9J4_WLAN_LEGACY083_LOADOFF.csv
7;20260219_UB9J4_WLAN_LEGACY083_LOADOFF.csv
6;20260219_UB9J4_WLAN_LEGACY083_LOADOFF.csv
7;20260219_UB9J4_WLAN_LEGACY083_LOADOFF.csv
7;20260219_UB9J4_WLAN_LEGACY083_LOADOFF.csv
6;20260219_UB9J4_WLAN_LEGACY083_LOADOFF.csv
7;20260219_UB9J4_WLAN_LEGACY083_LOADOFF.csv
6;20260219_UB9J4_WLAN_LEGACY083_LOADOFF.csv
6;20260219_UB9J4_WLAN_LEGACY083_LOADOFF.csv
6;20260219_UB9J4_WLAN_LEGACY083_LOADOFF.csv
7;20260219_UB9J4_WLAN_LEGACY083_LOADOFF.csv
6;20260219_UB9J4_WLAN_LEGACY083_LOADOFF.csv
6;20260219_UB9J4_WLAN_LEGACY083_LOADOFF.csv
6;20260219_UB9J4_WLAN_LEGACY083_LOADOFF.csv
7;20260219_UB9J4_WLAN_LEGACY083_LOADOFF.csv
6;20260219_UB9J4_WLAN_LEGACY083_LOADOFF.csv
7;20260219_UB9J4_WLAN_LEGACY083_LOADOFF.csv
6;20260219_UB9J4_WLAN_LEGACY083_LOADOFF.csv
7;20260219_UB9J4_WLAN_LEGACY083_LOADOFF.csv
7;20260219_UB9J4_WLAN_LEGACY083_LOADOFF.csv
6;20260219_UB9J4_WLAN_LEGACY083_LOADOFF.csv
6;20260219_UB9J4_WLAN_LEGACY083_LOADOFF.csv
6;20260219_UB9J4_WLAN_LEGACY083_LOADOFF.csv
6;20260219_UB9J4_WLAN_LEGACY083_LOADOFF.csv
6;20260219_UB9J4_WLAN_LEGACY083_LOADOFF.csv
7;20260219_UB9J4_WLAN_LEGACY083_LOADOFF.csv
6;20260219_UB9J4_WLAN_LEGACY083_LOADOFF.csv
6;20260219_UB9J4_WLAN_LEGACY083_LOADOFF.csv
7;20260219_UB9J4_WLAN_LEGACY083_LOADOFF.csv
8;20260219_UB9J4_WLAN_LEGACY083_LOADOFF.csv
6;20260219_UB9J4_WLAN_LEGACY083_LOADOFF.csv
7;20260219_UB9J4_WLAN_LEGACY083_LOADOFF.csv
6;20260219_UB9J4_WLAN_LEGACY083_LOADOFF.csv
7;20260219_UB9J4_WLAN_LEGACY083_LOADOFF.csv
6;20260219_UB9J4_WLAN_LEGACY083_LOADOFF.csv
7;20260219_UB9J4_WLAN_LEGACY083_LOADOFF.csv
7;20260219_UB9J4_WLAN_LEGACY083_LOADOFF.csv
7;20260219_UB9J4_WLAN_LEGACY083_LOADOFF.csv
6;20260219_UB9J4_WLAN_LEGACY083_LOADOFF.csv
7;20260219_UB9J4_WLAN_LEGACY083_LOADOFF.csv
6;20260219_UB9J4_WLAN_LEGACY083_LOADOFF.csv
7;20260219_UB9J4_WLAN_LEGACY083_LOADOFF.csv
7;20260219_UB9J4_WLAN_LEGACY083_LOADOFF.csv
7;20260219_UB9J4_WLAN_LEGACY083_LOADOFF.csv
6;20260219_UB9J4_WLAN_LEGACY083_LOADOFF.csv
7;20260219_UB9J4_WLAN_LEGACY083_LOADOFF.csv
6;20260219_UB9J4_WLAN_LEGACY083_LOADOFF.csv
7;20260219_UB9J4_WLAN_LEGACY083_LOADOFF.csv
6;20260219_UB9J4_WLAN_LEGACY083_LOADOFF.csv
6;20260219_UB9J4_WLAN_LEGACY083_LOADOFF.csv
6;20260219_UB9J4_WLAN_LEGACY083_LOADOFF.csv
7;20260219_UB9J4_WLAN_LEGACY083_LOADOFF.csv
7;20260219_UB9J4_WLAN_LEGACY083_LOADOFF.csv
7;20260219_UB9J4_WLAN_LEGACY083_LOADOFF.csv
7;20260219_UB9J4_WLAN_LEGACY083_LOADOFF.csv
7;20260219_UB9J4_WLAN_LEGACY083_LOADOFF.csv
6;20260219_UB9J4_WLAN_LEGACY083_LOADOFF.csv
7;20260219_UB9J4_WLAN_LEGACY083_LOADOFF.csv
6;20260219_UB9J4_WLAN_LEGACY083_LOADOFF.csv
7;20260219_UB9J4_WLAN_LEGACY083_LOADOFF.csv
7;20260219_UB9J4_WLAN_LEGACY083_LOADOFF.csv
7;20260219_UB9J4_WLAN_LEGACY083_LOADOFF.csv
6;20260219_UB9J4_WLAN_LEGACY083_LOADOFF.csv
7;20260219_UB9J4_WLAN_LEGACY083_LOADOFF.csv
7;20260219_UB9J4_WLAN_LEGACY083_LOADOFF.csv
7;20260219_UB9J4_WLAN_LEGACY083_LOADOFF.csv
7;20260219_UB9J4_WLAN_LEGACY083_LOADOFF.csv
7;20260219_UB9J4_WLAN_LEGACY083_LOADOFF.csv
6;20260219_UB9J4_WLAN_LEGACY083_LOADOFF.csv
6;20260219_UB9J4_WLAN_LEGACY083_LOADOFF.csv
6;20260219_UB9J4_WLAN_LEGACY083_LOADOFF.csv
7;20260219_UB9J4_WLAN_LEGACY083_LOADOFF.csv
8;20260219_UB9J4_WLAN_LEGACY083_LOADOFF.csv
6;20260219_UB9J4_WLAN_LEGACY083_LOADOFF.csv
7;20260219_UB9J4_WLAN_LEGACY083_LOADOFF.csv
6;20260219_UB9J4_WLAN_LEGACY083_LOADOFF.csv
7;20260219_UB9J4_WLAN_LEGACY083_LOADOFF.csv
7;20260219_UB9J4_WLAN_LEGACY083_LOADOFF.csv
7;20260219_UB9J4_WLAN_LEGACY083_LOADOFF.csv
7;20260219_UB9J4_WLAN_LEGACY083_LOADOFF.csv
7;20260219_UB9J4_WLAN_LEGACY083_LOADOFF.csv
6;20260219_UB9J4_WLAN_LEGACY083_LOADOFF.csv
7;20260219_UB9J4_WLAN_LEGACY083_LOADOFF.csv
6;20260219_UB9J4_WLAN_LEGACY083_LOADOFF.csv
6;20260219_UB9J4_WLAN_LEGACY083_LOADOFF.csv
7;20260219_UB9J4_WLAN_LEGACY083_LOADOFF.csv
6;20260219_UB9J4_WLAN_LEGACY083_LOADOFF.csv
6;20260219_UB9J4_WLAN_LEGACY083_LOADOFF.csv
7;20260219_UB9J4_WLAN_LEGACY083_LOADOFF.csv
6;20260219_UB9J4_WLAN_LEGACY083_LOADOFF.csv
6;20260219_UB9J4_WLAN_LEGACY083_LOADOFF.csv
6;20260219_UB9J4_WLAN_LEGACY083_LOADOFF.csv
7;20260219_UB9J4_WLAN_LEGACY083_LOADOFF.csv
6;20260219_UB9J4_WLAN_LEGACY083_LOADOFF.csv
7;20260219_UB9J4_WLAN_LEGACY083_LOADOFF.csv
6;20260219_UB9J4_WLAN_LEGACY083_LOADOFF.csv
7;20260219_UB9J4_WLAN_LEGACY083_LOADOFF.csv
6;20260219_UB9J4_WLAN_LEGACY083_LOADOFF.csv
6;20260219_UB9J4_WLAN_LEGACY083_LOADOFF.csv
7;20260219_UB9J4_WLAN_LEGACY083_LOADOFF.csv
6;20260219_UB9J4_WLAN_LEGACY083_LOADOFF.csv
6;20260219_UB9J4_WLAN_LEGACY083_LOADOFF.csv
6;20260219_UB9J4_WLAN_LEGACY083_LOADOFF.csv
6;20260219_UB9J4_WLAN_LEGACY083_LOADOFF.csv
7;20260219_UB9J4_WLAN_LEGACY083_LOADOFF.csv
7;20260219_UB9J4_WLAN_LEGACY083_LOADOFF.csv
7;20260219_UB9J4_WLAN_LEGACY083_LOADOFF.csv
6;20260219_UB9J4_WLAN_LEGACY083_LOADOFF.csv
7;20260219_UB9J4_WLAN_LEGACY083_LOADOFF.csv
7;20260219_UB9J4_WLAN_LEGACY083_LOADOFF.csv
7;20260219_UB9J4_WLAN_LEGACY083_LOADOFF.csv
7;20260219_UB9J4_WLAN_LEGACY083_LOADOFF.csv
7;20260219_UB9J4_WLAN_LEGACY083_LOADOFF.csv
6;20260219_UB9J4_WLAN_LEGACY083_LOADOFF.csv
6;20260219_UB9J4_WLAN_LEGACY083_LOADOFF.csv
6;20260219_UB9J4_WLAN_LEGACY083_LOADOFF.csv
7;20260219_UB9J4_WLAN_LEGACY083_LOADOFF.csv
7;20260219_UB9J4_WLAN_LEGACY083_LOADOFF.csv
7;20260219_UB9J4_WLAN_LEGACY083_LOADOFF.csv
6;20260219_UB9J4_WLAN_LEGACY083_LOADOFF.csv
7;20260219_UB9J4_WLAN_LEGACY083_LOADOFF.csv
6;20260219_UB9J4_WLAN_LEGACY083_LOADOFF.csv
6;20260219_UB9J4_WLAN_LEGACY083_LOADOFF.csv
6;20260219_UB9J4_WLAN_LEGACY083_LOADOFF.csv
7;20260219_UB9J4_WLAN_LEGACY083_LOADOFF.csv
7;20260219_UB9J4_WLAN_LEGACY083_LOADOFF.csv
6;20260219_UB9J4_WLAN_LEGACY083_LOADOFF.csv
6;20260219_UB9J4_WLAN_LEGACY083_LOADOFF.csv
6;20260219_UB9J4_WLAN_LEGACY083_LOADTCP8P.csv
6;20260219_UB9J4_WLAN_LEGACY083_LOADTCP8P.csv
7;20260219_UB9J4_WLAN_LEGACY083_LOADTCP8P.csv
6;20260219_UB9J4_WLAN_LEGACY083_LOADTCP8P.csv
6;20260219_UB9J4_WLAN_LEGACY083_LOADTCP8P.csv
6;20260219_UB9J4_WLAN_LEGACY083_LOADTCP8P.csv
7;20260219_UB9J4_WLAN_LEGACY083_LOADTCP8P.csv
18;20260219_UB9J4_WLAN_LEGACY083_LOADTCP8P.csv
26;20260219_UB9J4_WLAN_LEGACY083_LOADTCP8P.csv
24;20260219_UB9J4_WLAN_LEGACY083_LOADTCP8P.csv
23;20260219_UB9J4_WLAN_LEGACY083_LOADTCP8P.csv
19;20260219_UB9J4_WLAN_LEGACY083_LOADTCP8P.csv
22;20260219_UB9J4_WLAN_LEGACY083_LOADTCP8P.csv
28;20260219_UB9J4_WLAN_LEGACY083_LOADTCP8P.csv
20;20260219_UB9J4_WLAN_LEGACY083_LOADTCP8P.csv
24;20260219_UB9J4_WLAN_LEGACY083_LOADTCP8P.csv
26;20260219_UB9J4_WLAN_LEGACY083_LOADTCP8P.csv
25;20260219_UB9J4_WLAN_LEGACY083_LOADTCP8P.csv
25;20260219_UB9J4_WLAN_LEGACY083_LOADTCP8P.csv
27;20260219_UB9J4_WLAN_LEGACY083_LOADTCP8P.csv
26;20260219_UB9J4_WLAN_LEGACY083_LOADTCP8P.csv
27;20260219_UB9J4_WLAN_LEGACY083_LOADTCP8P.csv
19;20260219_UB9J4_WLAN_LEGACY083_LOADTCP8P.csv
29;20260219_UB9J4_WLAN_LEGACY083_LOADTCP8P.csv
24;20260219_UB9J4_WLAN_LEGACY083_LOADTCP8P.csv
25;20260219_UB9J4_WLAN_LEGACY083_LOADTCP8P.csv
38;20260219_UB9J4_WLAN_LEGACY083_LOADTCP8P.csv
35;20260219_UB9J4_WLAN_LEGACY083_LOADTCP8P.csv
29;20260219_UB9J4_WLAN_LEGACY083_LOADTCP8P.csv
36;20260219_UB9J4_WLAN_LEGACY083_LOADTCP8P.csv
42;20260219_UB9J4_WLAN_LEGACY083_LOADTCP8P.csv
29;20260219_UB9J4_WLAN_LEGACY083_LOADTCP8P.csv
29;20260219_UB9J4_WLAN_LEGACY083_LOADTCP8P.csv
29;20260219_UB9J4_WLAN_LEGACY083_LOADTCP8P.csv
23;20260219_UB9J4_WLAN_LEGACY083_LOADTCP8P.csv
25;20260219_UB9J4_WLAN_LEGACY083_LOADTCP8P.csv
26;20260219_UB9J4_WLAN_LEGACY083_LOADTCP8P.csv
21;20260219_UB9J4_WLAN_LEGACY083_LOADTCP8P.csv
24;20260219_UB9J4_WLAN_LEGACY083_LOADTCP8P.csv
30;20260219_UB9J4_WLAN_LEGACY083_LOADTCP8P.csv
27;20260219_UB9J4_WLAN_LEGACY083_LOADTCP8P.csv
26;20260219_UB9J4_WLAN_LEGACY083_LOADTCP8P.csv
24;20260219_UB9J4_WLAN_LEGACY083_LOADTCP8P.csv
27;20260219_UB9J4_WLAN_LEGACY083_LOADTCP8P.csv
28;20260219_UB9J4_WLAN_LEGACY083_LOADTCP8P.csv
23;20260219_UB9J4_WLAN_LEGACY083_LOADTCP8P.csv
28;20260219_UB9J4_WLAN_LEGACY083_LOADTCP8P.csv
25;20260219_UB9J4_WLAN_LEGACY083_LOADTCP8P.csv
28;20260219_UB9J4_WLAN_LEGACY083_LOADTCP8P.csv
25;20260219_UB9J4_WLAN_LEGACY083_LOADTCP8P.csv
24;20260219_UB9J4_WLAN_LEGACY083_LOADTCP8P.csv
28;20260219_UB9J4_WLAN_LEGACY083_LOADTCP8P.csv
27;20260219_UB9J4_WLAN_LEGACY083_LOADTCP8P.csv
26;20260219_UB9J4_WLAN_LEGACY083_LOADTCP8P.csv
23;20260219_UB9J4_WLAN_LEGACY083_LOADTCP8P.csv
29;20260219_UB9J4_WLAN_LEGACY083_LOADTCP8P.csv
19;20260219_UB9J4_WLAN_LEGACY083_LOADTCP8P.csv
28;20260219_UB9J4_WLAN_LEGACY083_LOADTCP8P.csv
25;20260219_UB9J4_WLAN_LEGACY083_LOADTCP8P.csv
25;20260219_UB9J4_WLAN_LEGACY083_LOADTCP8P.csv
26;20260219_UB9J4_WLAN_LEGACY083_LOADTCP8P.csv
29;20260219_UB9J4_WLAN_LEGACY083_LOADTCP8P.csv
23;20260219_UB9J4_WLAN_LEGACY083_LOADTCP8P.csv
22;20260219_UB9J4_WLAN_LEGACY083_LOADTCP8P.csv
29;20260219_UB9J4_WLAN_LEGACY083_LOADTCP8P.csv
27;20260219_UB9J4_WLAN_LEGACY083_LOADTCP8P.csv
27;20260219_UB9J4_WLAN_LEGACY083_LOADTCP8P.csv
27;20260219_UB9J4_WLAN_LEGACY083_LOADTCP8P.csv
25;20260219_UB9J4_WLAN_LEGACY083_LOADTCP8P.csv
26;20260219_UB9J4_WLAN_LEGACY083_LOADTCP8P.csv
26;20260219_UB9J4_WLAN_LEGACY083_LOADTCP8P.csv
26;20260219_UB9J4_WLAN_LEGACY083_LOADTCP8P.csv
25;20260219_UB9J4_WLAN_LEGACY083_LOADTCP8P.csv
25;20260219_UB9J4_WLAN_LEGACY083_LOADTCP8P.csv
25;20260219_UB9J4_WLAN_LEGACY083_LOADTCP8P.csv
25;20260219_UB9J4_WLAN_LEGACY083_LOADTCP8P.csv
25;20260219_UB9J4_WLAN_LEGACY083_LOADTCP8P.csv
29;20260219_UB9J4_WLAN_LEGACY083_LOADTCP8P.csv
25;20260219_UB9J4_WLAN_LEGACY083_LOADTCP8P.csv
24;20260219_UB9J4_WLAN_LEGACY083_LOADTCP8P.csv
30;20260219_UB9J4_WLAN_LEGACY083_LOADTCP8P.csv
23;20260219_UB9J4_WLAN_LEGACY083_LOADTCP8P.csv
26;20260219_UB9J4_WLAN_LEGACY083_LOADTCP8P.csv
30;20260219_UB9J4_WLAN_LEGACY083_LOADTCP8P.csv
25;20260219_UB9J4_WLAN_LEGACY083_LOADTCP8P.csv
24;20260219_UB9J4_WLAN_LEGACY083_LOADTCP8P.csv
29;20260219_UB9J4_WLAN_LEGACY083_LOADTCP8P.csv
24;20260219_UB9J4_WLAN_LEGACY083_LOADTCP8P.csv
25;20260219_UB9J4_WLAN_LEGACY083_LOADTCP8P.csv
30;20260219_UB9J4_WLAN_LEGACY083_LOADTCP8P.csv
23;20260219_UB9J4_WLAN_LEGACY083_LOADTCP8P.csv
26;20260219_UB9J4_WLAN_LEGACY083_LOADTCP8P.csv
26;20260219_UB9J4_WLAN_LEGACY083_LOADTCP8P.csv
23;20260219_UB9J4_WLAN_LEGACY083_LOADTCP8P.csv
26;20260219_UB9J4_WLAN_LEGACY083_LOADTCP8P.csv
27;20260219_UB9J4_WLAN_LEGACY083_LOADTCP8P.csv
26;20260219_UB9J4_WLAN_LEGACY083_LOADTCP8P.csv
29;20260219_UB9J4_WLAN_LEGACY083_LOADTCP8P.csv
28;20260219_UB9J4_WLAN_LEGACY083_LOADTCP8P.csv
27;20260219_UB9J4_WLAN_LEGACY083_LOADTCP8P.csv
27;20260219_UB9J4_WLAN_LEGACY083_LOADTCP8P.csv
25;20260219_UB9J4_WLAN_LEGACY083_LOADTCP8P.csv
24;20260219_UB9J4_WLAN_LEGACY083_LOADTCP8P.csv
25;20260219_UB9J4_WLAN_LEGACY083_LOADTCP8P.csv
24;20260219_UB9J4_WLAN_LEGACY083_LOADTCP8P.csv
22;20260219_UB9J4_WLAN_LEGACY083_LOADTCP8P.csv
24;20260219_UB9J4_WLAN_LEGACY083_LOADTCP8P.csv
31;20260219_UB9J4_WLAN_LEGACY083_LOADTCP8P.csv
27;20260219_UB9J4_WLAN_LEGACY083_LOADTCP8P.csv
27;20260219_UB9J4_WLAN_LEGACY083_LOADTCP8P.csv
24;20260219_UB9J4_WLAN_LEGACY083_LOADTCP8P.csv
25;20260219_UB9J4_WLAN_LEGACY083_LOADTCP8P.csv
25;20260219_UB9J4_WLAN_LEGACY083_LOADTCP8P.csv
29;20260219_UB9J4_WLAN_LEGACY083_LOADTCP8P.csv
29;20260219_UB9J4_WLAN_LEGACY083_LOADTCP8P.csv
26;20260219_UB9J4_WLAN_LEGACY083_LOADTCP8P.csv
26;20260219_UB9J4_WLAN_LEGACY083_LOADTCP8P.csv
28;20260219_UB9J4_WLAN_LEGACY083_LOADTCP8P.csv
33;20260219_UB9J4_WLAN_LEGACY083_LOADTCP8P.csv
33;20260219_UB9J4_WLAN_LEGACY083_LOADTCP8P.csv
28;20260219_UB9J4_WLAN_LEGACY083_LOADTCP8P.csv
25;20260219_UB9J4_WLAN_LEGACY083_LOADTCP8P.csv
25;20260219_UB9J4_WLAN_LEGACY083_LOADTCP8P.csv
26;20260219_UB9J4_WLAN_LEGACY083_LOADTCP8P.csv
26;20260219_UB9J4_WLAN_LEGACY083_LOADTCP8P.csv
25;20260219_UB9J4_WLAN_LEGACY083_LOADTCP8P.csv
26;20260219_UB9J4_WLAN_LEGACY083_LOADTCP8P.csv
24;20260219_UB9J4_WLAN_LEGACY083_LOADTCP8P.csv
28;20260219_UB9J4_WLAN_LEGACY083_LOADTCP8P.csv
24;20260219_UB9J4_WLAN_LEGACY083_LOADTCP8P.csv
27;20260219_UB9J4_WLAN_LEGACY083_LOADTCP8P.csv
29;20260219_UB9J4_WLAN_LEGACY083_LOADTCP8P.csv
25;20260219_UB9J4_WLAN_LEGACY083_LOADTCP8P.csv
25;20260219_UB9J4_WLAN_LEGACY083_LOADTCP8P.csv
26;20260219_UB9J4_WLAN_LEGACY083_LOADTCP8P.csv
28;20260219_UB9J4_WLAN_LEGACY083_LOADTCP8P.csv
29;20260219_UB9J4_WLAN_LEGACY083_LOADTCP8P.csv
25;20260219_UB9J4_WLAN_LEGACY083_LOADTCP8P.csv
24;20260219_UB9J4_WLAN_LEGACY083_LOADTCP8P.csv
32;20260219_UB9J4_WLAN_LEGACY083_LOADTCP8P.csv
23;20260219_UB9J4_WLAN_LEGACY083_LOADTCP8P.csv
26;20260219_UB9J4_WLAN_LEGACY083_LOADTCP8P.csv
24;20260219_UB9J4_WLAN_LEGACY083_LOADTCP8P.csv
24;20260219_UB9J4_WLAN_LEGACY083_LOADTCP8P.csv
28;20260219_UB9J4_WLAN_LEGACY083_LOADTCP8P.csv
24;20260219_UB9J4_WLAN_LEGACY083_LOADTCP8P.csv
27;20260219_UB9J4_WLAN_LEGACY083_LOADTCP8P.csv
27;20260219_UB9J4_WLAN_LEGACY083_LOADTCP8P.csv
30;20260219_UB9J4_WLAN_LEGACY083_LOADTCP8P.csv
26;20260219_UB9J4_WLAN_LEGACY083_LOADTCP8P.csv
23;20260219_UB9J4_WLAN_LEGACY083_LOADTCP8P.csv
25;20260219_UB9J4_WLAN_LEGACY083_LOADTCP8P.csv
23;20260219_UB9J4_WLAN_LEGACY083_LOADTCP8P.csv
30;20260219_UB9J4_WLAN_LEGACY083_LOADTCP8P.csv
26;20260219_UB9J4_WLAN_LEGACY083_LOADTCP8P.csv
31;20260219_UB9J4_WLAN_LEGACY083_LOADTCP8P.csv
27;20260219_UB9J4_WLAN_LEGACY083_LOADTCP8P.csv
29;20260219_UB9J4_WLAN_LEGACY083_LOADTCP8P.csv
32;20260219_UB9J4_WLAN_LEGACY083_LOADTCP8P.csv
27;20260219_UB9J4_WLAN_LEGACY083_LOADTCP8P.csv
24;20260219_UB9J4_WLAN_LEGACY083_LOADTCP8P.csv
26;20260219_UB9J4_WLAN_LEGACY083_LOADTCP8P.csv
29;20260219_UB9J4_WLAN_LEGACY083_LOADTCP8P.csv
29;20260219_UB9J4_WLAN_LEGACY083_LOADTCP8P.csv
28;20260219_UB9J4_WLAN_LEGACY083_LOADTCP8P.csv
24;20260219_UB9J4_WLAN_LEGACY083_LOADTCP8P.csv
21;20260219_UB9J4_WLAN_LEGACY083_LOADTCP8P.csv
30;20260219_UB9J4_WLAN_LEGACY083_LOADTCP8P.csv
23;20260219_UB9J4_WLAN_LEGACY083_LOADTCP8P.csv
30;20260219_UB9J4_WLAN_LEGACY083_LOADTCP8P.csv
27;20260219_UB9J4_WLAN_LEGACY083_LOADTCP8P.csv
24;20260219_UB9J4_WLAN_LEGACY083_LOADTCP8P.csv
28;20260219_UB9J4_WLAN_LEGACY083_LOADTCP8P.csv
27;20260219_UB9J4_WLAN_LEGACY083_LOADTCP8P.csv
25;20260219_UB9J4_WLAN_LEGACY083_LOADTCP8P.csv
25;20260219_UB9J4_WLAN_LEGACY083_LOADTCP8P.csv
30;20260219_UB9J4_WLAN_LEGACY083_LOADTCP8P.csv
24;20260219_UB9J4_WLAN_LEGACY083_LOADTCP8P.csv
27;20260219_UB9J4_WLAN_LEGACY083_LOADTCP8P.csv
26;20260219_UB9J4_WLAN_LEGACY083_LOADTCP8P.csv
25;20260219_UB9J4_WLAN_LEGACY083_LOADTCP8P.csv
28;20260219_UB9J4_WLAN_LEGACY083_LOADTCP8P.csv
28;20260219_UB9J4_WLAN_LEGACY083_LOADTCP8P.csv
27;20260219_UB9J4_WLAN_LEGACY083_LOADTCP8P.csv
31;20260219_UB9J4_WLAN_LEGACY083_LOADTCP8P.csv
26;20260219_UB9J4_WLAN_LEGACY083_LOADTCP8P.csv
31;20260219_UB9J4_WLAN_LEGACY083_LOADTCP8P.csv
23;20260219_UB9J4_WLAN_LEGACY083_LOADTCP8P.csv
27;20260219_UB9J4_WLAN_LEGACY083_LOADTCP8P.csv
28;20260219_UB9J4_WLAN_LEGACY083_LOADTCP8P.csv
26;20260219_UB9J4_WLAN_LEGACY083_LOADTCP8P.csv
27;20260219_UB9J4_WLAN_LEGACY083_LOADTCP8P.csv
27;20260219_UB9J4_WLAN_LEGACY083_LOADTCP8P.csv
34;20260219_UB9J4_WLAN_LEGACY083_LOADTCP8P.csv
22;20260219_UB9J4_WLAN_LEGACY083_LOADTCP8P.csv
33;20260219_UB9J4_WLAN_LEGACY083_LOADTCP8P.csv
24;20260219_UB9J4_WLAN_LEGACY083_LOADTCP8P.csv
27;20260219_UB9J4_WLAN_LEGACY083_LOADTCP8P.csv
27;20260219_UB9J4_WLAN_LEGACY083_LOADTCP8P.csv
19;20260219_UB9J4_WLAN_LEGACY083_LOADTCP8P.csv
6;20260219_UB9J4_WLAN_LEGACY083_LOADYOUTUBE4K.csv
6;20260219_UB9J4_WLAN_LEGACY083_LOADYOUTUBE4K.csv
6;20260219_UB9J4_WLAN_LEGACY083_LOADYOUTUBE4K.csv
6;20260219_UB9J4_WLAN_LEGACY083_LOADYOUTUBE4K.csv
6;20260219_UB9J4_WLAN_LEGACY083_LOADYOUTUBE4K.csv
6;20260219_UB9J4_WLAN_LEGACY083_LOADYOUTUBE4K.csv
6;20260219_UB9J4_WLAN_LEGACY083_LOADYOUTUBE4K.csv
7;20260219_UB9J4_WLAN_LEGACY083_LOADYOUTUBE4K.csv
38;20260219_UB9J4_WLAN_LEGACY083_LOADYOUTUBE4K.csv
11;20260219_UB9J4_WLAN_LEGACY083_LOADYOUTUBE4K.csv
7;20260219_UB9J4_WLAN_LEGACY083_LOADYOUTUBE4K.csv
8;20260219_UB9J4_WLAN_LEGACY083_LOADYOUTUBE4K.csv
7;20260219_UB9J4_WLAN_LEGACY083_LOADYOUTUBE4K.csv
7;20260219_UB9J4_WLAN_LEGACY083_LOADYOUTUBE4K.csv
7;20260219_UB9J4_WLAN_LEGACY083_LOADYOUTUBE4K.csv
7;20260219_UB9J4_WLAN_LEGACY083_LOADYOUTUBE4K.csv
7;20260219_UB9J4_WLAN_LEGACY083_LOADYOUTUBE4K.csv
7;20260219_UB9J4_WLAN_LEGACY083_LOADYOUTUBE4K.csv
7;20260219_UB9J4_WLAN_LEGACY083_LOADYOUTUBE4K.csv
8;20260219_UB9J4_WLAN_LEGACY083_LOADYOUTUBE4K.csv
8;20260219_UB9J4_WLAN_LEGACY083_LOADYOUTUBE4K.csv
7;20260219_UB9J4_WLAN_LEGACY083_LOADYOUTUBE4K.csv
7;20260219_UB9J4_WLAN_LEGACY083_LOADYOUTUBE4K.csv
8;20260219_UB9J4_WLAN_LEGACY083_LOADYOUTUBE4K.csv
8;20260219_UB9J4_WLAN_LEGACY083_LOADYOUTUBE4K.csv
7;20260219_UB9J4_WLAN_LEGACY083_LOADYOUTUBE4K.csv
7;20260219_UB9J4_WLAN_LEGACY083_LOADYOUTUBE4K.csv
8;20260219_UB9J4_WLAN_LEGACY083_LOADYOUTUBE4K.csv
8;20260219_UB9J4_WLAN_LEGACY083_LOADYOUTUBE4K.csv
8;20260219_UB9J4_WLAN_LEGACY083_LOADYOUTUBE4K.csv
7;20260219_UB9J4_WLAN_LEGACY083_LOADYOUTUBE4K.csv
8;20260219_UB9J4_WLAN_LEGACY083_LOADYOUTUBE4K.csv
8;20260219_UB9J4_WLAN_LEGACY083_LOADYOUTUBE4K.csv
8;20260219_UB9J4_WLAN_LEGACY083_LOADYOUTUBE4K.csv
9;20260219_UB9J4_WLAN_LEGACY083_LOADYOUTUBE4K.csv
8;20260219_UB9J4_WLAN_LEGACY083_LOADYOUTUBE4K.csv
7;20260219_UB9J4_WLAN_LEGACY083_LOADYOUTUBE4K.csv
7;20260219_UB9J4_WLAN_LEGACY083_LOADYOUTUBE4K.csv
9;20260219_UB9J4_WLAN_LEGACY083_LOADYOUTUBE4K.csv
12;20260219_UB9J4_WLAN_LEGACY083_LOADYOUTUBE4K.csv
8;20260219_UB9J4_WLAN_LEGACY083_LOADYOUTUBE4K.csv
7;20260219_UB9J4_WLAN_LEGACY083_LOADYOUTUBE4K.csv
7;20260219_UB9J4_WLAN_LEGACY083_LOADYOUTUBE4K.csv
7;20260219_UB9J4_WLAN_LEGACY083_LOADYOUTUBE4K.csv
7;20260219_UB9J4_WLAN_LEGACY083_LOADYOUTUBE4K.csv
8;20260219_UB9J4_WLAN_LEGACY083_LOADYOUTUBE4K.csv
7;20260219_UB9J4_WLAN_LEGACY083_LOADYOUTUBE4K.csv
7;20260219_UB9J4_WLAN_LEGACY083_LOADYOUTUBE4K.csv
7;20260219_UB9J4_WLAN_LEGACY083_LOADYOUTUBE4K.csv
8;20260219_UB9J4_WLAN_LEGACY083_LOADYOUTUBE4K.csv
7;20260219_UB9J4_WLAN_LEGACY083_LOADYOUTUBE4K.csv
7;20260219_UB9J4_WLAN_LEGACY083_LOADYOUTUBE4K.csv
12;20260219_UB9J4_WLAN_LEGACY083_LOADYOUTUBE4K.csv
15;20260219_UB9J4_WLAN_LEGACY083_LOADYOUTUBE4K.csv
12;20260219_UB9J4_WLAN_LEGACY083_LOADYOUTUBE4K.csv
17;20260219_UB9J4_WLAN_LEGACY083_LOADYOUTUBE4K.csv
20;20260219_UB9J4_WLAN_LEGACY083_LOADYOUTUBE4K.csv
15;20260219_UB9J4_WLAN_LEGACY083_LOADYOUTUBE4K.csv
15;20260219_UB9J4_WLAN_LEGACY083_LOADYOUTUBE4K.csv
10;20260219_UB9J4_WLAN_LEGACY083_LOADYOUTUBE4K.csv
12;20260219_UB9J4_WLAN_LEGACY083_LOADYOUTUBE4K.csv
9;20260219_UB9J4_WLAN_LEGACY083_LOADYOUTUBE4K.csv
8;20260219_UB9J4_WLAN_LEGACY083_LOADYOUTUBE4K.csv
7;20260219_UB9J4_WLAN_LEGACY083_LOADYOUTUBE4K.csv
6;20260219_UB9J4_WLAN_LEGACY083_LOADYOUTUBE4K.csv
7;20260219_UB9J4_WLAN_LEGACY083_LOADYOUTUBE4K.csv
7;20260219_UB9J4_WLAN_LEGACY083_LOADYOUTUBE4K.csv
7;20260219_UB9J4_WLAN_LEGACY083_LOADYOUTUBE4K.csv
7;20260219_UB9J4_WLAN_LEGACY083_LOADYOUTUBE4K.csv
7;20260219_UB9J4_WLAN_LEGACY083_LOADYOUTUBE4K.csv
7;20260219_UB9J4_WLAN_LEGACY083_LOADYOUTUBE4K.csv
8;20260219_UB9J4_WLAN_LEGACY083_LOADYOUTUBE4K.csv
8;20260219_UB9J4_WLAN_LEGACY083_LOADYOUTUBE4K.csv
6;20260219_UB9J4_WLAN_LEGACY083_LOADYOUTUBE4K.csv
7;20260219_UB9J4_WLAN_LEGACY083_LOADYOUTUBE4K.csv
6;20260219_UB9J4_WLAN_LEGACY083_LOADYOUTUBE4K.csv
7;20260219_UB9J4_WLAN_LEGACY083_LOADYOUTUBE4K.csv
6;20260219_UB9J4_WLAN_LEGACY083_LOADYOUTUBE4K.csv
7;20260219_UB9J4_WLAN_LEGACY083_LOADYOUTUBE4K.csv
7;20260219_UB9J4_WLAN_LEGACY083_LOADYOUTUBE4K.csv
6;20260219_UB9J4_WLAN_LEGACY083_LOADYOUTUBE4K.csv
7;20260219_UB9J4_WLAN_LEGACY083_LOADYOUTUBE4K.csv
15;20260219_UB9J4_WLAN_LEGACY083_LOADYOUTUBE4K.csv
19;20260219_UB9J4_WLAN_LEGACY083_LOADYOUTUBE4K.csv
16;20260219_UB9J4_WLAN_LEGACY083_LOADYOUTUBE4K.csv
8;20260219_UB9J4_WLAN_LEGACY083_LOADYOUTUBE4K.csv
9;20260219_UB9J4_WLAN_LEGACY083_LOADYOUTUBE4K.csv
7;20260219_UB9J4_WLAN_LEGACY083_LOADYOUTUBE4K.csv
8;20260219_UB9J4_WLAN_LEGACY083_LOADYOUTUBE4K.csv
10;20260219_UB9J4_WLAN_LEGACY083_LOADYOUTUBE4K.csv
9;20260219_UB9J4_WLAN_LEGACY083_LOADYOUTUBE4K.csv
8;20260219_UB9J4_WLAN_LEGACY083_LOADYOUTUBE4K.csv
8;20260219_UB9J4_WLAN_LEGACY083_LOADYOUTUBE4K.csv
7;20260219_UB9J4_WLAN_LEGACY083_LOADYOUTUBE4K.csv
6;20260219_UB9J4_WLAN_LEGACY083_LOADYOUTUBE4K.csv
6;20260219_UB9J4_WLAN_LEGACY083_LOADYOUTUBE4K.csv
7;20260219_UB9J4_WLAN_LEGACY083_LOADYOUTUBE4K.csv
7;20260219_UB9J4_WLAN_LEGACY083_LOADYOUTUBE4K.csv
7;20260219_UB9J4_WLAN_LEGACY083_LOADYOUTUBE4K.csv
7;20260219_UB9J4_WLAN_LEGACY083_LOADYOUTUBE4K.csv
6;20260219_UB9J4_WLAN_LEGACY083_LOADYOUTUBE4K.csv
6;20260219_UB9J4_WLAN_LEGACY083_LOADYOUTUBE4K.csv
7;20260219_UB9J4_WLAN_LEGACY083_LOADYOUTUBE4K.csv
32;20260219_UB9J4_WLAN_LEGACY083_LOADYOUTUBE4K.csv
12;20260219_UB9J4_WLAN_LEGACY083_LOADYOUTUBE4K.csv
8;20260219_UB9J4_WLAN_LEGACY083_LOADYOUTUBE4K.csv
7;20260219_UB9J4_WLAN_LEGACY083_LOADYOUTUBE4K.csv
8;20260219_UB9J4_WLAN_LEGACY083_LOADYOUTUBE4K.csv
8;20260219_UB9J4_WLAN_LEGACY083_LOADYOUTUBE4K.csv
12;20260219_UB9J4_WLAN_LEGACY083_LOADYOUTUBE4K.csv
7;20260219_UB9J4_WLAN_LEGACY083_LOADYOUTUBE4K.csv
7;20260219_UB9J4_WLAN_LEGACY083_LOADYOUTUBE4K.csv
7;20260219_UB9J4_WLAN_LEGACY083_LOADYOUTUBE4K.csv
10;20260219_UB9J4_WLAN_LEGACY083_LOADYOUTUBE4K.csv
8;20260219_UB9J4_WLAN_LEGACY083_LOADYOUTUBE4K.csv
10;20260219_UB9J4_WLAN_LEGACY083_LOADYOUTUBE4K.csv
8;20260219_UB9J4_WLAN_LEGACY083_LOADYOUTUBE4K.csv
7;20260219_UB9J4_WLAN_LEGACY083_LOADYOUTUBE4K.csv
7;20260219_UB9J4_WLAN_LEGACY083_LOADYOUTUBE4K.csv
7;20260219_UB9J4_WLAN_LEGACY083_LOADYOUTUBE4K.csv
6;20260219_UB9J4_WLAN_LEGACY083_LOADYOUTUBE4K.csv
7;20260219_UB9J4_WLAN_LEGACY083_LOADYOUTUBE4K.csv
7;20260219_UB9J4_WLAN_LEGACY083_LOADYOUTUBE4K.csv
7;20260219_UB9J4_WLAN_LEGACY083_LOADYOUTUBE4K.csv
6;20260219_UB9J4_WLAN_LEGACY083_LOADYOUTUBE4K.csv
7;20260219_UB9J4_WLAN_LEGACY083_LOADYOUTUBE4K.csv
6;20260219_UB9J4_WLAN_LEGACY083_LOADYOUTUBE4K.csv
20;20260219_UB9J4_WLAN_LEGACY083_LOADYOUTUBE4K.csv
28;20260219_UB9J4_WLAN_LEGACY083_LOADYOUTUBE4K.csv
20;20260219_UB9J4_WLAN_LEGACY083_LOADYOUTUBE4K.csv
20;20260219_UB9J4_WLAN_LEGACY083_LOADYOUTUBE4K.csv
26;20260219_UB9J4_WLAN_LEGACY083_LOADYOUTUBE4K.csv
10;20260219_UB9J4_WLAN_LEGACY083_LOADYOUTUBE4K.csv
7;20260219_UB9J4_WLAN_LEGACY083_LOADYOUTUBE4K.csv
10;20260219_UB9J4_WLAN_LEGACY083_LOADYOUTUBE4K.csv
7;20260219_UB9J4_WLAN_LEGACY083_LOADYOUTUBE4K.csv
7;20260219_UB9J4_WLAN_LEGACY083_LOADYOUTUBE4K.csv
25;20260219_UB9J4_WLAN_LEGACY083_LOADYOUTUBE4K.csv
25;20260219_UB9J4_WLAN_LEGACY083_LOADYOUTUBE4K.csv
9;20260219_UB9J4_WLAN_LEGACY083_LOADYOUTUBE4K.csv
7;20260219_UB9J4_WLAN_LEGACY083_LOADYOUTUBE4K.csv
7;20260219_UB9J4_WLAN_LEGACY083_LOADYOUTUBE4K.csv
7;20260219_UB9J4_WLAN_LEGACY083_LOADYOUTUBE4K.csv
7;20260219_UB9J4_WLAN_LEGACY083_LOADYOUTUBE4K.csv
7;20260219_UB9J4_WLAN_LEGACY083_LOADYOUTUBE4K.csv
7;20260219_UB9J4_WLAN_LEGACY083_LOADYOUTUBE4K.csv
7;20260219_UB9J4_WLAN_LEGACY083_LOADYOUTUBE4K.csv
7;20260219_UB9J4_WLAN_LEGACY083_LOADYOUTUBE4K.csv
7;20260219_UB9J4_WLAN_LEGACY083_LOADYOUTUBE4K.csv
6;20260219_UB9J4_WLAN_LEGACY083_LOADYOUTUBE4K.csv
7;20260219_UB9J4_WLAN_LEGACY083_LOADYOUTUBE4K.csv
6;20260219_UB9J4_WLAN_LEGACY083_LOADYOUTUBE4K.csv
7;20260219_UB9J4_WLAN_LEGACY083_LOADYOUTUBE4K.csv
7;20260219_UB9J4_WLAN_LEGACY083_LOADYOUTUBE4K.csv
31;20260219_UB9J4_WLAN_LEGACY083_LOADYOUTUBE4K.csv
10;20260219_UB9J4_WLAN_LEGACY083_LOADYOUTUBE4K.csv
7;20260219_UB9J4_WLAN_LEGACY083_LOADYOUTUBE4K.csv
8;20260219_UB9J4_WLAN_LEGACY083_LOADYOUTUBE4K.csv
12;20260219_UB9J4_WLAN_LEGACY083_LOADYOUTUBE4K.csv
7;20260219_UB9J4_WLAN_LEGACY083_LOADYOUTUBE4K.csv
8;20260219_UB9J4_WLAN_LEGACY083_LOADYOUTUBE4K.csv
13;20260219_UB9J4_WLAN_LEGACY083_LOADYOUTUBE4K.csv
8;20260219_UB9J4_WLAN_LEGACY083_LOADYOUTUBE4K.csv
7;20260219_UB9J4_WLAN_LEGACY083_LOADYOUTUBE4K.csv
8;20260219_UB9J4_WLAN_LEGACY083_LOADYOUTUBE4K.csv
9;20260219_UB9J4_WLAN_LEGACY083_LOADYOUTUBE4K.csv
9;20260219_UB9J4_WLAN_LEGACY083_LOADYOUTUBE4K.csv
12;20260219_UB9J4_WLAN_LEGACY083_LOADYOUTUBE4K.csv
7;20260219_UB9J4_WLAN_LEGACY083_LOADYOUTUBE4K.csv
7;20260219_UB9J4_WLAN_LEGACY083_LOADYOUTUBE4K.csv
7;20260219_UB9J4_WLAN_LEGACY083_LOADYOUTUBE4K.csv
7;20260219_UB9J4_WLAN_LEGACY083_LOADYOUTUBE4K.csv
7;20260219_UB9J4_WLAN_LEGACY083_LOADYOUTUBE4K.csv
13;20260219_UB9J4_WLAN_LEGACY083_LOADYOUTUBE4K.csv
8;20260219_UB9J4_WLAN_LEGACY083_LOADYOUTUBE4K.csv
8;20260219_UB9J4_WLAN_LEGACY083_LOADYOUTUBE4K.csv
10;20260219_UB9J4_WLAN_LEGACY083_LOADYOUTUBE4K.csv
8;20260219_UB9J4_WLAN_LEGACY083_LOADYOUTUBE4K.csv
11;20260219_UB9J4_WLAN_LEGACY083_LOADYOUTUBE4K.csv
8;20260219_UB9J4_WLAN_LEGACY083_LOADYOUTUBE4K.csv
7;20260219_UB9J4_WLAN_LEGACY083_LOADYOUTUBE4K.csv
12;20260219_UB9J4_WLAN_LEGACY083_LOADYOUTUBE4K.csv
9;20260219_UB9J4_WLAN_LEGACY083_LOADYOUTUBE4K.csv
9;20260219_UB9J4_WLAN_LEGACY083_LOADYOUTUBE4K.csv
7;20260219_UB9J4_WLAN_LEGACY083_LOADYOUTUBE4K.csv
11;20260219_UB9J4_WLAN_LEGACY083_LOADYOUTUBE4K.csv
8;20260219_UB9J4_WLAN_LEGACY083_LOADYOUTUBE4K.csv
10;20260219_UB9J4_WLAN_LEGACY083_LOADYOUTUBE4K.csv
7;20260219_UB9J4_WLAN_LEGACY083_LOADYOUTUBE4K.csv
7;20260219_UB9J4_WLAN_LEGACY083_LOADYOUTUBE4K.csv
9;20260219_UB9J4_WLAN_LEGACY083_LOADYOUTUBE4K.csv
8;20260219_UB9J4_WLAN_LEGACY083_LOADYOUTUBE4K.csv
8;20260219_UB9J4_WLAN_LEGACY083_LOADYOUTUBE4K.csv
7;20260219_UB9J4_WLAN_LEGACY083_LOADYOUTUBE4K.csv
7;20260219_UB9J4_WLAN_LEGACY083_LOADYOUTUBE4K.csv
8;20260219_UB9J4_WLAN_LEGACY083_LOADYOUTUBE4K.csv
9;20260219_UB9J4_WLAN_LEGACY083_LOADYOUTUBE4K.csv
7;20260219_UB9J4_WLAN_LEGACY083_LOADYOUTUBE4K.csv
7;20260219_UB9J4_WLAN_LEGACY083_LOADYOUTUBE4K.csv
7;20260219_UB9J4_WLAN_LEGACY083_LOADYOUTUBE4K.csv
6;20260219_UB9J4_WLAN_LEGACY083_LOADYOUTUBE4K_MAGENTATV20.csv
6;20260219_UB9J4_WLAN_LEGACY083_LOADYOUTUBE4K_MAGENTATV20.csv
7;20260219_UB9J4_WLAN_LEGACY083_LOADYOUTUBE4K_MAGENTATV20.csv
7;20260219_UB9J4_WLAN_LEGACY083_LOADYOUTUBE4K_MAGENTATV20.csv
6;20260219_UB9J4_WLAN_LEGACY083_LOADYOUTUBE4K_MAGENTATV20.csv
6;20260219_UB9J4_WLAN_LEGACY083_LOADYOUTUBE4K_MAGENTATV20.csv
32;20260219_UB9J4_WLAN_LEGACY083_LOADYOUTUBE4K_MAGENTATV20.csv
10;20260219_UB9J4_WLAN_LEGACY083_LOADYOUTUBE4K_MAGENTATV20.csv
7;20260219_UB9J4_WLAN_LEGACY083_LOADYOUTUBE4K_MAGENTATV20.csv
7;20260219_UB9J4_WLAN_LEGACY083_LOADYOUTUBE4K_MAGENTATV20.csv
11;20260219_UB9J4_WLAN_LEGACY083_LOADYOUTUBE4K_MAGENTATV20.csv
8;20260219_UB9J4_WLAN_LEGACY083_LOADYOUTUBE4K_MAGENTATV20.csv
7;20260219_UB9J4_WLAN_LEGACY083_LOADYOUTUBE4K_MAGENTATV20.csv
19;20260219_UB9J4_WLAN_LEGACY083_LOADYOUTUBE4K_MAGENTATV20.csv
8;20260219_UB9J4_WLAN_LEGACY083_LOADYOUTUBE4K_MAGENTATV20.csv
13;20260219_UB9J4_WLAN_LEGACY083_LOADYOUTUBE4K_MAGENTATV20.csv
7;20260219_UB9J4_WLAN_LEGACY083_LOADYOUTUBE4K_MAGENTATV20.csv
14;20260219_UB9J4_WLAN_LEGACY083_LOADYOUTUBE4K_MAGENTATV20.csv
8;20260219_UB9J4_WLAN_LEGACY083_LOADYOUTUBE4K_MAGENTATV20.csv
19;20260219_UB9J4_WLAN_LEGACY083_LOADYOUTUBE4K_MAGENTATV20.csv
8;20260219_UB9J4_WLAN_LEGACY083_LOADYOUTUBE4K_MAGENTATV20.csv
13;20260219_UB9J4_WLAN_LEGACY083_LOADYOUTUBE4K_MAGENTATV20.csv
7;20260219_UB9J4_WLAN_LEGACY083_LOADYOUTUBE4K_MAGENTATV20.csv
9;20260219_UB9J4_WLAN_LEGACY083_LOADYOUTUBE4K_MAGENTATV20.csv
9;20260219_UB9J4_WLAN_LEGACY083_LOADYOUTUBE4K_MAGENTATV20.csv
9;20260219_UB9J4_WLAN_LEGACY083_LOADYOUTUBE4K_MAGENTATV20.csv
547;20260219_UB9J4_WLAN_LEGACY083_LOADYOUTUBE4K_MAGENTATV20.csv
187;20260219_UB9J4_WLAN_LEGACY083_LOADYOUTUBE4K_MAGENTATV20.csv
30;20260219_UB9J4_WLAN_LEGACY083_LOADYOUTUBE4K_MAGENTATV20.csv
13;20260219_UB9J4_WLAN_LEGACY083_LOADYOUTUBE4K_MAGENTATV20.csv
7;20260219_UB9J4_WLAN_LEGACY083_LOADYOUTUBE4K_MAGENTATV20.csv
8;20260219_UB9J4_WLAN_LEGACY083_LOADYOUTUBE4K_MAGENTATV20.csv
7;20260219_UB9J4_WLAN_LEGACY083_LOADYOUTUBE4K_MAGENTATV20.csv
7;20260219_UB9J4_WLAN_LEGACY083_LOADYOUTUBE4K_MAGENTATV20.csv
7;20260219_UB9J4_WLAN_LEGACY083_LOADYOUTUBE4K_MAGENTATV20.csv
7;20260219_UB9J4_WLAN_LEGACY083_LOADYOUTUBE4K_MAGENTATV20.csv
14;20260219_UB9J4_WLAN_LEGACY083_LOADYOUTUBE4K_MAGENTATV20.csv
8;20260219_UB9J4_WLAN_LEGACY083_LOADYOUTUBE4K_MAGENTATV20.csv
13;20260219_UB9J4_WLAN_LEGACY083_LOADYOUTUBE4K_MAGENTATV20.csv
7;20260219_UB9J4_WLAN_LEGACY083_LOADYOUTUBE4K_MAGENTATV20.csv
7;20260219_UB9J4_WLAN_LEGACY083_LOADYOUTUBE4K_MAGENTATV20.csv
7;20260219_UB9J4_WLAN_LEGACY083_LOADYOUTUBE4K_MAGENTATV20.csv
463;20260219_UB9J4_WLAN_LEGACY083_LOADYOUTUBE4K_MAGENTATV20.csv
48;20260219_UB9J4_WLAN_LEGACY083_LOADYOUTUBE4K_MAGENTATV20.csv
12;20260219_UB9J4_WLAN_LEGACY083_LOADYOUTUBE4K_MAGENTATV20.csv
16;20260219_UB9J4_WLAN_LEGACY083_LOADYOUTUBE4K_MAGENTATV20.csv
9;20260219_UB9J4_WLAN_LEGACY083_LOADYOUTUBE4K_MAGENTATV20.csv
16;20260219_UB9J4_WLAN_LEGACY083_LOADYOUTUBE4K_MAGENTATV20.csv
7;20260219_UB9J4_WLAN_LEGACY083_LOADYOUTUBE4K_MAGENTATV20.csv
10;20260219_UB9J4_WLAN_LEGACY083_LOADYOUTUBE4K_MAGENTATV20.csv
7;20260219_UB9J4_WLAN_LEGACY083_LOADYOUTUBE4K_MAGENTATV20.csv
6;20260219_UB9J4_WLAN_LEGACY083_LOADYOUTUBE4K_MAGENTATV20.csv
7;20260219_UB9J4_WLAN_LEGACY083_LOADYOUTUBE4K_MAGENTATV20.csv
97;20260219_UB9J4_WLAN_LEGACY083_LOADYOUTUBE4K_MAGENTATV20.csv
14;20260219_UB9J4_WLAN_LEGACY083_LOADYOUTUBE4K_MAGENTATV20.csv
7;20260219_UB9J4_WLAN_LEGACY083_LOADYOUTUBE4K_MAGENTATV20.csv
7;20260219_UB9J4_WLAN_LEGACY083_LOADYOUTUBE4K_MAGENTATV20.csv
13;20260219_UB9J4_WLAN_LEGACY083_LOADYOUTUBE4K_MAGENTATV20.csv
7;20260219_UB9J4_WLAN_LEGACY083_LOADYOUTUBE4K_MAGENTATV20.csv
18;20260219_UB9J4_WLAN_LEGACY083_LOADYOUTUBE4K_MAGENTATV20.csv
8;20260219_UB9J4_WLAN_LEGACY083_LOADYOUTUBE4K_MAGENTATV20.csv
10;20260219_UB9J4_WLAN_LEGACY083_LOADYOUTUBE4K_MAGENTATV20.csv
9;20260219_UB9J4_WLAN_LEGACY083_LOADYOUTUBE4K_MAGENTATV20.csv
13;20260219_UB9J4_WLAN_LEGACY083_LOADYOUTUBE4K_MAGENTATV20.csv
7;20260219_UB9J4_WLAN_LEGACY083_LOADYOUTUBE4K_MAGENTATV20.csv
56;20260219_UB9J4_WLAN_LEGACY083_LOADYOUTUBE4K_MAGENTATV20.csv
10;20260219_UB9J4_WLAN_LEGACY083_LOADYOUTUBE4K_MAGENTATV20.csv
33;20260219_UB9J4_WLAN_LEGACY083_LOADYOUTUBE4K_MAGENTATV20.csv
8;20260219_UB9J4_WLAN_LEGACY083_LOADYOUTUBE4K_MAGENTATV20.csv
7;20260219_UB9J4_WLAN_LEGACY083_LOADYOUTUBE4K_MAGENTATV20.csv
12;20260219_UB9J4_WLAN_LEGACY083_LOADYOUTUBE4K_MAGENTATV20.csv
7;20260219_UB9J4_WLAN_LEGACY083_LOADYOUTUBE4K_MAGENTATV20.csv
6;20260219_UB9J4_WLAN_LEGACY083_LOADYOUTUBE4K_MAGENTATV20.csv
7;20260219_UB9J4_WLAN_LEGACY083_LOADYOUTUBE4K_MAGENTATV20.csv
7;20260219_UB9J4_WLAN_LEGACY083_LOADYOUTUBE4K_MAGENTATV20.csv
10;20260219_UB9J4_WLAN_LEGACY083_LOADYOUTUBE4K_MAGENTATV20.csv
10;20260219_UB9J4_WLAN_LEGACY083_LOADYOUTUBE4K_MAGENTATV20.csv
7;20260219_UB9J4_WLAN_LEGACY083_LOADYOUTUBE4K_MAGENTATV20.csv
7;20260219_UB9J4_WLAN_LEGACY083_LOADYOUTUBE4K_MAGENTATV20.csv
17;20260219_UB9J4_WLAN_LEGACY083_LOADYOUTUBE4K_MAGENTATV20.csv
11;20260219_UB9J4_WLAN_LEGACY083_LOADYOUTUBE4K_MAGENTATV20.csv
30;20260219_UB9J4_WLAN_LEGACY083_LOADYOUTUBE4K_MAGENTATV20.csv
8;20260219_UB9J4_WLAN_LEGACY083_LOADYOUTUBE4K_MAGENTATV20.csv
6;20260219_UB9J4_WLAN_LEGACY083_LOADYOUTUBE4K_MAGENTATV20.csv
8;20260219_UB9J4_WLAN_LEGACY083_LOADYOUTUBE4K_MAGENTATV20.csv
6;20260219_UB9J4_WLAN_LEGACY083_LOADYOUTUBE4K_MAGENTATV20.csv
6;20260219_UB9J4_WLAN_LEGACY083_LOADYOUTUBE4K_MAGENTATV20.csv
6;20260219_UB9J4_WLAN_LEGACY083_LOADYOUTUBE4K_MAGENTATV20.csv
7;20260219_UB9J4_WLAN_LEGACY083_LOADYOUTUBE4K_MAGENTATV20.csv
6;20260219_UB9J4_WLAN_LEGACY083_LOADYOUTUBE4K_MAGENTATV20.csv
7;20260219_UB9J4_WLAN_LEGACY083_LOADYOUTUBE4K_MAGENTATV20.csv
8;20260219_UB9J4_WLAN_LEGACY083_LOADYOUTUBE4K_MAGENTATV20.csv
7;20260219_UB9J4_WLAN_LEGACY083_LOADYOUTUBE4K_MAGENTATV20.csv
7;20260219_UB9J4_WLAN_LEGACY083_LOADYOUTUBE4K_MAGENTATV20.csv
7;20260219_UB9J4_WLAN_LEGACY083_LOADYOUTUBE4K_MAGENTATV20.csv
7;20260219_UB9J4_WLAN_LEGACY083_LOADYOUTUBE4K_MAGENTATV20.csv
7;20260219_UB9J4_WLAN_LEGACY083_LOADYOUTUBE4K_MAGENTATV20.csv
7;20260219_UB9J4_WLAN_LEGACY083_LOADYOUTUBE4K_MAGENTATV20.csv
7;20260219_UB9J4_WLAN_LEGACY083_LOADYOUTUBE4K_MAGENTATV20.csv
8;20260219_UB9J4_WLAN_LEGACY083_LOADYOUTUBE4K_MAGENTATV20.csv
7;20260219_UB9J4_WLAN_LEGACY083_LOADYOUTUBE4K_MAGENTATV20.csv
7;20260219_UB9J4_WLAN_LEGACY083_LOADYOUTUBE4K_MAGENTATV20.csv
7;20260219_UB9J4_WLAN_LEGACY083_LOADYOUTUBE4K_MAGENTATV20.csv
7;20260219_UB9J4_WLAN_LEGACY083_LOADYOUTUBE4K_MAGENTATV20.csv
7;20260219_UB9J4_WLAN_LEGACY083_LOADYOUTUBE4K_MAGENTATV20.csv
7;20260219_UB9J4_WLAN_LEGACY083_LOADYOUTUBE4K_MAGENTATV20.csv
7;20260219_UB9J4_WLAN_LEGACY083_LOADYOUTUBE4K_MAGENTATV20.csv
7;20260219_UB9J4_WLAN_LEGACY083_LOADYOUTUBE4K_MAGENTATV20.csv
7;20260219_UB9J4_WLAN_LEGACY083_LOADYOUTUBE4K_MAGENTATV20.csv
6;20260219_UB9J4_WLAN_LEGACY083_LOADYOUTUBE4K_MAGENTATV20.csv
7;20260219_UB9J4_WLAN_LEGACY083_LOADYOUTUBE4K_MAGENTATV20.csv
6;20260219_UB9J4_WLAN_LEGACY083_LOADYOUTUBE4K_MAGENTATV20.csv
8;20260219_UB9J4_WLAN_LEGACY083_LOADYOUTUBE4K_MAGENTATV20.csv
7;20260219_UB9J4_WLAN_LEGACY083_LOADYOUTUBE4K_MAGENTATV20.csv
22;20260219_UB9J4_WLAN_LEGACY083_LOADYOUTUBE4K_MAGENTATV20.csv
14;20260219_UB9J4_WLAN_LEGACY083_LOADYOUTUBE4K_MAGENTATV20.csv
15;20260219_UB9J4_WLAN_LEGACY083_LOADYOUTUBE4K_MAGENTATV20.csv
19;20260219_UB9J4_WLAN_LEGACY083_LOADYOUTUBE4K_MAGENTATV20.csv
8;20260219_UB9J4_WLAN_LEGACY083_LOADYOUTUBE4K_MAGENTATV20.csv
7;20260219_UB9J4_WLAN_LEGACY083_LOADYOUTUBE4K_MAGENTATV20.csv
7;20260219_UB9J4_WLAN_LEGACY083_LOADYOUTUBE4K_MAGENTATV20.csv
6;20260219_UB9J4_WLAN_LEGACY083_LOADYOUTUBE4K_MAGENTATV20.csv
6;20260219_UB9J4_WLAN_LEGACY083_LOADYOUTUBE4K_MAGENTATV20.csv
7;20260219_UB9J4_WLAN_LEGACY083_LOADYOUTUBE4K_MAGENTATV20.csv
7;20260219_UB9J4_WLAN_LEGACY083_LOADYOUTUBE4K_MAGENTATV20.csv
7;20260219_UB9J4_WLAN_LEGACY083_LOADYOUTUBE4K_MAGENTATV20.csv
7;20260219_UB9J4_WLAN_LEGACY083_LOADYOUTUBE4K_MAGENTATV20.csv
11;20260219_UB9J4_WLAN_LEGACY083_LOADYOUTUBE4K_MAGENTATV20.csv
9;20260219_UB9J4_WLAN_LEGACY083_LOADYOUTUBE4K_MAGENTATV20.csv
17;20260219_UB9J4_WLAN_LEGACY083_LOADYOUTUBE4K_MAGENTATV20.csv
16;20260219_UB9J4_WLAN_LEGACY083_LOADYOUTUBE4K_MAGENTATV20.csv
13;20260219_UB9J4_WLAN_LEGACY083_LOADYOUTUBE4K_MAGENTATV20.csv
8;20260219_UB9J4_WLAN_LEGACY083_LOADYOUTUBE4K_MAGENTATV20.csv
7;20260219_UB9J4_WLAN_LEGACY083_LOADYOUTUBE4K_MAGENTATV20.csv
9;20260219_UB9J4_WLAN_LEGACY083_LOADYOUTUBE4K_MAGENTATV20.csv
7;20260219_UB9J4_WLAN_LEGACY083_LOADYOUTUBE4K_MAGENTATV20.csv
9;20260219_UB9J4_WLAN_LEGACY083_LOADYOUTUBE4K_MAGENTATV20.csv
7;20260219_UB9J4_WLAN_LEGACY083_LOADYOUTUBE4K_MAGENTATV20.csv
13;20260219_UB9J4_WLAN_LEGACY083_LOADYOUTUBE4K_MAGENTATV20.csv
8;20260219_UB9J4_WLAN_LEGACY083_LOADYOUTUBE4K_MAGENTATV20.csv
7;20260219_UB9J4_WLAN_LEGACY083_LOADYOUTUBE4K_MAGENTATV20.csv
9;20260219_UB9J4_WLAN_LEGACY083_LOADYOUTUBE4K_MAGENTATV20.csv
9;20260219_UB9J4_WLAN_LEGACY083_LOADYOUTUBE4K_MAGENTATV20.csv
7;20260219_UB9J4_WLAN_LEGACY083_LOADYOUTUBE4K_MAGENTATV20.csv
7;20260219_UB9J4_WLAN_LEGACY083_LOADYOUTUBE4K_MAGENTATV20.csv
7;20260219_UB9J4_WLAN_LEGACY083_LOADYOUTUBE4K_MAGENTATV20.csv
9;20260219_UB9J4_WLAN_LEGACY083_LOADYOUTUBE4K_MAGENTATV20.csv
7;20260219_UB9J4_WLAN_LEGACY083_LOADYOUTUBE4K_MAGENTATV20.csv
8;20260219_UB9J4_WLAN_LEGACY083_LOADYOUTUBE4K_MAGENTATV20.csv
7;20260219_UB9J4_WLAN_LEGACY083_LOADYOUTUBE4K_MAGENTATV20.csv
7;20260219_UB9J4_WLAN_LEGACY083_LOADYOUTUBE4K_MAGENTATV20.csv
8;20260219_UB9J4_WLAN_LEGACY083_LOADYOUTUBE4K_MAGENTATV20.csv
10;20260219_UB9J4_WLAN_LEGACY083_LOADYOUTUBE4K_MAGENTATV20.csv
7;20260219_UB9J4_WLAN_LEGACY083_LOADYOUTUBE4K_MAGENTATV20.csv
7;20260219_UB9J4_WLAN_LEGACY083_LOADYOUTUBE4K_MAGENTATV20.csv
8;20260219_UB9J4_WLAN_LEGACY083_LOADYOUTUBE4K_MAGENTATV20.csv
8;20260219_UB9J4_WLAN_LEGACY083_LOADYOUTUBE4K_MAGENTATV20.csv
7;20260219_UB9J4_WLAN_LEGACY083_LOADYOUTUBE4K_MAGENTATV20.csv
7;20260219_UB9J4_WLAN_LEGACY083_LOADYOUTUBE4K_MAGENTATV20.csv
7;20260219_UB9J4_WLAN_LEGACY083_LOADYOUTUBE4K_MAGENTATV20.csv
7;20260219_UB9J4_WLAN_LEGACY083_LOADYOUTUBE4K_MAGENTATV20.csv
9;20260219_UB9J4_WLAN_LEGACY083_LOADYOUTUBE4K_MAGENTATV20.csv
7;20260219_UB9J4_WLAN_LEGACY083_LOADYOUTUBE4K_MAGENTATV20.csv
7;20260219_UB9J4_WLAN_LEGACY083_LOADYOUTUBE4K_MAGENTATV20.csv
8;20260219_UB9J4_WLAN_LEGACY083_LOADYOUTUBE4K_MAGENTATV20.csv
7;20260219_UB9J4_WLAN_LEGACY083_LOADYOUTUBE4K_MAGENTATV20.csv
7;20260219_UB9J4_WLAN_LEGACY083_LOADYOUTUBE4K_MAGENTATV20.csv
7;20260219_UB9J4_WLAN_LEGACY083_LOADYOUTUBE4K_MAGENTATV20.csv
8;20260219_UB9J4_WLAN_LEGACY083_LOADYOUTUBE4K_MAGENTATV20.csv
12;20260219_UB9J4_WLAN_LEGACY083_LOADYOUTUBE4K_MAGENTATV20.csv
18;20260219_UB9J4_WLAN_LEGACY083_LOADYOUTUBE4K_MAGENTATV20.csv
9;20260219_UB9J4_WLAN_LEGACY083_LOADYOUTUBE4K_MAGENTATV20.csv
18;20260219_UB9J4_WLAN_LEGACY083_LOADYOUTUBE4K_MAGENTATV20.csv
8;20260219_UB9J4_WLAN_LEGACY083_LOADYOUTUBE4K_MAGENTATV20.csv
8;20260219_UB9J4_WLAN_LEGACY083_LOADYOUTUBE4K_MAGENTATV20.csv
9;20260219_UB9J4_WLAN_LEGACY083_LOADYOUTUBE4K_MAGENTATV20.csv
7;20260219_UB9J4_WLAN_LEGACY083_LOADYOUTUBE4K_MAGENTATV20.csv
7;20260219_UB9J4_WLAN_LEGACY083_LOADYOUTUBE4K_MAGENTATV20.csv
7;20260219_UB9J4_WLAN_LEGACY083_LOADYOUTUBE4K_MAGENTATV20.csv
12;20260219_UB9J4_WLAN_LEGACY083_LOADYOUTUBE4K_MAGENTATV20.csv
8;20260219_UB9J4_WLAN_LEGACY083_LOADYOUTUBE4K_MAGENTATV20.csv
8;20260219_UB9J4_WLAN_LEGACY083_LOADYOUTUBE4K_MAGENTATV20.csv
54;20260219_UB9J4_WLAN_LEGACY083_LOADYOUTUBE4K_MAGENTATV20.csv
10;20260219_UB9J4_WLAN_LEGACY083_LOADYOUTUBE4K_MAGENTATV20.csv
10;20260219_UB9J4_WLAN_LEGACY083_LOADYOUTUBE4K_MAGENTATV20.csv
44;20260219_UB9J4_WLAN_LEGACY083_LOADYOUTUBE4K_MAGENTATV20.csv
63;20260219_UB9J4_WLAN_LEGACY083_LOADYOUTUBE4K_MAGENTATV20.csv
11;20260219_UB9J4_WLAN_LEGACY083_LOADYOUTUBE4K_MAGENTATV20.csv
7;20260219_UB9J4_WLAN_LEGACY083_LOADYOUTUBE4K_MAGENTATV20.csv
7;20260219_UB9J4_WLAN_LEGACY083_LOADYOUTUBE4K_MAGENTATV20.csv
7;20260219_UB9J4_WLAN_LEGACY083_LOADYOUTUBE4K_MAGENTATV20.csv
636;20260219_UB9J4_WLAN_LEGACY083_LOADYOUTUBE4K_MAGENTATV20.csv
89;20260219_UB9J4_WLAN_LEGACY083_LOADYOUTUBE4K_MAGENTATV20.csv
13;20260219_UB9J4_WLAN_LEGACY083_LOADYOUTUBE4K_MAGENTATV20.csv
7;20260219_UB9J4_WLAN_LEGACY083_LOADYOUTUBE4K_MAGENTATV20.csv
12;20260219_UB9J4_WLAN_LEGACY083_LOADYOUTUBE4K_MAGENTATV20.csv
7;20260219_UB9J4_WLAN_LEGACY083_LOADYOUTUBE4K_MAGENTATV20.csv
7;20260219_UB9J4_WLAN_LEGACY083_LOADYOUTUBE4K_MAGENTATV20.csv
112;20260219_UB9J4_WLAN_LEGACY083_LOADYOUTUBE4K_MAGENTATV20.csv
20;20260219_UB9J4_WLAN_LEGACY083_LOADYOUTUBE4K_MAGENTATV20.csv
10;20260312_HOME_LAN_LEGACY082_LOADNO.csv
10;20260312_HOME_LAN_LEGACY082_LOADNO.csv
10;20260312_HOME_LAN_LEGACY082_LOADNO.csv
10;20260312_HOME_LAN_LEGACY082_LOADNO.csv
10;20260312_HOME_LAN_LEGACY082_LOADNO.csv
10;20260312_HOME_LAN_LEGACY082_LOADNO.csv
10;20260312_HOME_LAN_LEGACY082_LOADNO.csv
10;20260312_HOME_LAN_LEGACY082_LOADNO.csv
10;20260312_HOME_LAN_LEGACY082_LOADNO.csv
10;20260312_HOME_LAN_LEGACY082_LOADNO.csv
10;20260312_HOME_LAN_LEGACY082_LOADNO.csv
10;20260312_HOME_LAN_LEGACY082_LOADNO.csv
10;20260312_HOME_LAN_LEGACY082_LOADNO.csv
10;20260312_HOME_LAN_LEGACY082_LOADNO.csv
10;20260312_HOME_LAN_LEGACY082_LOADNO.csv
10;20260312_HOME_LAN_LEGACY082_LOADNO.csv
10;20260312_HOME_LAN_LEGACY082_LOADNO.csv
10;20260312_HOME_LAN_LEGACY082_LOADNO.csv
10;20260312_HOME_LAN_LEGACY082_LOADNO.csv
10;20260312_HOME_LAN_LEGACY082_LOADNO.csv
10;20260312_HOME_LAN_LEGACY082_LOADNO.csv
10;20260312_HOME_LAN_LEGACY082_LOADNO.csv
10;20260312_HOME_LAN_LEGACY082_LOADNO.csv
10;20260312_HOME_LAN_LEGACY082_LOADNO.csv
10;20260312_HOME_LAN_LEGACY082_LOADNO.csv
10;20260312_HOME_LAN_LEGACY082_LOADNO.csv
10;20260312_HOME_LAN_LEGACY082_LOADNO.csv
10;20260312_HOME_LAN_LEGACY082_LOADNO.csv
10;20260312_HOME_LAN_LEGACY082_LOADNO.csv
10;20260312_HOME_LAN_LEGACY082_LOADNO.csv
10;20260312_HOME_LAN_LEGACY082_LOADNO.csv
10;20260312_HOME_LAN_LEGACY082_LOADNO.csv
10;20260312_HOME_LAN_LEGACY082_LOADNO.csv
10;20260312_HOME_LAN_LEGACY082_LOADNO.csv
10;20260312_HOME_LAN_LEGACY082_LOADNO.csv
10;20260312_HOME_LAN_LEGACY082_LOADNO.csv
10;20260312_HOME_LAN_LEGACY082_LOADNO.csv
10;20260312_HOME_LAN_LEGACY082_LOADNO.csv
10;20260312_HOME_LAN_LEGACY082_LOADNO.csv
10;20260312_HOME_LAN_LEGACY082_LOADNO.csv
10;20260312_HOME_LAN_LEGACY082_LOADNO.csv
10;20260312_HOME_LAN_LEGACY082_LOADNO.csv
10;20260312_HOME_LAN_LEGACY082_LOADNO.csv
10;20260312_HOME_LAN_LEGACY082_LOADNO.csv
10;20260312_HOME_LAN_LEGACY082_LOADNO.csv
10;20260312_HOME_LAN_LEGACY082_LOADNO.csv
10;20260312_HOME_LAN_LEGACY082_LOADNO.csv
10;20260312_HOME_LAN_LEGACY082_LOADNO.csv
10;20260312_HOME_LAN_LEGACY082_LOADNO.csv
10;20260312_HOME_LAN_LEGACY082_LOADNO.csv
10;20260312_HOME_LAN_LEGACY082_LOADNO.csv
10;20260312_HOME_LAN_LEGACY082_LOADNO.csv
10;20260312_HOME_LAN_LEGACY082_LOADNO.csv
10;20260312_HOME_LAN_LEGACY082_LOADNO.csv
10;20260312_HOME_LAN_LEGACY082_LOADNO.csv
10;20260312_HOME_LAN_LEGACY082_LOADNO.csv
10;20260312_HOME_LAN_LEGACY082_LOADNO.csv
10;20260312_HOME_LAN_LEGACY082_LOADNO.csv
10;20260312_HOME_LAN_LEGACY082_LOADNO.csv
10;20260312_HOME_LAN_LEGACY082_LOADNO.csv
10;20260312_HOME_LAN_LEGACY082_LOADNO.csv
10;20260312_HOME_LAN_LEGACY082_LOADNO.csv
10;20260312_HOME_LAN_LEGACY082_LOADNO.csv
10;20260312_HOME_LAN_LEGACY082_LOADNO.csv
10;20260312_HOME_LAN_LEGACY082_LOADNO.csv
10;20260312_HOME_LAN_LEGACY082_LOADNO.csv
10;20260312_HOME_LAN_LEGACY082_LOADNO.csv
10;20260312_HOME_LAN_LEGACY082_LOADNO.csv
10;20260312_HOME_LAN_LEGACY082_LOADNO.csv
10;20260312_HOME_LAN_LEGACY082_LOADNO.csv
10;20260312_HOME_LAN_LEGACY082_LOADNO.csv
10;20260312_HOME_LAN_LEGACY082_LOADNO.csv
10;20260312_HOME_LAN_LEGACY082_LOADNO.csv
10;20260312_HOME_LAN_LEGACY082_LOADNO.csv
10;20260312_HOME_LAN_LEGACY082_LOADNO.csv
10;20260312_HOME_LAN_LEGACY082_LOADNO.csv
10;20260312_HOME_LAN_LEGACY082_LOADNO.csv
10;20260312_HOME_LAN_LEGACY082_LOADNO.csv
10;20260312_HOME_LAN_LEGACY082_LOADNO.csv
10;20260312_HOME_LAN_LEGACY082_LOADNO.csv
10;20260312_HOME_LAN_LEGACY082_LOADNO.csv
10;20260312_HOME_LAN_LEGACY082_LOADNO.csv
10;20260312_HOME_LAN_LEGACY082_LOADNO.csv
10;20260312_HOME_LAN_LEGACY082_LOADNO.csv
10;20260312_HOME_LAN_LEGACY082_LOADNO.csv
10;20260312_HOME_LAN_LEGACY082_LOADNO.csv
10;20260312_HOME_LAN_LEGACY082_LOADNO.csv
10;20260312_HOME_LAN_LEGACY082_LOADNO.csv
10;20260312_HOME_LAN_LEGACY082_LOADNO.csv
10;20260312_HOME_LAN_LEGACY082_LOADNO.csv
10;20260312_HOME_LAN_LEGACY082_LOADNO.csv
10;20260312_HOME_LAN_LEGACY082_LOADNO.csv
10;20260312_HOME_LAN_LEGACY082_LOADNO.csv
10;20260312_HOME_LAN_LEGACY082_LOADNO.csv
10;20260312_HOME_LAN_LEGACY082_LOADNO.csv
10;20260312_HOME_LAN_LEGACY082_LOADNO.csv
10;20260312_HOME_LAN_LEGACY082_LOADNO.csv
10;20260312_HOME_LAN_LEGACY082_LOADNO.csv
10;20260312_HOME_LAN_LEGACY082_LOADNO.csv
10;20260312_HOME_LAN_LEGACY082_LOADNO.csv
10;20260312_HOME_LAN_LEGACY082_LOADNO.csv
10;20260312_HOME_LAN_LEGACY082_LOADNO.csv
10;20260312_HOME_LAN_LEGACY082_LOADNO.csv
10;20260312_HOME_LAN_LEGACY082_LOADNO.csv
10;20260312_HOME_LAN_LEGACY082_LOADNO.csv
10;20260312_HOME_LAN_LEGACY082_LOADNO.csv
10;20260312_HOME_LAN_LEGACY082_LOADNO.csv
10;20260312_HOME_LAN_LEGACY082_LOADNO.csv
10;20260312_HOME_LAN_LEGACY082_LOADNO.csv
10;20260312_HOME_LAN_LEGACY082_LOADNO.csv
10;20260312_HOME_LAN_LEGACY082_LOADNO.csv
10;20260312_HOME_LAN_LEGACY082_LOADNO.csv
10;20260312_HOME_LAN_LEGACY082_LOADNO.csv
10;20260312_HOME_LAN_LEGACY082_LOADNO.csv
10;20260312_HOME_LAN_LEGACY082_LOADNO.csv
10;20260312_HOME_LAN_LEGACY082_LOADNO.csv
10;20260312_HOME_LAN_LEGACY082_LOADNO.csv
10;20260312_HOME_LAN_LEGACY082_LOADNO.csv
10;20260312_HOME_LAN_LEGACY082_LOADNO.csv
10;20260312_HOME_LAN_LEGACY082_LOADNO.csv
10;20260312_HOME_LAN_LEGACY082_LOADNO.csv
10;20260312_HOME_LAN_LEGACY082_LOADNO.csv
10;20260312_HOME_LAN_LEGACY082_LOADNO.csv
10;20260312_HOME_LAN_LEGACY082_LOADNO.csv
10;20260312_HOME_LAN_LEGACY082_LOADNO.csv
10;20260312_HOME_LAN_LEGACY082_LOADNO.csv
10;20260312_HOME_LAN_LEGACY082_LOADNO.csv
10;20260312_HOME_LAN_LEGACY082_LOADNO.csv
10;20260312_HOME_LAN_LEGACY082_LOADNO.csv
10;20260312_HOME_LAN_LEGACY082_LOADNO.csv
10;20260312_HOME_LAN_LEGACY082_LOADNO.csv
10;20260312_HOME_LAN_LEGACY082_LOADNO.csv
10;20260312_HOME_LAN_LEGACY082_LOADNO.csv
10;20260312_HOME_LAN_LEGACY082_LOADNO.csv
10;20260312_HOME_LAN_LEGACY082_LOADNO.csv
10;20260312_HOME_LAN_LEGACY082_LOADNO.csv
10;20260312_HOME_LAN_LEGACY082_LOADNO.csv
10;20260312_HOME_LAN_LEGACY082_LOADNO.csv
10;20260312_HOME_LAN_LEGACY082_LOADNO.csv
10;20260312_HOME_LAN_LEGACY082_LOADNO.csv
10;20260312_HOME_LAN_LEGACY082_LOADNO.csv
10;20260312_HOME_LAN_LEGACY082_LOADNO.csv
10;20260312_HOME_LAN_LEGACY082_LOADNO.csv
10;20260312_HOME_LAN_LEGACY082_LOADNO.csv
10;20260312_HOME_LAN_LEGACY082_LOADNO.csv
10;20260312_HOME_LAN_LEGACY082_LOADNO.csv
10;20260312_HOME_LAN_LEGACY082_LOADNO.csv
10;20260312_HOME_LAN_LEGACY082_LOADNO.csv
10;20260312_HOME_LAN_LEGACY082_LOADNO.csv
10;20260312_HOME_LAN_LEGACY082_LOADNO.csv
10;20260312_HOME_LAN_LEGACY082_LOADNO.csv
10;20260312_HOME_LAN_LEGACY082_LOADNO.csv
10;20260312_HOME_LAN_LEGACY082_LOADNO.csv
10;20260312_HOME_LAN_LEGACY082_LOADNO.csv
10;20260312_HOME_LAN_LEGACY082_LOADNO.csv
10;20260312_HOME_LAN_LEGACY082_LOADNO.csv
10;20260312_HOME_LAN_LEGACY082_LOADNO.csv
10;20260312_HOME_LAN_LEGACY082_LOADNO.csv
10;20260312_HOME_LAN_LEGACY082_LOADNO.csv
10;20260312_HOME_LAN_LEGACY082_LOADNO.csv
10;20260312_HOME_LAN_LEGACY082_LOADNO.csv
10;20260312_HOME_LAN_LEGACY082_LOADNO.csv
10;20260312_HOME_LAN_LEGACY082_LOADNO.csv
10;20260312_HOME_LAN_LEGACY082_LOADNO.csv
10;20260312_HOME_LAN_LEGACY082_LOADNO.csv
10;20260312_HOME_LAN_LEGACY082_LOADNO.csv
10;20260312_HOME_LAN_LEGACY082_LOADNO.csv
10;20260312_HOME_LAN_LEGACY082_LOADNO.csv
10;20260312_HOME_LAN_LEGACY082_LOADNO.csv
10;20260312_HOME_LAN_LEGACY082_LOADNO.csv
10;20260312_HOME_LAN_LEGACY082_LOADNO.csv
10;20260312_HOME_LAN_LEGACY082_LOADNO.csv
10;20260312_HOME_LAN_LEGACY082_LOADNO.csv
10;20260312_HOME_LAN_LEGACY082_LOADNO.csv
10;20260312_HOME_LAN_LEGACY082_LOADNO.csv
10;20260312_HOME_LAN_LEGACY082_LOADNO.csv
10;20260312_HOME_LAN_LEGACY082_LOADNO.csv
10;20260312_HOME_LAN_LEGACY082_LOADNO.csv
10;20260312_HOME_LAN_LEGACY082_LOADNO.csv
10;20260312_HOME_LAN_LEGACY082_LOADNO.csv
10;20260312_HOME_LAN_LEGACY082_LOADNO.csv
10;20260312_HOME_LAN_LEGACY082_LOADNO.csv
10;20260312_HOME_LAN_LEGACY082_LOADNO.csv
10;20260312_HOME_LAN_LEGACY082_LOADNO.csv
10;20260312_HOME_LAN_LEGACY082_LOADNO.csv
11;20260312_HOME_LAN_LEGACY082_LOADNO.csv
10;20260312_HOME_LAN_LEGACY082_LOADNO.csv
10;20260312_HOME_LAN_LEGACY082_LOADNO.csv
10;20260312_HOME_LAN_LEGACY082_LOADNO.csv
10;20260312_HOME_LAN_LEGACY082_LOADNO.csv
10;20260312_HOME_LAN_LEGACY082_LOADNO.csv
10;20260312_HOME_LAN_LEGACY082_LOADNO.csv
10;20260312_HOME_LAN_LEGACY082_LOADNO.csv
10;20260312_HOME_LAN_LEGACY082_LOADNO.csv
10;20260312_HOME_LAN_LEGACY082_LOADNO.csv
10;20260312_HOME_LAN_LEGACY082_LOADNO.csv
10;20260312_HOME_LAN_LEGACY082_LOADNO.csv
10;20260312_HOME_LAN_LEGACY082_LOADNO.csv
10;20260312_HOME_LAN_LEGACY082_LOADNO.csv
10;20260312_HOME_LAN_LEGACY082_LOADNO.csv
10;20260312_HOME_LAN_LEGACY082_LOADTCP8.csv
10;20260312_HOME_LAN_LEGACY082_LOADTCP8.csv
10;20260312_HOME_LAN_LEGACY082_LOADTCP8.csv
10;20260312_HOME_LAN_LEGACY082_LOADTCP8.csv
10;20260312_HOME_LAN_LEGACY082_LOADTCP8.csv
10;20260312_HOME_LAN_LEGACY082_LOADTCP8.csv
10;20260312_HOME_LAN_LEGACY082_LOADTCP8.csv
10;20260312_HOME_LAN_LEGACY082_LOADTCP8.csv
10;20260312_HOME_LAN_LEGACY082_LOADTCP8.csv
10;20260312_HOME_LAN_LEGACY082_LOADTCP8.csv
27;20260312_HOME_LAN_LEGACY082_LOADTCP8.csv
24;20260312_HOME_LAN_LEGACY082_LOADTCP8.csv
32;20260312_HOME_LAN_LEGACY082_LOADTCP8.csv
31;20260312_HOME_LAN_LEGACY082_LOADTCP8.csv
26;20260312_HOME_LAN_LEGACY082_LOADTCP8.csv
34;20260312_HOME_LAN_LEGACY082_LOADTCP8.csv
31;20260312_HOME_LAN_LEGACY082_LOADTCP8.csv
30;20260312_HOME_LAN_LEGACY082_LOADTCP8.csv
36;20260312_HOME_LAN_LEGACY082_LOADTCP8.csv
34;20260312_HOME_LAN_LEGACY082_LOADTCP8.csv
27;20260312_HOME_LAN_LEGACY082_LOADTCP8.csv
32;20260312_HOME_LAN_LEGACY082_LOADTCP8.csv
19;20260312_HOME_LAN_LEGACY082_LOADTCP8.csv
37;20260312_HOME_LAN_LEGACY082_LOADTCP8.csv
23;20260312_HOME_LAN_LEGACY082_LOADTCP8.csv
34;20260312_HOME_LAN_LEGACY082_LOADTCP8.csv
33;20260312_HOME_LAN_LEGACY082_LOADTCP8.csv
29;20260312_HOME_LAN_LEGACY082_LOADTCP8.csv
27;20260312_HOME_LAN_LEGACY082_LOADTCP8.csv
34;20260312_HOME_LAN_LEGACY082_LOADTCP8.csv
33;20260312_HOME_LAN_LEGACY082_LOADTCP8.csv
30;20260312_HOME_LAN_LEGACY082_LOADTCP8.csv
31;20260312_HOME_LAN_LEGACY082_LOADTCP8.csv
29;20260312_HOME_LAN_LEGACY082_LOADTCP8.csv
29;20260312_HOME_LAN_LEGACY082_LOADTCP8.csv
26;20260312_HOME_LAN_LEGACY082_LOADTCP8.csv
31;20260312_HOME_LAN_LEGACY082_LOADTCP8.csv
29;20260312_HOME_LAN_LEGACY082_LOADTCP8.csv
31;20260312_HOME_LAN_LEGACY082_LOADTCP8.csv
31;20260312_HOME_LAN_LEGACY082_LOADTCP8.csv
30;20260312_HOME_LAN_LEGACY082_LOADTCP8.csv
33;20260312_HOME_LAN_LEGACY082_LOADTCP8.csv
28;20260312_HOME_LAN_LEGACY082_LOADTCP8.csv
37;20260312_HOME_LAN_LEGACY082_LOADTCP8.csv
30;20260312_HOME_LAN_LEGACY082_LOADTCP8.csv
35;20260312_HOME_LAN_LEGACY082_LOADTCP8.csv
28;20260312_HOME_LAN_LEGACY082_LOADTCP8.csv
36;20260312_HOME_LAN_LEGACY082_LOADTCP8.csv
30;20260312_HOME_LAN_LEGACY082_LOADTCP8.csv
34;20260312_HOME_LAN_LEGACY082_LOADTCP8.csv
30;20260312_HOME_LAN_LEGACY082_LOADTCP8.csv
33;20260312_HOME_LAN_LEGACY082_LOADTCP8.csv
32;20260312_HOME_LAN_LEGACY082_LOADTCP8.csv
28;20260312_HOME_LAN_LEGACY082_LOADTCP8.csv
28;20260312_HOME_LAN_LEGACY082_LOADTCP8.csv
30;20260312_HOME_LAN_LEGACY082_LOADTCP8.csv
28;20260312_HOME_LAN_LEGACY082_LOADTCP8.csv
31;20260312_HOME_LAN_LEGACY082_LOADTCP8.csv
30;20260312_HOME_LAN_LEGACY082_LOADTCP8.csv
30;20260312_HOME_LAN_LEGACY082_LOADTCP8.csv
33;20260312_HOME_LAN_LEGACY082_LOADTCP8.csv
33;20260312_HOME_LAN_LEGACY082_LOADTCP8.csv
33;20260312_HOME_LAN_LEGACY082_LOADTCP8.csv
30;20260312_HOME_LAN_LEGACY082_LOADTCP8.csv
34;20260312_HOME_LAN_LEGACY082_LOADTCP8.csv
27;20260312_HOME_LAN_LEGACY082_LOADTCP8.csv
40;20260312_HOME_LAN_LEGACY082_LOADTCP8.csv
25;20260312_HOME_LAN_LEGACY082_LOADTCP8.csv
35;20260312_HOME_LAN_LEGACY082_LOADTCP8.csv
36;20260312_HOME_LAN_LEGACY082_LOADTCP8.csv
33;20260312_HOME_LAN_LEGACY082_LOADTCP8.csv
30;20260312_HOME_LAN_LEGACY082_LOADTCP8.csv
33;20260312_HOME_LAN_LEGACY082_LOADTCP8.csv
31;20260312_HOME_LAN_LEGACY082_LOADTCP8.csv
36;20260312_HOME_LAN_LEGACY082_LOADTCP8.csv
36;20260312_HOME_LAN_LEGACY082_LOADTCP8.csv
32;20260312_HOME_LAN_LEGACY082_LOADTCP8.csv
33;20260312_HOME_LAN_LEGACY082_LOADTCP8.csv
37;20260312_HOME_LAN_LEGACY082_LOADTCP8.csv
32;20260312_HOME_LAN_LEGACY082_LOADTCP8.csv
32;20260312_HOME_LAN_LEGACY082_LOADTCP8.csv
31;20260312_HOME_LAN_LEGACY082_LOADTCP8.csv
31;20260312_HOME_LAN_LEGACY082_LOADTCP8.csv
29;20260312_HOME_LAN_LEGACY082_LOADTCP8.csv
35;20260312_HOME_LAN_LEGACY082_LOADTCP8.csv
28;20260312_HOME_LAN_LEGACY082_LOADTCP8.csv
33;20260312_HOME_LAN_LEGACY082_LOADTCP8.csv
32;20260312_HOME_LAN_LEGACY082_LOADTCP8.csv
31;20260312_HOME_LAN_LEGACY082_LOADTCP8.csv
31;20260312_HOME_LAN_LEGACY082_LOADTCP8.csv
33;20260312_HOME_LAN_LEGACY082_LOADTCP8.csv
33;20260312_HOME_LAN_LEGACY082_LOADTCP8.csv
33;20260312_HOME_LAN_LEGACY082_LOADTCP8.csv
26;20260312_HOME_LAN_LEGACY082_LOADTCP8.csv
39;20260312_HOME_LAN_LEGACY082_LOADTCP8.csv
27;20260312_HOME_LAN_LEGACY082_LOADTCP8.csv
36;20260312_HOME_LAN_LEGACY082_LOADTCP8.csv
29;20260312_HOME_LAN_LEGACY082_LOADTCP8.csv
28;20260312_HOME_LAN_LEGACY082_LOADTCP8.csv
32;20260312_HOME_LAN_LEGACY082_LOADTCP8.csv
30;20260312_HOME_LAN_LEGACY082_LOADTCP8.csv
30;20260312_HOME_LAN_LEGACY082_LOADTCP8.csv
29;20260312_HOME_LAN_LEGACY082_LOADTCP8.csv
31;20260312_HOME_LAN_LEGACY082_LOADTCP8.csv
31;20260312_HOME_LAN_LEGACY082_LOADTCP8.csv
29;20260312_HOME_LAN_LEGACY082_LOADTCP8.csv
33;20260312_HOME_LAN_LEGACY082_LOADTCP8.csv
33;20260312_HOME_LAN_LEGACY082_LOADTCP8.csv
32;20260312_HOME_LAN_LEGACY082_LOADTCP8.csv
25;20260312_HOME_LAN_LEGACY082_LOADTCP8.csv
29;20260312_HOME_LAN_LEGACY082_LOADTCP8.csv
33;20260312_HOME_LAN_LEGACY082_LOADTCP8.csv
30;20260312_HOME_LAN_LEGACY082_LOADTCP8.csv
30;20260312_HOME_LAN_LEGACY082_LOADTCP8.csv
25;20260312_HOME_LAN_LEGACY082_LOADTCP8.csv
35;20260312_HOME_LAN_LEGACY082_LOADTCP8.csv
28;20260312_HOME_LAN_LEGACY082_LOADTCP8.csv
36;20260312_HOME_LAN_LEGACY082_LOADTCP8.csv
33;20260312_HOME_LAN_LEGACY082_LOADTCP8.csv
29;20260312_HOME_LAN_LEGACY082_LOADTCP8.csv
28;20260312_HOME_LAN_LEGACY082_LOADTCP8.csv
28;20260312_HOME_LAN_LEGACY082_LOADTCP8.csv
25;20260312_HOME_LAN_LEGACY082_LOADTCP8.csv
35;20260312_HOME_LAN_LEGACY082_LOADTCP8.csv
29;20260312_HOME_LAN_LEGACY082_LOADTCP8.csv
36;20260312_HOME_LAN_LEGACY082_LOADTCP8.csv
32;20260312_HOME_LAN_LEGACY082_LOADTCP8.csv
30;20260312_HOME_LAN_LEGACY082_LOADTCP8.csv
33;20260312_HOME_LAN_LEGACY082_LOADTCP8.csv
28;20260312_HOME_LAN_LEGACY082_LOADTCP8.csv
28;20260312_HOME_LAN_LEGACY082_LOADTCP8.csv
27;20260312_HOME_LAN_LEGACY082_LOADTCP8.csv
35;20260312_HOME_LAN_LEGACY082_LOADTCP8.csv
35;20260312_HOME_LAN_LEGACY082_LOADTCP8.csv
32;20260312_HOME_LAN_LEGACY082_LOADTCP8.csv
28;20260312_HOME_LAN_LEGACY082_LOADTCP8.csv
27;20260312_HOME_LAN_LEGACY082_LOADTCP8.csv
28;20260312_HOME_LAN_LEGACY082_LOADTCP8.csv
24;20260312_HOME_LAN_LEGACY082_LOADTCP8.csv
38;20260312_HOME_LAN_LEGACY082_LOADTCP8.csv
31;20260312_HOME_LAN_LEGACY082_LOADTCP8.csv
32;20260312_HOME_LAN_LEGACY082_LOADTCP8.csv
32;20260312_HOME_LAN_LEGACY082_LOADTCP8.csv
31;20260312_HOME_LAN_LEGACY082_LOADTCP8.csv
30;20260312_HOME_LAN_LEGACY082_LOADTCP8.csv
29;20260312_HOME_LAN_LEGACY082_LOADTCP8.csv
29;20260312_HOME_LAN_LEGACY082_LOADTCP8.csv
29;20260312_HOME_LAN_LEGACY082_LOADTCP8.csv
31;20260312_HOME_LAN_LEGACY082_LOADTCP8.csv
29;20260312_HOME_LAN_LEGACY082_LOADTCP8.csv
36;20260312_HOME_LAN_LEGACY082_LOADTCP8.csv
35;20260312_HOME_LAN_LEGACY082_LOADTCP8.csv
28;20260312_HOME_LAN_LEGACY082_LOADTCP8.csv
33;20260312_HOME_LAN_LEGACY082_LOADTCP8.csv
30;20260312_HOME_LAN_LEGACY082_LOADTCP8.csv
33;20260312_HOME_LAN_LEGACY082_LOADTCP8.csv
31;20260312_HOME_LAN_LEGACY082_LOADTCP8.csv
32;20260312_HOME_LAN_LEGACY082_LOADTCP8.csv
29;20260312_HOME_LAN_LEGACY082_LOADTCP8.csv
30;20260312_HOME_LAN_LEGACY082_LOADTCP8.csv
31;20260312_HOME_LAN_LEGACY082_LOADTCP8.csv
30;20260312_HOME_LAN_LEGACY082_LOADTCP8.csv
27;20260312_HOME_LAN_LEGACY082_LOADTCP8.csv
31;20260312_HOME_LAN_LEGACY082_LOADTCP8.csv
26;20260312_HOME_LAN_LEGACY082_LOADTCP8.csv
39;20260312_HOME_LAN_LEGACY082_LOADTCP8.csv
31;20260312_HOME_LAN_LEGACY082_LOADTCP8.csv
31;20260312_HOME_LAN_LEGACY082_LOADTCP8.csv
27;20260312_HOME_LAN_LEGACY082_LOADTCP8.csv
37;20260312_HOME_LAN_LEGACY082_LOADTCP8.csv
29;20260312_HOME_LAN_LEGACY082_LOADTCP8.csv
38;20260312_HOME_LAN_LEGACY082_LOADTCP8.csv
31;20260312_HOME_LAN_LEGACY082_LOADTCP8.csv
33;20260312_HOME_LAN_LEGACY082_LOADTCP8.csv
28;20260312_HOME_LAN_LEGACY082_LOADTCP8.csv
39;20260312_HOME_LAN_LEGACY082_LOADTCP8.csv
29;20260312_HOME_LAN_LEGACY082_LOADTCP8.csv
38;20260312_HOME_LAN_LEGACY082_LOADTCP8.csv
30;20260312_HOME_LAN_LEGACY082_LOADTCP8.csv
36;20260312_HOME_LAN_LEGACY082_LOADTCP8.csv
28;20260312_HOME_LAN_LEGACY082_LOADTCP8.csv
33;20260312_HOME_LAN_LEGACY082_LOADTCP8.csv
30;20260312_HOME_LAN_LEGACY082_LOADTCP8.csv
28;20260312_HOME_LAN_LEGACY082_LOADTCP8.csv
28;20260312_HOME_LAN_LEGACY082_LOADTCP8.csv
34;20260312_HOME_LAN_LEGACY082_LOADTCP8.csv
32;20260312_HOME_LAN_LEGACY082_LOADTCP8.csv
27;20260312_HOME_LAN_LEGACY082_LOADTCP8.csv
28;20260312_HOME_LAN_LEGACY082_LOADTCP8.csv
30;20260312_HOME_LAN_LEGACY082_LOADTCP8.csv
26;20260312_HOME_LAN_LEGACY082_LOADTCP8.csv
35;20260312_HOME_LAN_LEGACY082_LOADTCP8.csv
29;20260312_HOME_LAN_LEGACY082_LOADTCP8.csv
34;20260312_HOME_LAN_LEGACY082_LOADTCP8.csv
28;20260312_HOME_LAN_LEGACY082_LOADTCP8.csv
37;20260312_HOME_LAN_LEGACY082_LOADTCP8.csv
32;20260312_HOME_LAN_LEGACY082_LOADTCP8.csv
35;20260312_HOME_LAN_LEGACY082_LOADTCP8.csv
34;20260312_HOME_LAN_LEGACY082_LOADTCP8.csv
28;20260312_HOME_LAN_LEGACY082_LOADTCP8.csv
11;20260312_HOME_LAN_LEGACY082_LOADYOUTUBE4K.csv
17;20260312_HOME_LAN_LEGACY082_LOADYOUTUBE4K.csv
11;20260312_HOME_LAN_LEGACY082_LOADYOUTUBE4K.csv
10;20260312_HOME_LAN_LEGACY082_LOADYOUTUBE4K.csv
10;20260312_HOME_LAN_LEGACY082_LOADYOUTUBE4K.csv
10;20260312_HOME_LAN_LEGACY082_LOADYOUTUBE4K.csv
11;20260312_HOME_LAN_LEGACY082_LOADYOUTUBE4K.csv
15;20260312_HOME_LAN_LEGACY082_LOADYOUTUBE4K.csv
30;20260312_HOME_LAN_LEGACY082_LOADYOUTUBE4K.csv
13;20260312_HOME_LAN_LEGACY082_LOADYOUTUBE4K.csv
10;20260312_HOME_LAN_LEGACY082_LOADYOUTUBE4K.csv
10;20260312_HOME_LAN_LEGACY082_LOADYOUTUBE4K.csv
10;20260312_HOME_LAN_LEGACY082_LOADYOUTUBE4K.csv
13;20260312_HOME_LAN_LEGACY082_LOADYOUTUBE4K.csv
11;20260312_HOME_LAN_LEGACY082_LOADYOUTUBE4K.csv
11;20260312_HOME_LAN_LEGACY082_LOADYOUTUBE4K.csv
13;20260312_HOME_LAN_LEGACY082_LOADYOUTUBE4K.csv
13;20260312_HOME_LAN_LEGACY082_LOADYOUTUBE4K.csv
31;20260312_HOME_LAN_LEGACY082_LOADYOUTUBE4K.csv
31;20260312_HOME_LAN_LEGACY082_LOADYOUTUBE4K.csv
28;20260312_HOME_LAN_LEGACY082_LOADYOUTUBE4K.csv
22;20260312_HOME_LAN_LEGACY082_LOADYOUTUBE4K.csv
11;20260312_HOME_LAN_LEGACY082_LOADYOUTUBE4K.csv
10;20260312_HOME_LAN_LEGACY082_LOADYOUTUBE4K.csv
10;20260312_HOME_LAN_LEGACY082_LOADYOUTUBE4K.csv
16;20260312_HOME_LAN_LEGACY082_LOADYOUTUBE4K.csv
20;20260312_HOME_LAN_LEGACY082_LOADYOUTUBE4K.csv
15;20260312_HOME_LAN_LEGACY082_LOADYOUTUBE4K.csv
10;20260312_HOME_LAN_LEGACY082_LOADYOUTUBE4K.csv
10;20260312_HOME_LAN_LEGACY082_LOADYOUTUBE4K.csv
13;20260312_HOME_LAN_LEGACY082_LOADYOUTUBE4K.csv
17;20260312_HOME_LAN_LEGACY082_LOADYOUTUBE4K.csv
20;20260312_HOME_LAN_LEGACY082_LOADYOUTUBE4K.csv
23;20260312_HOME_LAN_LEGACY082_LOADYOUTUBE4K.csv
23;20260312_HOME_LAN_LEGACY082_LOADYOUTUBE4K.csv
16;20260312_HOME_LAN_LEGACY082_LOADYOUTUBE4K.csv
23;20260312_HOME_LAN_LEGACY082_LOADYOUTUBE4K.csv
14;20260312_HOME_LAN_LEGACY082_LOADYOUTUBE4K.csv
10;20260312_HOME_LAN_LEGACY082_LOADYOUTUBE4K.csv
10;20260312_HOME_LAN_LEGACY082_LOADYOUTUBE4K.csv
10;20260312_HOME_LAN_LEGACY082_LOADYOUTUBE4K.csv
10;20260312_HOME_LAN_LEGACY082_LOADYOUTUBE4K.csv
10;20260312_HOME_LAN_LEGACY082_LOADYOUTUBE4K.csv
10;20260312_HOME_LAN_LEGACY082_LOADYOUTUBE4K.csv
14;20260312_HOME_LAN_LEGACY082_LOADYOUTUBE4K.csv
13;20260312_HOME_LAN_LEGACY082_LOADYOUTUBE4K.csv
20;20260312_HOME_LAN_LEGACY082_LOADYOUTUBE4K.csv
17;20260312_HOME_LAN_LEGACY082_LOADYOUTUBE4K.csv
17;20260312_HOME_LAN_LEGACY082_LOADYOUTUBE4K.csv
15;20260312_HOME_LAN_LEGACY082_LOADYOUTUBE4K.csv
12;20260312_HOME_LAN_LEGACY082_LOADYOUTUBE4K.csv
17;20260312_HOME_LAN_LEGACY082_LOADYOUTUBE4K.csv
19;20260312_HOME_LAN_LEGACY082_LOADYOUTUBE4K.csv
11;20260312_HOME_LAN_LEGACY082_LOADYOUTUBE4K.csv
10;20260312_HOME_LAN_LEGACY082_LOADYOUTUBE4K.csv
10;20260312_HOME_LAN_LEGACY082_LOADYOUTUBE4K.csv
10;20260312_HOME_LAN_LEGACY082_LOADYOUTUBE4K.csv
10;20260312_HOME_LAN_LEGACY082_LOADYOUTUBE4K.csv
10;20260312_HOME_LAN_LEGACY082_LOADYOUTUBE4K.csv
10;20260312_HOME_LAN_LEGACY082_LOADYOUTUBE4K.csv
10;20260312_HOME_LAN_LEGACY082_LOADYOUTUBE4K.csv
10;20260312_HOME_LAN_LEGACY082_LOADYOUTUBE4K.csv
10;20260312_HOME_LAN_LEGACY082_LOADYOUTUBE4K.csv
10;20260312_HOME_LAN_LEGACY082_LOADYOUTUBE4K.csv
10;20260312_HOME_LAN_LEGACY082_LOADYOUTUBE4K.csv
10;20260312_HOME_LAN_LEGACY082_LOADYOUTUBE4K.csv
16;20260312_HOME_LAN_LEGACY082_LOADYOUTUBE4K.csv
20;20260312_HOME_LAN_LEGACY082_LOADYOUTUBE4K.csv
21;20260312_HOME_LAN_LEGACY082_LOADYOUTUBE4K.csv
27;20260312_HOME_LAN_LEGACY082_LOADYOUTUBE4K.csv
24;20260312_HOME_LAN_LEGACY082_LOADYOUTUBE4K.csv
26;20260312_HOME_LAN_LEGACY082_LOADYOUTUBE4K.csv
28;20260312_HOME_LAN_LEGACY082_LOADYOUTUBE4K.csv
20;20260312_HOME_LAN_LEGACY082_LOADYOUTUBE4K.csv
24;20260312_HOME_LAN_LEGACY082_LOADYOUTUBE4K.csv
27;20260312_HOME_LAN_LEGACY082_LOADYOUTUBE4K.csv
11;20260312_HOME_LAN_LEGACY082_LOADYOUTUBE4K.csv
10;20260312_HOME_LAN_LEGACY082_LOADYOUTUBE4K.csv
10;20260312_HOME_LAN_LEGACY082_LOADYOUTUBE4K.csv
10;20260312_HOME_LAN_LEGACY082_LOADYOUTUBE4K.csv
10;20260312_HOME_LAN_LEGACY082_LOADYOUTUBE4K.csv
10;20260312_HOME_LAN_LEGACY082_LOADYOUTUBE4K.csv
16;20260312_HOME_LAN_LEGACY082_LOADYOUTUBE4K.csv
17;20260312_HOME_LAN_LEGACY082_LOADYOUTUBE4K.csv
27;20260312_HOME_LAN_LEGACY082_LOADYOUTUBE4K.csv
16;20260312_HOME_LAN_LEGACY082_LOADYOUTUBE4K.csv
11;20260312_HOME_LAN_LEGACY082_LOADYOUTUBE4K.csv
15;20260312_HOME_LAN_LEGACY082_LOADYOUTUBE4K.csv
11;20260312_HOME_LAN_LEGACY082_LOADYOUTUBE4K.csv
13;20260312_HOME_LAN_LEGACY082_LOADYOUTUBE4K.csv
14;20260312_HOME_LAN_LEGACY082_LOADYOUTUBE4K.csv
16;20260312_HOME_LAN_LEGACY082_LOADYOUTUBE4K.csv
12;20260312_HOME_LAN_LEGACY082_LOADYOUTUBE4K.csv
11;20260312_HOME_LAN_LEGACY082_LOADYOUTUBE4K.csv
10;20260312_HOME_LAN_LEGACY082_LOADYOUTUBE4K.csv
10;20260312_HOME_LAN_LEGACY082_LOADYOUTUBE4K.csv
10;20260312_HOME_LAN_LEGACY082_LOADYOUTUBE4K.csv
10;20260312_HOME_LAN_LEGACY082_LOADYOUTUBE4K.csv
10;20260312_HOME_LAN_LEGACY082_LOADYOUTUBE4K.csv
10;20260312_HOME_LAN_LEGACY082_LOADYOUTUBE4K.csv
10;20260312_HOME_LAN_LEGACY082_LOADYOUTUBE4K.csv
11;20260312_HOME_LAN_LEGACY082_LOADYOUTUBE4K.csv
14;20260312_HOME_LAN_LEGACY082_LOADYOUTUBE4K.csv
10;20260312_HOME_LAN_LEGACY082_LOADYOUTUBE4K.csv
10;20260312_HOME_LAN_LEGACY082_LOADYOUTUBE4K.csv
10;20260312_HOME_LAN_LEGACY082_LOADYOUTUBE4K.csv
10;20260312_HOME_LAN_LEGACY082_LOADYOUTUBE4K.csv
11;20260312_HOME_LAN_LEGACY082_LOADYOUTUBE4K.csv
14;20260312_HOME_LAN_LEGACY082_LOADYOUTUBE4K.csv
26;20260312_HOME_LAN_LEGACY082_LOADYOUTUBE4K.csv
16;20260312_HOME_LAN_LEGACY082_LOADYOUTUBE4K.csv
11;20260312_HOME_LAN_LEGACY082_LOADYOUTUBE4K.csv
11;20260312_HOME_LAN_LEGACY082_LOADYOUTUBE4K.csv
16;20260312_HOME_LAN_LEGACY082_LOADYOUTUBE4K.csv
13;20260312_HOME_LAN_LEGACY082_LOADYOUTUBE4K.csv
10;20260312_HOME_LAN_LEGACY082_LOADYOUTUBE4K.csv
10;20260312_HOME_LAN_LEGACY082_LOADYOUTUBE4K.csv
10;20260312_HOME_LAN_LEGACY082_LOADYOUTUBE4K.csv
10;20260312_HOME_LAN_LEGACY082_LOADYOUTUBE4K.csv
10;20260312_HOME_LAN_LEGACY082_LOADYOUTUBE4K.csv
10;20260312_HOME_LAN_LEGACY082_LOADYOUTUBE4K.csv
10;20260312_HOME_LAN_LEGACY082_LOADYOUTUBE4K.csv
10;20260312_HOME_LAN_LEGACY082_LOADYOUTUBE4K.csv
10;20260312_HOME_LAN_LEGACY082_LOADYOUTUBE4K.csv
11;20260312_HOME_LAN_LEGACY082_LOADYOUTUBE4K.csv
24;20260312_HOME_LAN_LEGACY082_LOADYOUTUBE4K.csv
13;20260312_HOME_LAN_LEGACY082_LOADYOUTUBE4K.csv
13;20260312_HOME_LAN_LEGACY082_LOADYOUTUBE4K.csv
16;20260312_HOME_LAN_LEGACY082_LOADYOUTUBE4K.csv
11;20260312_HOME_LAN_LEGACY082_LOADYOUTUBE4K.csv
11;20260312_HOME_LAN_LEGACY082_LOADYOUTUBE4K.csv
12;20260312_HOME_LAN_LEGACY082_LOADYOUTUBE4K.csv
21;20260312_HOME_LAN_LEGACY082_LOADYOUTUBE4K.csv
15;20260312_HOME_LAN_LEGACY082_LOADYOUTUBE4K.csv
20;20260312_HOME_LAN_LEGACY082_LOADYOUTUBE4K.csv
14;20260312_HOME_LAN_LEGACY082_LOADYOUTUBE4K.csv
14;20260312_HOME_LAN_LEGACY082_LOADYOUTUBE4K.csv
11;20260312_HOME_LAN_LEGACY082_LOADYOUTUBE4K.csv
10;20260312_HOME_LAN_LEGACY082_LOADYOUTUBE4K.csv
11;20260312_HOME_LAN_LEGACY082_LOADYOUTUBE4K.csv
11;20260312_HOME_LAN_LEGACY082_LOADYOUTUBE4K.csv
11;20260312_HOME_LAN_LEGACY082_LOADYOUTUBE4K.csv
11;20260312_HOME_LAN_LEGACY082_LOADYOUTUBE4K.csv
10;20260312_HOME_LAN_LEGACY082_LOADYOUTUBE4K.csv
10;20260312_HOME_LAN_LEGACY082_LOADYOUTUBE4K.csv
10;20260312_HOME_LAN_LEGACY082_LOADYOUTUBE4K.csv
10;20260312_HOME_LAN_LEGACY082_LOADYOUTUBE4K.csv
10;20260312_HOME_LAN_LEGACY082_LOADYOUTUBE4K.csv
10;20260312_HOME_LAN_LEGACY082_LOADYOUTUBE4K.csv
10;20260312_HOME_LAN_LEGACY082_LOADYOUTUBE4K.csv
27;20260312_HOME_LAN_LEGACY082_LOADYOUTUBE4K.csv
12;20260312_HOME_LAN_LEGACY082_LOADYOUTUBE4K.csv
12;20260312_HOME_LAN_LEGACY082_LOADYOUTUBE4K.csv
11;20260312_HOME_LAN_LEGACY082_LOADYOUTUBE4K.csv
21;20260312_HOME_LAN_LEGACY082_LOADYOUTUBE4K.csv
23;20260312_HOME_LAN_LEGACY082_LOADYOUTUBE4K.csv
27;20260312_HOME_LAN_LEGACY082_LOADYOUTUBE4K.csv
12;20260312_HOME_LAN_LEGACY082_LOADYOUTUBE4K.csv
12;20260312_HOME_LAN_LEGACY082_LOADYOUTUBE4K.csv
21;20260312_HOME_LAN_LEGACY082_LOADYOUTUBE4K.csv
12;20260312_HOME_LAN_LEGACY082_LOADYOUTUBE4K.csv
10;20260312_HOME_LAN_LEGACY082_LOADYOUTUBE4K.csv
10;20260312_HOME_LAN_LEGACY082_LOADYOUTUBE4K.csv
10;20260312_HOME_LAN_LEGACY082_LOADYOUTUBE4K.csv
11;20260312_HOME_LAN_LEGACY082_LOADYOUTUBE4K.csv
10;20260312_HOME_LAN_LEGACY082_LOADYOUTUBE4K.csv
10;20260312_HOME_LAN_LEGACY082_LOADYOUTUBE4K.csv
10;20260312_HOME_LAN_LEGACY082_LOADYOUTUBE4K.csv
10;20260312_HOME_LAN_LEGACY082_LOADYOUTUBE4K.csv
11;20260312_HOME_LAN_LEGACY082_LOADYOUTUBE4K.csv
12;20260312_HOME_LAN_LEGACY082_LOADYOUTUBE4K.csv
10;20260312_HOME_LAN_LEGACY082_LOADYOUTUBE4K.csv
10;20260312_HOME_LAN_LEGACY082_LOADYOUTUBE4K.csv
10;20260312_HOME_LAN_LEGACY082_LOADYOUTUBE4K.csv
10;20260312_HOME_LAN_LEGACY082_LOADYOUTUBE4K.csv
10;20260312_HOME_LAN_LEGACY082_LOADYOUTUBE4K.csv
32;20260312_HOME_LAN_LEGACY082_LOADYOUTUBE4K.csv
37;20260312_HOME_LAN_LEGACY082_LOADYOUTUBE4K.csv
40;20260312_HOME_LAN_LEGACY082_LOADYOUTUBE4K.csv
37;20260312_HOME_LAN_LEGACY082_LOADYOUTUBE4K.csv
41;20260312_HOME_LAN_LEGACY082_LOADYOUTUBE4K.csv
37;20260312_HOME_LAN_LEGACY082_LOADYOUTUBE4K.csv
39;20260312_HOME_LAN_LEGACY082_LOADYOUTUBE4K.csv
43;20260312_HOME_LAN_LEGACY082_LOADYOUTUBE4K.csv
39;20260312_HOME_LAN_LEGACY082_LOADYOUTUBE4K.csv
18;20260312_HOME_LAN_LEGACY082_LOADYOUTUBE4K.csv
11;20260312_HOME_LAN_LEGACY082_LOADYOUTUBE4K.csv
10;20260312_HOME_LAN_LEGACY082_LOADYOUTUBE4K.csv
10;20260312_HOME_LAN_LEGACY082_LOADYOUTUBE4K.csv
10;20260312_HOME_LAN_LEGACY082_LOADYOUTUBE4K.csv
10;20260312_HOME_LAN_LEGACY082_LOADYOUTUBE4K.csv
15;20260312_HOME_LAN_LEGACY082_LOADYOUTUBE4K.csv
15;20260312_HOME_LAN_LEGACY082_LOADYOUTUBE4K.csv
11;20260312_HOME_LAN_LEGACY082_LOADYOUTUBE4K.csv
10;20260312_HOME_LAN_LEGACY082_LOADYOUTUBE4K.csv
10;20260312_HOME_LAN_LEGACY082_LOADYOUTUBE4K.csv
10;20260312_HOME_LAN_LEGACY082_LOADYOUTUBE4K.csv
10;20260312_HOME_LAN_LEGACY082_LOADYOUTUBE4K.csv
20;20260312_HOME_LAN_LEGACY082_LOADYOUTUBE4K.csv
17;20260312_HOME_LAN_LEGACY082_LOADYOUTUBE4K.csv
25;20260312_HOME_LAN_LEGACY082_LOADYOUTUBE4K_MAGENTATVMC.csv
19;20260312_HOME_LAN_LEGACY082_LOADYOUTUBE4K_MAGENTATVMC.csv
12;20260312_HOME_LAN_LEGACY082_LOADYOUTUBE4K_MAGENTATVMC.csv
11;20260312_HOME_LAN_LEGACY082_LOADYOUTUBE4K_MAGENTATVMC.csv
27;20260312_HOME_LAN_LEGACY082_LOADYOUTUBE4K_MAGENTATVMC.csv
20;20260312_HOME_LAN_LEGACY082_LOADYOUTUBE4K_MAGENTATVMC.csv
11;20260312_HOME_LAN_LEGACY082_LOADYOUTUBE4K_MAGENTATVMC.csv
10;20260312_HOME_LAN_LEGACY082_LOADYOUTUBE4K_MAGENTATVMC.csv
10;20260312_HOME_LAN_LEGACY082_LOADYOUTUBE4K_MAGENTATVMC.csv
10;20260312_HOME_LAN_LEGACY082_LOADYOUTUBE4K_MAGENTATVMC.csv
10;20260312_HOME_LAN_LEGACY082_LOADYOUTUBE4K_MAGENTATVMC.csv
10;20260312_HOME_LAN_LEGACY082_LOADYOUTUBE4K_MAGENTATVMC.csv
10;20260312_HOME_LAN_LEGACY082_LOADYOUTUBE4K_MAGENTATVMC.csv
10;20260312_HOME_LAN_LEGACY082_LOADYOUTUBE4K_MAGENTATVMC.csv
10;20260312_HOME_LAN_LEGACY082_LOADYOUTUBE4K_MAGENTATVMC.csv
44;20260312_HOME_LAN_LEGACY082_LOADYOUTUBE4K_MAGENTATVMC.csv
44;20260312_HOME_LAN_LEGACY082_LOADYOUTUBE4K_MAGENTATVMC.csv
34;20260312_HOME_LAN_LEGACY082_LOADYOUTUBE4K_MAGENTATVMC.csv
29;20260312_HOME_LAN_LEGACY082_LOADYOUTUBE4K_MAGENTATVMC.csv
33;20260312_HOME_LAN_LEGACY082_LOADYOUTUBE4K_MAGENTATVMC.csv
33;20260312_HOME_LAN_LEGACY082_LOADYOUTUBE4K_MAGENTATVMC.csv
21;20260312_HOME_LAN_LEGACY082_LOADYOUTUBE4K_MAGENTATVMC.csv
25;20260312_HOME_LAN_LEGACY082_LOADYOUTUBE4K_MAGENTATVMC.csv
16;20260312_HOME_LAN_LEGACY082_LOADYOUTUBE4K_MAGENTATVMC.csv
27;20260312_HOME_LAN_LEGACY082_LOADYOUTUBE4K_MAGENTATVMC.csv
17;20260312_HOME_LAN_LEGACY082_LOADYOUTUBE4K_MAGENTATVMC.csv
14;20260312_HOME_LAN_LEGACY082_LOADYOUTUBE4K_MAGENTATVMC.csv
11;20260312_HOME_LAN_LEGACY082_LOADYOUTUBE4K_MAGENTATVMC.csv
10;20260312_HOME_LAN_LEGACY082_LOADYOUTUBE4K_MAGENTATVMC.csv
10;20260312_HOME_LAN_LEGACY082_LOADYOUTUBE4K_MAGENTATVMC.csv
10;20260312_HOME_LAN_LEGACY082_LOADYOUTUBE4K_MAGENTATVMC.csv
10;20260312_HOME_LAN_LEGACY082_LOADYOUTUBE4K_MAGENTATVMC.csv
11;20260312_HOME_LAN_LEGACY082_LOADYOUTUBE4K_MAGENTATVMC.csv
24;20260312_HOME_LAN_LEGACY082_LOADYOUTUBE4K_MAGENTATVMC.csv
15;20260312_HOME_LAN_LEGACY082_LOADYOUTUBE4K_MAGENTATVMC.csv
26;20260312_HOME_LAN_LEGACY082_LOADYOUTUBE4K_MAGENTATVMC.csv
12;20260312_HOME_LAN_LEGACY082_LOADYOUTUBE4K_MAGENTATVMC.csv
10;20260312_HOME_LAN_LEGACY082_LOADYOUTUBE4K_MAGENTATVMC.csv
12;20260312_HOME_LAN_LEGACY082_LOADYOUTUBE4K_MAGENTATVMC.csv
11;20260312_HOME_LAN_LEGACY082_LOADYOUTUBE4K_MAGENTATVMC.csv
17;20260312_HOME_LAN_LEGACY082_LOADYOUTUBE4K_MAGENTATVMC.csv
14;20260312_HOME_LAN_LEGACY082_LOADYOUTUBE4K_MAGENTATVMC.csv
29;20260312_HOME_LAN_LEGACY082_LOADYOUTUBE4K_MAGENTATVMC.csv
13;20260312_HOME_LAN_LEGACY082_LOADYOUTUBE4K_MAGENTATVMC.csv
14;20260312_HOME_LAN_LEGACY082_LOADYOUTUBE4K_MAGENTATVMC.csv
10;20260312_HOME_LAN_LEGACY082_LOADYOUTUBE4K_MAGENTATVMC.csv
10;20260312_HOME_LAN_LEGACY082_LOADYOUTUBE4K_MAGENTATVMC.csv
14;20260312_HOME_LAN_LEGACY082_LOADYOUTUBE4K_MAGENTATVMC.csv
11;20260312_HOME_LAN_LEGACY082_LOADYOUTUBE4K_MAGENTATVMC.csv
21;20260312_HOME_LAN_LEGACY082_LOADYOUTUBE4K_MAGENTATVMC.csv
15;20260312_HOME_LAN_LEGACY082_LOADYOUTUBE4K_MAGENTATVMC.csv
23;20260312_HOME_LAN_LEGACY082_LOADYOUTUBE4K_MAGENTATVMC.csv
21;20260312_HOME_LAN_LEGACY082_LOADYOUTUBE4K_MAGENTATVMC.csv
17;20260312_HOME_LAN_LEGACY082_LOADYOUTUBE4K_MAGENTATVMC.csv
15;20260312_HOME_LAN_LEGACY082_LOADYOUTUBE4K_MAGENTATVMC.csv
11;20260312_HOME_LAN_LEGACY082_LOADYOUTUBE4K_MAGENTATVMC.csv
18;20260312_HOME_LAN_LEGACY082_LOADYOUTUBE4K_MAGENTATVMC.csv
12;20260312_HOME_LAN_LEGACY082_LOADYOUTUBE4K_MAGENTATVMC.csv
10;20260312_HOME_LAN_LEGACY082_LOADYOUTUBE4K_MAGENTATVMC.csv
10;20260312_HOME_LAN_LEGACY082_LOADYOUTUBE4K_MAGENTATVMC.csv
10;20260312_HOME_LAN_LEGACY082_LOADYOUTUBE4K_MAGENTATVMC.csv
10;20260312_HOME_LAN_LEGACY082_LOADYOUTUBE4K_MAGENTATVMC.csv
10;20260312_HOME_LAN_LEGACY082_LOADYOUTUBE4K_MAGENTATVMC.csv
10;20260312_HOME_LAN_LEGACY082_LOADYOUTUBE4K_MAGENTATVMC.csv
10;20260312_HOME_LAN_LEGACY082_LOADYOUTUBE4K_MAGENTATVMC.csv
10;20260312_HOME_LAN_LEGACY082_LOADYOUTUBE4K_MAGENTATVMC.csv
10;20260312_HOME_LAN_LEGACY082_LOADYOUTUBE4K_MAGENTATVMC.csv
10;20260312_HOME_LAN_LEGACY082_LOADYOUTUBE4K_MAGENTATVMC.csv
10;20260312_HOME_LAN_LEGACY082_LOADYOUTUBE4K_MAGENTATVMC.csv
10;20260312_HOME_LAN_LEGACY082_LOADYOUTUBE4K_MAGENTATVMC.csv
24;20260312_HOME_LAN_LEGACY082_LOADYOUTUBE4K_MAGENTATVMC.csv
15;20260312_HOME_LAN_LEGACY082_LOADYOUTUBE4K_MAGENTATVMC.csv
20;20260312_HOME_LAN_LEGACY082_LOADYOUTUBE4K_MAGENTATVMC.csv
12;20260312_HOME_LAN_LEGACY082_LOADYOUTUBE4K_MAGENTATVMC.csv
15;20260312_HOME_LAN_LEGACY082_LOADYOUTUBE4K_MAGENTATVMC.csv
12;20260312_HOME_LAN_LEGACY082_LOADYOUTUBE4K_MAGENTATVMC.csv
11;20260312_HOME_LAN_LEGACY082_LOADYOUTUBE4K_MAGENTATVMC.csv
17;20260312_HOME_LAN_LEGACY082_LOADYOUTUBE4K_MAGENTATVMC.csv
11;20260312_HOME_LAN_LEGACY082_LOADYOUTUBE4K_MAGENTATVMC.csv
16;20260312_HOME_LAN_LEGACY082_LOADYOUTUBE4K_MAGENTATVMC.csv
33;20260312_HOME_LAN_LEGACY082_LOADYOUTUBE4K_MAGENTATVMC.csv
13;20260312_HOME_LAN_LEGACY082_LOADYOUTUBE4K_MAGENTATVMC.csv
10;20260312_HOME_LAN_LEGACY082_LOADYOUTUBE4K_MAGENTATVMC.csv
10;20260312_HOME_LAN_LEGACY082_LOADYOUTUBE4K_MAGENTATVMC.csv
10;20260312_HOME_LAN_LEGACY082_LOADYOUTUBE4K_MAGENTATVMC.csv
10;20260312_HOME_LAN_LEGACY082_LOADYOUTUBE4K_MAGENTATVMC.csv
10;20260312_HOME_LAN_LEGACY082_LOADYOUTUBE4K_MAGENTATVMC.csv
10;20260312_HOME_LAN_LEGACY082_LOADYOUTUBE4K_MAGENTATVMC.csv
10;20260312_HOME_LAN_LEGACY082_LOADYOUTUBE4K_MAGENTATVMC.csv
25;20260312_HOME_LAN_LEGACY082_LOADYOUTUBE4K_MAGENTATVMC.csv
22;20260312_HOME_LAN_LEGACY082_LOADYOUTUBE4K_MAGENTATVMC.csv
16;20260312_HOME_LAN_LEGACY082_LOADYOUTUBE4K_MAGENTATVMC.csv
35;20260312_HOME_LAN_LEGACY082_LOADYOUTUBE4K_MAGENTATVMC.csv
26;20260312_HOME_LAN_LEGACY082_LOADYOUTUBE4K_MAGENTATVMC.csv
17;20260312_HOME_LAN_LEGACY082_LOADYOUTUBE4K_MAGENTATVMC.csv
14;20260312_HOME_LAN_LEGACY082_LOADYOUTUBE4K_MAGENTATVMC.csv
31;20260312_HOME_LAN_LEGACY082_LOADYOUTUBE4K_MAGENTATVMC.csv
17;20260312_HOME_LAN_LEGACY082_LOADYOUTUBE4K_MAGENTATVMC.csv
21;20260312_HOME_LAN_LEGACY082_LOADYOUTUBE4K_MAGENTATVMC.csv
12;20260312_HOME_LAN_LEGACY082_LOADYOUTUBE4K_MAGENTATVMC.csv
11;20260312_HOME_LAN_LEGACY082_LOADYOUTUBE4K_MAGENTATVMC.csv
10;20260312_HOME_LAN_LEGACY082_LOADYOUTUBE4K_MAGENTATVMC.csv
10;20260312_HOME_LAN_LEGACY082_LOADYOUTUBE4K_MAGENTATVMC.csv
10;20260312_HOME_LAN_LEGACY082_LOADYOUTUBE4K_MAGENTATVMC.csv
10;20260312_HOME_LAN_LEGACY082_LOADYOUTUBE4K_MAGENTATVMC.csv
10;20260312_HOME_LAN_LEGACY082_LOADYOUTUBE4K_MAGENTATVMC.csv
10;20260312_HOME_LAN_LEGACY082_LOADYOUTUBE4K_MAGENTATVMC.csv
10;20260312_HOME_LAN_LEGACY082_LOADYOUTUBE4K_MAGENTATVMC.csv
10;20260312_HOME_LAN_LEGACY082_LOADYOUTUBE4K_MAGENTATVMC.csv
10;20260312_HOME_LAN_LEGACY082_LOADYOUTUBE4K_MAGENTATVMC.csv
10;20260312_HOME_LAN_LEGACY082_LOADYOUTUBE4K_MAGENTATVMC.csv
35;20260312_HOME_LAN_LEGACY082_LOADYOUTUBE4K_MAGENTATVMC.csv
25;20260312_HOME_LAN_LEGACY082_LOADYOUTUBE4K_MAGENTATVMC.csv
25;20260312_HOME_LAN_LEGACY082_LOADYOUTUBE4K_MAGENTATVMC.csv
25;20260312_HOME_LAN_LEGACY082_LOADYOUTUBE4K_MAGENTATVMC.csv
18;20260312_HOME_LAN_LEGACY082_LOADYOUTUBE4K_MAGENTATVMC.csv
18;20260312_HOME_LAN_LEGACY082_LOADYOUTUBE4K_MAGENTATVMC.csv
15;20260312_HOME_LAN_LEGACY082_LOADYOUTUBE4K_MAGENTATVMC.csv
12;20260312_HOME_LAN_LEGACY082_LOADYOUTUBE4K_MAGENTATVMC.csv
12;20260312_HOME_LAN_LEGACY082_LOADYOUTUBE4K_MAGENTATVMC.csv
15;20260312_HOME_LAN_LEGACY082_LOADYOUTUBE4K_MAGENTATVMC.csv
12;20260312_HOME_LAN_LEGACY082_LOADYOUTUBE4K_MAGENTATVMC.csv
19;20260312_HOME_LAN_LEGACY082_LOADYOUTUBE4K_MAGENTATVMC.csv
19;20260312_HOME_LAN_LEGACY082_LOADYOUTUBE4K_MAGENTATVMC.csv
11;20260312_HOME_LAN_LEGACY082_LOADYOUTUBE4K_MAGENTATVMC.csv
10;20260312_HOME_LAN_LEGACY082_LOADYOUTUBE4K_MAGENTATVMC.csv
10;20260312_HOME_LAN_LEGACY082_LOADYOUTUBE4K_MAGENTATVMC.csv
10;20260312_HOME_LAN_LEGACY082_LOADYOUTUBE4K_MAGENTATVMC.csv
19;20260312_HOME_LAN_LEGACY082_LOADYOUTUBE4K_MAGENTATVMC.csv
13;20260312_HOME_LAN_LEGACY082_LOADYOUTUBE4K_MAGENTATVMC.csv
11;20260312_HOME_LAN_LEGACY082_LOADYOUTUBE4K_MAGENTATVMC.csv
13;20260312_HOME_LAN_LEGACY082_LOADYOUTUBE4K_MAGENTATVMC.csv
11;20260312_HOME_LAN_LEGACY082_LOADYOUTUBE4K_MAGENTATVMC.csv
11;20260312_HOME_LAN_LEGACY082_LOADYOUTUBE4K_MAGENTATVMC.csv
16;20260312_HOME_LAN_LEGACY082_LOADYOUTUBE4K_MAGENTATVMC.csv
15;20260312_HOME_LAN_LEGACY082_LOADYOUTUBE4K_MAGENTATVMC.csv
12;20260312_HOME_LAN_LEGACY082_LOADYOUTUBE4K_MAGENTATVMC.csv
13;20260312_HOME_LAN_LEGACY082_LOADYOUTUBE4K_MAGENTATVMC.csv
12;20260312_HOME_LAN_LEGACY082_LOADYOUTUBE4K_MAGENTATVMC.csv
10;20260312_HOME_LAN_LEGACY082_LOADYOUTUBE4K_MAGENTATVMC.csv
10;20260312_HOME_LAN_LEGACY082_LOADYOUTUBE4K_MAGENTATVMC.csv
10;20260312_HOME_LAN_LEGACY082_LOADYOUTUBE4K_MAGENTATVMC.csv
10;20260312_HOME_LAN_LEGACY082_LOADYOUTUBE4K_MAGENTATVMC.csv
10;20260312_HOME_LAN_LEGACY082_LOADYOUTUBE4K_MAGENTATVMC.csv
10;20260312_HOME_LAN_LEGACY082_LOADYOUTUBE4K_MAGENTATVMC.csv
10;20260312_HOME_LAN_LEGACY082_LOADYOUTUBE4K_MAGENTATVMC.csv
12;20260312_HOME_LAN_LEGACY082_LOADYOUTUBE4K_MAGENTATVMC.csv
12;20260312_HOME_LAN_LEGACY082_LOADYOUTUBE4K_MAGENTATVMC.csv
22;20260312_HOME_LAN_LEGACY082_LOADYOUTUBE4K_MAGENTATVMC.csv
19;20260312_HOME_LAN_LEGACY082_LOADYOUTUBE4K_MAGENTATVMC.csv
17;20260312_HOME_LAN_LEGACY082_LOADYOUTUBE4K_MAGENTATVMC.csv
19;20260312_HOME_LAN_LEGACY082_LOADYOUTUBE4K_MAGENTATVMC.csv
11;20260312_HOME_LAN_LEGACY082_LOADYOUTUBE4K_MAGENTATVMC.csv
11;20260312_HOME_LAN_LEGACY082_LOADYOUTUBE4K_MAGENTATVMC.csv
11;20260312_HOME_LAN_LEGACY082_LOADYOUTUBE4K_MAGENTATVMC.csv
11;20260312_HOME_LAN_LEGACY082_LOADYOUTUBE4K_MAGENTATVMC.csv
12;20260312_HOME_LAN_LEGACY082_LOADYOUTUBE4K_MAGENTATVMC.csv
32;20260312_HOME_LAN_LEGACY082_LOADYOUTUBE4K_MAGENTATVMC.csv
15;20260312_HOME_LAN_LEGACY082_LOADYOUTUBE4K_MAGENTATVMC.csv
10;20260312_HOME_LAN_LEGACY082_LOADYOUTUBE4K_MAGENTATVMC.csv
10;20260312_HOME_LAN_LEGACY082_LOADYOUTUBE4K_MAGENTATVMC.csv
10;20260312_HOME_LAN_LEGACY082_LOADYOUTUBE4K_MAGENTATVMC.csv
10;20260312_HOME_LAN_LEGACY082_LOADYOUTUBE4K_MAGENTATVMC.csv
10;20260312_HOME_LAN_LEGACY082_LOADYOUTUBE4K_MAGENTATVMC.csv
10;20260312_HOME_LAN_LEGACY082_LOADYOUTUBE4K_MAGENTATVMC.csv
39;20260312_HOME_LAN_LEGACY082_LOADYOUTUBE4K_MAGENTATVMC.csv
28;20260312_HOME_LAN_LEGACY082_LOADYOUTUBE4K_MAGENTATVMC.csv
22;20260312_HOME_LAN_LEGACY082_LOADYOUTUBE4K_MAGENTATVMC.csv
19;20260312_HOME_LAN_LEGACY082_LOADYOUTUBE4K_MAGENTATVMC.csv
31;20260312_HOME_LAN_LEGACY082_LOADYOUTUBE4K_MAGENTATVMC.csv
15;20260312_HOME_LAN_LEGACY082_LOADYOUTUBE4K_MAGENTATVMC.csv
14;20260312_HOME_LAN_LEGACY082_LOADYOUTUBE4K_MAGENTATVMC.csv
11;20260312_HOME_LAN_LEGACY082_LOADYOUTUBE4K_MAGENTATVMC.csv
29;20260312_HOME_LAN_LEGACY082_LOADYOUTUBE4K_MAGENTATVMC.csv
26;20260312_HOME_LAN_LEGACY082_LOADYOUTUBE4K_MAGENTATVMC.csv
11;20260312_HOME_LAN_LEGACY082_LOADYOUTUBE4K_MAGENTATVMC.csv
11;20260312_HOME_LAN_LEGACY082_LOADYOUTUBE4K_MAGENTATVMC.csv
15;20260312_HOME_LAN_LEGACY082_LOADYOUTUBE4K_MAGENTATVMC.csv
12;20260312_HOME_LAN_LEGACY082_LOADYOUTUBE4K_MAGENTATVMC.csv
12;20260312_HOME_LAN_LEGACY082_LOADYOUTUBE4K_MAGENTATVMC.csv
11;20260312_HOME_LAN_LEGACY082_LOADYOUTUBE4K_MAGENTATVMC.csv
17;20260312_HOME_LAN_LEGACY082_LOADYOUTUBE4K_MAGENTATVMC.csv
14;20260312_HOME_LAN_LEGACY082_LOADYOUTUBE4K_MAGENTATVMC.csv
10;20260312_HOME_LAN_LEGACY082_LOADYOUTUBE4K_MAGENTATVMC.csv
10;20260312_HOME_LAN_LEGACY082_LOADYOUTUBE4K_MAGENTATVMC.csv
10;20260312_HOME_LAN_LEGACY082_LOADYOUTUBE4K_MAGENTATVMC.csv
10;20260312_HOME_LAN_LEGACY082_LOADYOUTUBE4K_MAGENTATVMC.csv
10;20260312_HOME_LAN_LEGACY082_LOADYOUTUBE4K_MAGENTATVMC.csv
10;20260312_HOME_LAN_LEGACY082_LOADYOUTUBE4K_MAGENTATVMC.csv
10;20260312_HOME_LAN_LEGACY082_LOADYOUTUBE4K_MAGENTATVMC.csv
10;20260312_HOME_LAN_LEGACY082_LOADYOUTUBE4K_MAGENTATVMC.csv
42;20260312_HOME_LAN_LEGACY082_LOADYOUTUBE4K_MAGENTATVMC.csv
20;20260312_HOME_LAN_LEGACY082_LOADYOUTUBE4K_MAGENTATVMC.csv
29;20260312_HOME_LAN_LEGACY082_LOADYOUTUBE4K_MAGENTATVMC.csv
29;20260312_HOME_LAN_LEGACY082_LOADYOUTUBE4K_MAGENTATVMC.csv
12;20260312_HOME_LAN_LEGACY082_LOADYOUTUBE4K_MAGENTATVMC.csv
30;20260312_HOME_LAN_LEGACY082_LOADYOUTUBE4K_MAGENTATVMC.csv
17;20260312_HOME_LAN_LEGACY082_LOADYOUTUBE4K_MAGENTATVMC.csv
21;20260312_HOME_LAN_LEGACY082_LOADYOUTUBE4K_MAGENTATVMC.csv
12;20260312_HOME_LAN_LEGACY082_LOADYOUTUBE4K_MAGENTATVMC.csv
10;20260312_HOME_WLAN_LEGACY082_LOADNO.csv
10;20260312_HOME_WLAN_LEGACY082_LOADNO.csv
10;20260312_HOME_WLAN_LEGACY082_LOADNO.csv
11;20260312_HOME_WLAN_LEGACY082_LOADNO.csv
11;20260312_HOME_WLAN_LEGACY082_LOADNO.csv
12;20260312_HOME_WLAN_LEGACY082_LOADNO.csv
10;20260312_HOME_WLAN_LEGACY082_LOADNO.csv
11;20260312_HOME_WLAN_LEGACY082_LOADNO.csv
10;20260312_HOME_WLAN_LEGACY082_LOADNO.csv
11;20260312_HOME_WLAN_LEGACY082_LOADNO.csv
11;20260312_HOME_WLAN_LEGACY082_LOADNO.csv
11;20260312_HOME_WLAN_LEGACY082_LOADNO.csv
11;20260312_HOME_WLAN_LEGACY082_LOADNO.csv
15;20260312_HOME_WLAN_LEGACY082_LOADNO.csv
11;20260312_HOME_WLAN_LEGACY082_LOADNO.csv
11;20260312_HOME_WLAN_LEGACY082_LOADNO.csv
11;20260312_HOME_WLAN_LEGACY082_LOADNO.csv
11;20260312_HOME_WLAN_LEGACY082_LOADNO.csv
11;20260312_HOME_WLAN_LEGACY082_LOADNO.csv
10;20260312_HOME_WLAN_LEGACY082_LOADNO.csv
11;20260312_HOME_WLAN_LEGACY082_LOADNO.csv
11;20260312_HOME_WLAN_LEGACY082_LOADNO.csv
11;20260312_HOME_WLAN_LEGACY082_LOADNO.csv
11;20260312_HOME_WLAN_LEGACY082_LOADNO.csv
11;20260312_HOME_WLAN_LEGACY082_LOADNO.csv
11;20260312_HOME_WLAN_LEGACY082_LOADNO.csv
12;20260312_HOME_WLAN_LEGACY082_LOADNO.csv
11;20260312_HOME_WLAN_LEGACY082_LOADNO.csv
11;20260312_HOME_WLAN_LEGACY082_LOADNO.csv
32;20260312_HOME_WLAN_LEGACY082_LOADNO.csv
14;20260312_HOME_WLAN_LEGACY082_LOADNO.csv
11;20260312_HOME_WLAN_LEGACY082_LOADNO.csv
12;20260312_HOME_WLAN_LEGACY082_LOADNO.csv
11;20260312_HOME_WLAN_LEGACY082_LOADNO.csv
11;20260312_HOME_WLAN_LEGACY082_LOADNO.csv
11;20260312_HOME_WLAN_LEGACY082_LOADNO.csv
11;20260312_HOME_WLAN_LEGACY082_LOADNO.csv
11;20260312_HOME_WLAN_LEGACY082_LOADNO.csv
11;20260312_HOME_WLAN_LEGACY082_LOADNO.csv
11;20260312_HOME_WLAN_LEGACY082_LOADNO.csv
11;20260312_HOME_WLAN_LEGACY082_LOADNO.csv
11;20260312_HOME_WLAN_LEGACY082_LOADNO.csv
10;20260312_HOME_WLAN_LEGACY082_LOADNO.csv
11;20260312_HOME_WLAN_LEGACY082_LOADNO.csv
11;20260312_HOME_WLAN_LEGACY082_LOADNO.csv
11;20260312_HOME_WLAN_LEGACY082_LOADNO.csv
11;20260312_HOME_WLAN_LEGACY082_LOADNO.csv
10;20260312_HOME_WLAN_LEGACY082_LOADNO.csv
11;20260312_HOME_WLAN_LEGACY082_LOADNO.csv
11;20260312_HOME_WLAN_LEGACY082_LOADNO.csv
11;20260312_HOME_WLAN_LEGACY082_LOADNO.csv
11;20260312_HOME_WLAN_LEGACY082_LOADNO.csv
11;20260312_HOME_WLAN_LEGACY082_LOADNO.csv
11;20260312_HOME_WLAN_LEGACY082_LOADNO.csv
12;20260312_HOME_WLAN_LEGACY082_LOADNO.csv
11;20260312_HOME_WLAN_LEGACY082_LOADNO.csv
12;20260312_HOME_WLAN_LEGACY082_LOADNO.csv
11;20260312_HOME_WLAN_LEGACY082_LOADNO.csv
11;20260312_HOME_WLAN_LEGACY082_LOADNO.csv
11;20260312_HOME_WLAN_LEGACY082_LOADNO.csv
11;20260312_HOME_WLAN_LEGACY082_LOADNO.csv
11;20260312_HOME_WLAN_LEGACY082_LOADNO.csv
11;20260312_HOME_WLAN_LEGACY082_LOADNO.csv
11;20260312_HOME_WLAN_LEGACY082_LOADNO.csv
11;20260312_HOME_WLAN_LEGACY082_LOADNO.csv
11;20260312_HOME_WLAN_LEGACY082_LOADNO.csv
12;20260312_HOME_WLAN_LEGACY082_LOADNO.csv
11;20260312_HOME_WLAN_LEGACY082_LOADNO.csv
11;20260312_HOME_WLAN_LEGACY082_LOADNO.csv
11;20260312_HOME_WLAN_LEGACY082_LOADNO.csv
11;20260312_HOME_WLAN_LEGACY082_LOADNO.csv
10;20260312_HOME_WLAN_LEGACY082_LOADNO.csv
11;20260312_HOME_WLAN_LEGACY082_LOADNO.csv
11;20260312_HOME_WLAN_LEGACY082_LOADNO.csv
11;20260312_HOME_WLAN_LEGACY082_LOADNO.csv
12;20260312_HOME_WLAN_LEGACY082_LOADNO.csv
13;20260312_HOME_WLAN_LEGACY082_LOADNO.csv
11;20260312_HOME_WLAN_LEGACY082_LOADNO.csv
11;20260312_HOME_WLAN_LEGACY082_LOADNO.csv
11;20260312_HOME_WLAN_LEGACY082_LOADNO.csv
11;20260312_HOME_WLAN_LEGACY082_LOADNO.csv
10;20260312_HOME_WLAN_LEGACY082_LOADNO.csv
11;20260312_HOME_WLAN_LEGACY082_LOADNO.csv
11;20260312_HOME_WLAN_LEGACY082_LOADNO.csv
11;20260312_HOME_WLAN_LEGACY082_LOADNO.csv
11;20260312_HOME_WLAN_LEGACY082_LOADNO.csv
10;20260312_HOME_WLAN_LEGACY082_LOADNO.csv
11;20260312_HOME_WLAN_LEGACY082_LOADNO.csv
11;20260312_HOME_WLAN_LEGACY082_LOADNO.csv
11;20260312_HOME_WLAN_LEGACY082_LOADNO.csv
12;20260312_HOME_WLAN_LEGACY082_LOADNO.csv
11;20260312_HOME_WLAN_LEGACY082_LOADNO.csv
11;20260312_HOME_WLAN_LEGACY082_LOADNO.csv
11;20260312_HOME_WLAN_LEGACY082_LOADNO.csv
11;20260312_HOME_WLAN_LEGACY082_LOADNO.csv
11;20260312_HOME_WLAN_LEGACY082_LOADNO.csv
11;20260312_HOME_WLAN_LEGACY082_LOADNO.csv
11;20260312_HOME_WLAN_LEGACY082_LOADNO.csv
11;20260312_HOME_WLAN_LEGACY082_LOADNO.csv
11;20260312_HOME_WLAN_LEGACY082_LOADNO.csv
11;20260312_HOME_WLAN_LEGACY082_LOADNO.csv
12;20260312_HOME_WLAN_LEGACY082_LOADNO.csv
11;20260312_HOME_WLAN_LEGACY082_LOADNO.csv
11;20260312_HOME_WLAN_LEGACY082_LOADNO.csv
11;20260312_HOME_WLAN_LEGACY082_LOADNO.csv
12;20260312_HOME_WLAN_LEGACY082_LOADNO.csv
11;20260312_HOME_WLAN_LEGACY082_LOADNO.csv
10;20260312_HOME_WLAN_LEGACY082_LOADNO.csv
11;20260312_HOME_WLAN_LEGACY082_LOADNO.csv
11;20260312_HOME_WLAN_LEGACY082_LOADNO.csv
11;20260312_HOME_WLAN_LEGACY082_LOADNO.csv
11;20260312_HOME_WLAN_LEGACY082_LOADNO.csv
11;20260312_HOME_WLAN_LEGACY082_LOADNO.csv
11;20260312_HOME_WLAN_LEGACY082_LOADNO.csv
11;20260312_HOME_WLAN_LEGACY082_LOADNO.csv
12;20260312_HOME_WLAN_LEGACY082_LOADNO.csv
11;20260312_HOME_WLAN_LEGACY082_LOADNO.csv
11;20260312_HOME_WLAN_LEGACY082_LOADNO.csv
11;20260312_HOME_WLAN_LEGACY082_LOADNO.csv
11;20260312_HOME_WLAN_LEGACY082_LOADNO.csv
11;20260312_HOME_WLAN_LEGACY082_LOADNO.csv
11;20260312_HOME_WLAN_LEGACY082_LOADNO.csv
11;20260312_HOME_WLAN_LEGACY082_LOADNO.csv
10;20260312_HOME_WLAN_LEGACY082_LOADNO.csv
11;20260312_HOME_WLAN_LEGACY082_LOADNO.csv
11;20260312_HOME_WLAN_LEGACY082_LOADNO.csv
11;20260312_HOME_WLAN_LEGACY082_LOADNO.csv
11;20260312_HOME_WLAN_LEGACY082_LOADNO.csv
11;20260312_HOME_WLAN_LEGACY082_LOADNO.csv
11;20260312_HOME_WLAN_LEGACY082_LOADNO.csv
11;20260312_HOME_WLAN_LEGACY082_LOADNO.csv
12;20260312_HOME_WLAN_LEGACY082_LOADNO.csv
11;20260312_HOME_WLAN_LEGACY082_LOADNO.csv
11;20260312_HOME_WLAN_LEGACY082_LOADNO.csv
11;20260312_HOME_WLAN_LEGACY082_LOADNO.csv
11;20260312_HOME_WLAN_LEGACY082_LOADNO.csv
11;20260312_HOME_WLAN_LEGACY082_LOADNO.csv
11;20260312_HOME_WLAN_LEGACY082_LOADNO.csv
11;20260312_HOME_WLAN_LEGACY082_LOADNO.csv
11;20260312_HOME_WLAN_LEGACY082_LOADNO.csv
11;20260312_HOME_WLAN_LEGACY082_LOADNO.csv
11;20260312_HOME_WLAN_LEGACY082_LOADNO.csv
11;20260312_HOME_WLAN_LEGACY082_LOADNO.csv
11;20260312_HOME_WLAN_LEGACY082_LOADNO.csv
11;20260312_HOME_WLAN_LEGACY082_LOADNO.csv
11;20260312_HOME_WLAN_LEGACY082_LOADNO.csv
12;20260312_HOME_WLAN_LEGACY082_LOADNO.csv
15;20260312_HOME_WLAN_LEGACY082_LOADNO.csv
12;20260312_HOME_WLAN_LEGACY082_LOADNO.csv
11;20260312_HOME_WLAN_LEGACY082_LOADNO.csv
11;20260312_HOME_WLAN_LEGACY082_LOADNO.csv
11;20260312_HOME_WLAN_LEGACY082_LOADNO.csv
11;20260312_HOME_WLAN_LEGACY082_LOADNO.csv
12;20260312_HOME_WLAN_LEGACY082_LOADNO.csv
11;20260312_HOME_WLAN_LEGACY082_LOADNO.csv
11;20260312_HOME_WLAN_LEGACY082_LOADNO.csv
11;20260312_HOME_WLAN_LEGACY082_LOADNO.csv
11;20260312_HOME_WLAN_LEGACY082_LOADNO.csv
11;20260312_HOME_WLAN_LEGACY082_LOADNO.csv
11;20260312_HOME_WLAN_LEGACY082_LOADNO.csv
10;20260312_HOME_WLAN_LEGACY082_LOADNO.csv
11;20260312_HOME_WLAN_LEGACY082_LOADNO.csv
11;20260312_HOME_WLAN_LEGACY082_LOADNO.csv
12;20260312_HOME_WLAN_LEGACY082_LOADNO.csv
10;20260312_HOME_WLAN_LEGACY082_LOADNO.csv
11;20260312_HOME_WLAN_LEGACY082_LOADNO.csv
11;20260312_HOME_WLAN_LEGACY082_LOADNO.csv
11;20260312_HOME_WLAN_LEGACY082_LOADNO.csv
11;20260312_HOME_WLAN_LEGACY082_LOADNO.csv
13;20260312_HOME_WLAN_LEGACY082_LOADNO.csv
11;20260312_HOME_WLAN_LEGACY082_LOADNO.csv
11;20260312_HOME_WLAN_LEGACY082_LOADNO.csv
12;20260312_HOME_WLAN_LEGACY082_LOADNO.csv
11;20260312_HOME_WLAN_LEGACY082_LOADNO.csv
11;20260312_HOME_WLAN_LEGACY082_LOADNO.csv
11;20260312_HOME_WLAN_LEGACY082_LOADNO.csv
11;20260312_HOME_WLAN_LEGACY082_LOADNO.csv
12;20260312_HOME_WLAN_LEGACY082_LOADNO.csv
11;20260312_HOME_WLAN_LEGACY082_LOADNO.csv
12;20260312_HOME_WLAN_LEGACY082_LOADNO.csv
12;20260312_HOME_WLAN_LEGACY082_LOADNO.csv
11;20260312_HOME_WLAN_LEGACY082_LOADNO.csv
11;20260312_HOME_WLAN_LEGACY082_LOADNO.csv
12;20260312_HOME_WLAN_LEGACY082_LOADNO.csv
11;20260312_HOME_WLAN_LEGACY082_LOADNO.csv
11;20260312_HOME_WLAN_LEGACY082_LOADNO.csv
11;20260312_HOME_WLAN_LEGACY082_LOADNO.csv
11;20260312_HOME_WLAN_LEGACY082_LOADNO.csv
11;20260312_HOME_WLAN_LEGACY082_LOADNO.csv
11;20260312_HOME_WLAN_LEGACY082_LOADNO.csv
11;20260312_HOME_WLAN_LEGACY082_LOADNO.csv
11;20260312_HOME_WLAN_LEGACY082_LOADNO.csv
11;20260312_HOME_WLAN_LEGACY082_LOADNO.csv
11;20260312_HOME_WLAN_LEGACY082_LOADNO.csv
11;20260312_HOME_WLAN_LEGACY082_LOADNO.csv
13;20260312_HOME_WLAN_LEGACY082_LOADNO.csv
12;20260312_HOME_WLAN_LEGACY082_LOADNO.csv
12;20260312_HOME_WLAN_LEGACY082_LOADNO.csv
11;20260312_HOME_WLAN_LEGACY082_LOADNO.csv
11;20260312_HOME_WLAN_LEGACY082_LOADNO.csv
33;20260312_HOME_WLAN_LEGACY082_LOADTCP8.csv
28;20260312_HOME_WLAN_LEGACY082_LOADTCP8.csv
27;20260312_HOME_WLAN_LEGACY082_LOADTCP8.csv
23;20260312_HOME_WLAN_LEGACY082_LOADTCP8.csv
24;20260312_HOME_WLAN_LEGACY082_LOADTCP8.csv
30;20260312_HOME_WLAN_LEGACY082_LOADTCP8.csv
28;20260312_HOME_WLAN_LEGACY082_LOADTCP8.csv
32;20260312_HOME_WLAN_LEGACY082_LOADTCP8.csv
30;20260312_HOME_WLAN_LEGACY082_LOADTCP8.csv
31;20260312_HOME_WLAN_LEGACY082_LOADTCP8.csv
32;20260312_HOME_WLAN_LEGACY082_LOADTCP8.csv
26;20260312_HOME_WLAN_LEGACY082_LOADTCP8.csv
40;20260312_HOME_WLAN_LEGACY082_LOADTCP8.csv
36;20260312_HOME_WLAN_LEGACY082_LOADTCP8.csv
27;20260312_HOME_WLAN_LEGACY082_LOADTCP8.csv
34;20260312_HOME_WLAN_LEGACY082_LOADTCP8.csv
29;20260312_HOME_WLAN_LEGACY082_LOADTCP8.csv
31;20260312_HOME_WLAN_LEGACY082_LOADTCP8.csv
32;20260312_HOME_WLAN_LEGACY082_LOADTCP8.csv
31;20260312_HOME_WLAN_LEGACY082_LOADTCP8.csv
31;20260312_HOME_WLAN_LEGACY082_LOADTCP8.csv
47;20260312_HOME_WLAN_LEGACY082_LOADTCP8.csv
38;20260312_HOME_WLAN_LEGACY082_LOADTCP8.csv
34;20260312_HOME_WLAN_LEGACY082_LOADTCP8.csv
32;20260312_HOME_WLAN_LEGACY082_LOADTCP8.csv
27;20260312_HOME_WLAN_LEGACY082_LOADTCP8.csv
35;20260312_HOME_WLAN_LEGACY082_LOADTCP8.csv
38;20260312_HOME_WLAN_LEGACY082_LOADTCP8.csv
37;20260312_HOME_WLAN_LEGACY082_LOADTCP8.csv
35;20260312_HOME_WLAN_LEGACY082_LOADTCP8.csv
34;20260312_HOME_WLAN_LEGACY082_LOADTCP8.csv
32;20260312_HOME_WLAN_LEGACY082_LOADTCP8.csv
31;20260312_HOME_WLAN_LEGACY082_LOADTCP8.csv
28;20260312_HOME_WLAN_LEGACY082_LOADTCP8.csv
35;20260312_HOME_WLAN_LEGACY082_LOADTCP8.csv
30;20260312_HOME_WLAN_LEGACY082_LOADTCP8.csv
35;20260312_HOME_WLAN_LEGACY082_LOADTCP8.csv
31;20260312_HOME_WLAN_LEGACY082_LOADTCP8.csv
36;20260312_HOME_WLAN_LEGACY082_LOADTCP8.csv
28;20260312_HOME_WLAN_LEGACY082_LOADTCP8.csv
40;20260312_HOME_WLAN_LEGACY082_LOADTCP8.csv
29;20260312_HOME_WLAN_LEGACY082_LOADTCP8.csv
39;20260312_HOME_WLAN_LEGACY082_LOADTCP8.csv
32;20260312_HOME_WLAN_LEGACY082_LOADTCP8.csv
34;20260312_HOME_WLAN_LEGACY082_LOADTCP8.csv
32;20260312_HOME_WLAN_LEGACY082_LOADTCP8.csv
34;20260312_HOME_WLAN_LEGACY082_LOADTCP8.csv
35;20260312_HOME_WLAN_LEGACY082_LOADTCP8.csv
40;20260312_HOME_WLAN_LEGACY082_LOADTCP8.csv
31;20260312_HOME_WLAN_LEGACY082_LOADTCP8.csv
37;20260312_HOME_WLAN_LEGACY082_LOADTCP8.csv
30;20260312_HOME_WLAN_LEGACY082_LOADTCP8.csv
35;20260312_HOME_WLAN_LEGACY082_LOADTCP8.csv
29;20260312_HOME_WLAN_LEGACY082_LOADTCP8.csv
35;20260312_HOME_WLAN_LEGACY082_LOADTCP8.csv
30;20260312_HOME_WLAN_LEGACY082_LOADTCP8.csv
37;20260312_HOME_WLAN_LEGACY082_LOADTCP8.csv
36;20260312_HOME_WLAN_LEGACY082_LOADTCP8.csv
27;20260312_HOME_WLAN_LEGACY082_LOADTCP8.csv
38;20260312_HOME_WLAN_LEGACY082_LOADTCP8.csv
31;20260312_HOME_WLAN_LEGACY082_LOADTCP8.csv
34;20260312_HOME_WLAN_LEGACY082_LOADTCP8.csv
35;20260312_HOME_WLAN_LEGACY082_LOADTCP8.csv
32;20260312_HOME_WLAN_LEGACY082_LOADTCP8.csv
27;20260312_HOME_WLAN_LEGACY082_LOADTCP8.csv
28;20260312_HOME_WLAN_LEGACY082_LOADTCP8.csv
28;20260312_HOME_WLAN_LEGACY082_LOADTCP8.csv
25;20260312_HOME_WLAN_LEGACY082_LOADTCP8.csv
34;20260312_HOME_WLAN_LEGACY082_LOADTCP8.csv
32;20260312_HOME_WLAN_LEGACY082_LOADTCP8.csv
27;20260312_HOME_WLAN_LEGACY082_LOADTCP8.csv
36;20260312_HOME_WLAN_LEGACY082_LOADTCP8.csv
28;20260312_HOME_WLAN_LEGACY082_LOADTCP8.csv
35;20260312_HOME_WLAN_LEGACY082_LOADTCP8.csv
31;20260312_HOME_WLAN_LEGACY082_LOADTCP8.csv
29;20260312_HOME_WLAN_LEGACY082_LOADTCP8.csv
25;20260312_HOME_WLAN_LEGACY082_LOADTCP8.csv
32;20260312_HOME_WLAN_LEGACY082_LOADTCP8.csv
34;20260312_HOME_WLAN_LEGACY082_LOADTCP8.csv
32;20260312_HOME_WLAN_LEGACY082_LOADTCP8.csv
32;20260312_HOME_WLAN_LEGACY082_LOADTCP8.csv
38;20260312_HOME_WLAN_LEGACY082_LOADTCP8.csv
14;20260312_HOME_WLAN_LEGACY082_LOADTCP8.csv
11;20260312_HOME_WLAN_LEGACY082_LOADTCP8.csv
11;20260312_HOME_WLAN_LEGACY082_LOADTCP8.csv
27;20260312_HOME_WLAN_LEGACY082_LOADTCP8.csv
16;20260312_HOME_WLAN_LEGACY082_LOADTCP8.csv
36;20260312_HOME_WLAN_LEGACY082_LOADTCP8.csv
27;20260312_HOME_WLAN_LEGACY082_LOADTCP8.csv
30;20260312_HOME_WLAN_LEGACY082_LOADTCP8.csv
27;20260312_HOME_WLAN_LEGACY082_LOADTCP8.csv
20;20260312_HOME_WLAN_LEGACY082_LOADTCP8.csv
35;20260312_HOME_WLAN_LEGACY082_LOADTCP8.csv
28;20260312_HOME_WLAN_LEGACY082_LOADTCP8.csv
33;20260312_HOME_WLAN_LEGACY082_LOADTCP8.csv
30;20260312_HOME_WLAN_LEGACY082_LOADTCP8.csv
31;20260312_HOME_WLAN_LEGACY082_LOADTCP8.csv
30;20260312_HOME_WLAN_LEGACY082_LOADTCP8.csv
32;20260312_HOME_WLAN_LEGACY082_LOADTCP8.csv
32;20260312_HOME_WLAN_LEGACY082_LOADTCP8.csv
31;20260312_HOME_WLAN_LEGACY082_LOADTCP8.csv
31;20260312_HOME_WLAN_LEGACY082_LOADTCP8.csv
27;20260312_HOME_WLAN_LEGACY082_LOADTCP8.csv
33;20260312_HOME_WLAN_LEGACY082_LOADTCP8.csv
27;20260312_HOME_WLAN_LEGACY082_LOADTCP8.csv
35;20260312_HOME_WLAN_LEGACY082_LOADTCP8.csv
32;20260312_HOME_WLAN_LEGACY082_LOADTCP8.csv
32;20260312_HOME_WLAN_LEGACY082_LOADTCP8.csv
29;20260312_HOME_WLAN_LEGACY082_LOADTCP8.csv
37;20260312_HOME_WLAN_LEGACY082_LOADTCP8.csv
37;20260312_HOME_WLAN_LEGACY082_LOADTCP8.csv
34;20260312_HOME_WLAN_LEGACY082_LOADTCP8.csv
30;20260312_HOME_WLAN_LEGACY082_LOADTCP8.csv
28;20260312_HOME_WLAN_LEGACY082_LOADTCP8.csv
34;20260312_HOME_WLAN_LEGACY082_LOADTCP8.csv
31;20260312_HOME_WLAN_LEGACY082_LOADTCP8.csv
30;20260312_HOME_WLAN_LEGACY082_LOADTCP8.csv
32;20260312_HOME_WLAN_LEGACY082_LOADTCP8.csv
31;20260312_HOME_WLAN_LEGACY082_LOADTCP8.csv
32;20260312_HOME_WLAN_LEGACY082_LOADTCP8.csv
36;20260312_HOME_WLAN_LEGACY082_LOADTCP8.csv
39;20260312_HOME_WLAN_LEGACY082_LOADTCP8.csv
32;20260312_HOME_WLAN_LEGACY082_LOADTCP8.csv
28;20260312_HOME_WLAN_LEGACY082_LOADTCP8.csv
26;20260312_HOME_WLAN_LEGACY082_LOADTCP8.csv
36;20260312_HOME_WLAN_LEGACY082_LOADTCP8.csv
30;20260312_HOME_WLAN_LEGACY082_LOADTCP8.csv
33;20260312_HOME_WLAN_LEGACY082_LOADTCP8.csv
31;20260312_HOME_WLAN_LEGACY082_LOADTCP8.csv
32;20260312_HOME_WLAN_LEGACY082_LOADTCP8.csv
31;20260312_HOME_WLAN_LEGACY082_LOADTCP8.csv
34;20260312_HOME_WLAN_LEGACY082_LOADTCP8.csv
33;20260312_HOME_WLAN_LEGACY082_LOADTCP8.csv
31;20260312_HOME_WLAN_LEGACY082_LOADTCP8.csv
37;20260312_HOME_WLAN_LEGACY082_LOADTCP8.csv
33;20260312_HOME_WLAN_LEGACY082_LOADTCP8.csv
33;20260312_HOME_WLAN_LEGACY082_LOADTCP8.csv
34;20260312_HOME_WLAN_LEGACY082_LOADTCP8.csv
31;20260312_HOME_WLAN_LEGACY082_LOADTCP8.csv
32;20260312_HOME_WLAN_LEGACY082_LOADTCP8.csv
33;20260312_HOME_WLAN_LEGACY082_LOADTCP8.csv
34;20260312_HOME_WLAN_LEGACY082_LOADTCP8.csv
33;20260312_HOME_WLAN_LEGACY082_LOADTCP8.csv
32;20260312_HOME_WLAN_LEGACY082_LOADTCP8.csv
30;20260312_HOME_WLAN_LEGACY082_LOADTCP8.csv
32;20260312_HOME_WLAN_LEGACY082_LOADTCP8.csv
27;20260312_HOME_WLAN_LEGACY082_LOADTCP8.csv
37;20260312_HOME_WLAN_LEGACY082_LOADTCP8.csv
33;20260312_HOME_WLAN_LEGACY082_LOADTCP8.csv
35;20260312_HOME_WLAN_LEGACY082_LOADTCP8.csv
35;20260312_HOME_WLAN_LEGACY082_LOADTCP8.csv
32;20260312_HOME_WLAN_LEGACY082_LOADTCP8.csv
33;20260312_HOME_WLAN_LEGACY082_LOADTCP8.csv
30;20260312_HOME_WLAN_LEGACY082_LOADTCP8.csv
34;20260312_HOME_WLAN_LEGACY082_LOADTCP8.csv
29;20260312_HOME_WLAN_LEGACY082_LOADTCP8.csv
37;20260312_HOME_WLAN_LEGACY082_LOADTCP8.csv
32;20260312_HOME_WLAN_LEGACY082_LOADTCP8.csv
36;20260312_HOME_WLAN_LEGACY082_LOADTCP8.csv
34;20260312_HOME_WLAN_LEGACY082_LOADTCP8.csv
28;20260312_HOME_WLAN_LEGACY082_LOADTCP8.csv
28;20260312_HOME_WLAN_LEGACY082_LOADTCP8.csv
35;20260312_HOME_WLAN_LEGACY082_LOADTCP8.csv
34;20260312_HOME_WLAN_LEGACY082_LOADTCP8.csv
32;20260312_HOME_WLAN_LEGACY082_LOADTCP8.csv
34;20260312_HOME_WLAN_LEGACY082_LOADTCP8.csv
33;20260312_HOME_WLAN_LEGACY082_LOADTCP8.csv
35;20260312_HOME_WLAN_LEGACY082_LOADTCP8.csv
34;20260312_HOME_WLAN_LEGACY082_LOADTCP8.csv
31;20260312_HOME_WLAN_LEGACY082_LOADTCP8.csv
29;20260312_HOME_WLAN_LEGACY082_LOADTCP8.csv
31;20260312_HOME_WLAN_LEGACY082_LOADTCP8.csv
28;20260312_HOME_WLAN_LEGACY082_LOADTCP8.csv
30;20260312_HOME_WLAN_LEGACY082_LOADTCP8.csv
30;20260312_HOME_WLAN_LEGACY082_LOADTCP8.csv
32;20260312_HOME_WLAN_LEGACY082_LOADTCP8.csv
27;20260312_HOME_WLAN_LEGACY082_LOADTCP8.csv
38;20260312_HOME_WLAN_LEGACY082_LOADTCP8.csv
31;20260312_HOME_WLAN_LEGACY082_LOADTCP8.csv
37;20260312_HOME_WLAN_LEGACY082_LOADTCP8.csv
33;20260312_HOME_WLAN_LEGACY082_LOADTCP8.csv
32;20260312_HOME_WLAN_LEGACY082_LOADTCP8.csv
32;20260312_HOME_WLAN_LEGACY082_LOADTCP8.csv
31;20260312_HOME_WLAN_LEGACY082_LOADTCP8.csv
31;20260312_HOME_WLAN_LEGACY082_LOADTCP8.csv
26;20260312_HOME_WLAN_LEGACY082_LOADTCP8.csv
33;20260312_HOME_WLAN_LEGACY082_LOADTCP8.csv
30;20260312_HOME_WLAN_LEGACY082_LOADTCP8.csv
30;20260312_HOME_WLAN_LEGACY082_LOADTCP8.csv
31;20260312_HOME_WLAN_LEGACY082_LOADTCP8.csv
36;20260312_HOME_WLAN_LEGACY082_LOADTCP8.csv
36;20260312_HOME_WLAN_LEGACY082_LOADTCP8.csv
30;20260312_HOME_WLAN_LEGACY082_LOADTCP8.csv
38;20260312_HOME_WLAN_LEGACY082_LOADTCP8.csv
34;20260312_HOME_WLAN_LEGACY082_LOADTCP8.csv
30;20260312_HOME_WLAN_LEGACY082_LOADTCP8.csv
28;20260312_HOME_WLAN_LEGACY082_LOADTCP8.csv
33;20260312_HOME_WLAN_LEGACY082_LOADTCP8.csv
37;20260312_HOME_WLAN_LEGACY082_LOADTCP8.csv
37;20260312_HOME_WLAN_LEGACY082_LOADTCP8.csv
11;20260312_HOME_WLAN_LEGACY082_LOADYOUTUBE4K.csv
10;20260312_HOME_WLAN_LEGACY082_LOADYOUTUBE4K.csv
10;20260312_HOME_WLAN_LEGACY082_LOADYOUTUBE4K.csv
11;20260312_HOME_WLAN_LEGACY082_LOADYOUTUBE4K.csv
11;20260312_HOME_WLAN_LEGACY082_LOADYOUTUBE4K.csv
11;20260312_HOME_WLAN_LEGACY082_LOADYOUTUBE4K.csv
11;20260312_HOME_WLAN_LEGACY082_LOADYOUTUBE4K.csv
11;20260312_HOME_WLAN_LEGACY082_LOADYOUTUBE4K.csv
11;20260312_HOME_WLAN_LEGACY082_LOADYOUTUBE4K.csv
24;20260312_HOME_WLAN_LEGACY082_LOADYOUTUBE4K.csv
23;20260312_HOME_WLAN_LEGACY082_LOADYOUTUBE4K.csv
21;20260312_HOME_WLAN_LEGACY082_LOADYOUTUBE4K.csv
12;20260312_HOME_WLAN_LEGACY082_LOADYOUTUBE4K.csv
19;20260312_HOME_WLAN_LEGACY082_LOADYOUTUBE4K.csv
18;20260312_HOME_WLAN_LEGACY082_LOADYOUTUBE4K.csv
17;20260312_HOME_WLAN_LEGACY082_LOADYOUTUBE4K.csv
26;20260312_HOME_WLAN_LEGACY082_LOADYOUTUBE4K.csv
23;20260312_HOME_WLAN_LEGACY082_LOADYOUTUBE4K.csv
16;20260312_HOME_WLAN_LEGACY082_LOADYOUTUBE4K.csv
12;20260312_HOME_WLAN_LEGACY082_LOADYOUTUBE4K.csv
11;20260312_HOME_WLAN_LEGACY082_LOADYOUTUBE4K.csv
11;20260312_HOME_WLAN_LEGACY082_LOADYOUTUBE4K.csv
11;20260312_HOME_WLAN_LEGACY082_LOADYOUTUBE4K.csv
11;20260312_HOME_WLAN_LEGACY082_LOADYOUTUBE4K.csv
11;20260312_HOME_WLAN_LEGACY082_LOADYOUTUBE4K.csv
11;20260312_HOME_WLAN_LEGACY082_LOADYOUTUBE4K.csv
11;20260312_HOME_WLAN_LEGACY082_LOADYOUTUBE4K.csv
11;20260312_HOME_WLAN_LEGACY082_LOADYOUTUBE4K.csv
16;20260312_HOME_WLAN_LEGACY082_LOADYOUTUBE4K.csv
25;20260312_HOME_WLAN_LEGACY082_LOADYOUTUBE4K.csv
24;20260312_HOME_WLAN_LEGACY082_LOADYOUTUBE4K.csv
25;20260312_HOME_WLAN_LEGACY082_LOADYOUTUBE4K.csv
23;20260312_HOME_WLAN_LEGACY082_LOADYOUTUBE4K.csv
23;20260312_HOME_WLAN_LEGACY082_LOADYOUTUBE4K.csv
21;20260312_HOME_WLAN_LEGACY082_LOADYOUTUBE4K.csv
28;20260312_HOME_WLAN_LEGACY082_LOADYOUTUBE4K.csv
24;20260312_HOME_WLAN_LEGACY082_LOADYOUTUBE4K.csv
24;20260312_HOME_WLAN_LEGACY082_LOADYOUTUBE4K.csv
13;20260312_HOME_WLAN_LEGACY082_LOADYOUTUBE4K.csv
24;20260312_HOME_WLAN_LEGACY082_LOADYOUTUBE4K.csv
25;20260312_HOME_WLAN_LEGACY082_LOADYOUTUBE4K.csv
29;20260312_HOME_WLAN_LEGACY082_LOADYOUTUBE4K.csv
17;20260312_HOME_WLAN_LEGACY082_LOADYOUTUBE4K.csv
24;20260312_HOME_WLAN_LEGACY082_LOADYOUTUBE4K.csv
22;20260312_HOME_WLAN_LEGACY082_LOADYOUTUBE4K.csv
22;20260312_HOME_WLAN_LEGACY082_LOADYOUTUBE4K.csv
24;20260312_HOME_WLAN_LEGACY082_LOADYOUTUBE4K.csv
24;20260312_HOME_WLAN_LEGACY082_LOADYOUTUBE4K.csv
23;20260312_HOME_WLAN_LEGACY082_LOADYOUTUBE4K.csv
23;20260312_HOME_WLAN_LEGACY082_LOADYOUTUBE4K.csv
25;20260312_HOME_WLAN_LEGACY082_LOADYOUTUBE4K.csv
13;20260312_HOME_WLAN_LEGACY082_LOADYOUTUBE4K.csv
20;20260312_HOME_WLAN_LEGACY082_LOADYOUTUBE4K.csv
14;20260312_HOME_WLAN_LEGACY082_LOADYOUTUBE4K.csv
11;20260312_HOME_WLAN_LEGACY082_LOADYOUTUBE4K.csv
19;20260312_HOME_WLAN_LEGACY082_LOADYOUTUBE4K.csv
20;20260312_HOME_WLAN_LEGACY082_LOADYOUTUBE4K.csv
19;20260312_HOME_WLAN_LEGACY082_LOADYOUTUBE4K.csv
18;20260312_HOME_WLAN_LEGACY082_LOADYOUTUBE4K.csv
18;20260312_HOME_WLAN_LEGACY082_LOADYOUTUBE4K.csv
19;20260312_HOME_WLAN_LEGACY082_LOADYOUTUBE4K.csv
14;20260312_HOME_WLAN_LEGACY082_LOADYOUTUBE4K.csv
25;20260312_HOME_WLAN_LEGACY082_LOADYOUTUBE4K.csv
20;20260312_HOME_WLAN_LEGACY082_LOADYOUTUBE4K.csv
15;20260312_HOME_WLAN_LEGACY082_LOADYOUTUBE4K.csv
14;20260312_HOME_WLAN_LEGACY082_LOADYOUTUBE4K.csv
19;20260312_HOME_WLAN_LEGACY082_LOADYOUTUBE4K.csv
12;20260312_HOME_WLAN_LEGACY082_LOADYOUTUBE4K.csv
12;20260312_HOME_WLAN_LEGACY082_LOADYOUTUBE4K.csv
11;20260312_HOME_WLAN_LEGACY082_LOADYOUTUBE4K.csv
11;20260312_HOME_WLAN_LEGACY082_LOADYOUTUBE4K.csv
11;20260312_HOME_WLAN_LEGACY082_LOADYOUTUBE4K.csv
19;20260312_HOME_WLAN_LEGACY082_LOADYOUTUBE4K.csv
22;20260312_HOME_WLAN_LEGACY082_LOADYOUTUBE4K.csv
23;20260312_HOME_WLAN_LEGACY082_LOADYOUTUBE4K.csv
23;20260312_HOME_WLAN_LEGACY082_LOADYOUTUBE4K.csv
17;20260312_HOME_WLAN_LEGACY082_LOADYOUTUBE4K.csv
16;20260312_HOME_WLAN_LEGACY082_LOADYOUTUBE4K.csv
15;20260312_HOME_WLAN_LEGACY082_LOADYOUTUBE4K.csv
21;20260312_HOME_WLAN_LEGACY082_LOADYOUTUBE4K.csv
18;20260312_HOME_WLAN_LEGACY082_LOADYOUTUBE4K.csv
12;20260312_HOME_WLAN_LEGACY082_LOADYOUTUBE4K.csv
19;20260312_HOME_WLAN_LEGACY082_LOADYOUTUBE4K.csv
18;20260312_HOME_WLAN_LEGACY082_LOADYOUTUBE4K.csv
20;20260312_HOME_WLAN_LEGACY082_LOADYOUTUBE4K.csv
21;20260312_HOME_WLAN_LEGACY082_LOADYOUTUBE4K.csv
22;20260312_HOME_WLAN_LEGACY082_LOADYOUTUBE4K.csv
12;20260312_HOME_WLAN_LEGACY082_LOADYOUTUBE4K.csv
12;20260312_HOME_WLAN_LEGACY082_LOADYOUTUBE4K.csv
11;20260312_HOME_WLAN_LEGACY082_LOADYOUTUBE4K.csv
11;20260312_HOME_WLAN_LEGACY082_LOADYOUTUBE4K.csv
10;20260312_HOME_WLAN_LEGACY082_LOADYOUTUBE4K.csv
11;20260312_HOME_WLAN_LEGACY082_LOADYOUTUBE4K.csv
12;20260312_HOME_WLAN_LEGACY082_LOADYOUTUBE4K.csv
12;20260312_HOME_WLAN_LEGACY082_LOADYOUTUBE4K.csv
11;20260312_HOME_WLAN_LEGACY082_LOADYOUTUBE4K.csv
11;20260312_HOME_WLAN_LEGACY082_LOADYOUTUBE4K.csv
13;20260312_HOME_WLAN_LEGACY082_LOADYOUTUBE4K.csv
22;20260312_HOME_WLAN_LEGACY082_LOADYOUTUBE4K.csv
21;20260312_HOME_WLAN_LEGACY082_LOADYOUTUBE4K.csv
27;20260312_HOME_WLAN_LEGACY082_LOADYOUTUBE4K.csv
26;20260312_HOME_WLAN_LEGACY082_LOADYOUTUBE4K.csv
26;20260312_HOME_WLAN_LEGACY082_LOADYOUTUBE4K.csv
24;20260312_HOME_WLAN_LEGACY082_LOADYOUTUBE4K.csv
18;20260312_HOME_WLAN_LEGACY082_LOADYOUTUBE4K.csv
27;20260312_HOME_WLAN_LEGACY082_LOADYOUTUBE4K.csv
27;20260312_HOME_WLAN_LEGACY082_LOADYOUTUBE4K.csv
13;20260312_HOME_WLAN_LEGACY082_LOADYOUTUBE4K.csv
11;20260312_HOME_WLAN_LEGACY082_LOADYOUTUBE4K.csv
11;20260312_HOME_WLAN_LEGACY082_LOADYOUTUBE4K.csv
11;20260312_HOME_WLAN_LEGACY082_LOADYOUTUBE4K.csv
11;20260312_HOME_WLAN_LEGACY082_LOADYOUTUBE4K.csv
11;20260312_HOME_WLAN_LEGACY082_LOADYOUTUBE4K.csv
11;20260312_HOME_WLAN_LEGACY082_LOADYOUTUBE4K.csv
11;20260312_HOME_WLAN_LEGACY082_LOADYOUTUBE4K.csv
11;20260312_HOME_WLAN_LEGACY082_LOADYOUTUBE4K.csv
11;20260312_HOME_WLAN_LEGACY082_LOADYOUTUBE4K.csv
11;20260312_HOME_WLAN_LEGACY082_LOADYOUTUBE4K.csv
11;20260312_HOME_WLAN_LEGACY082_LOADYOUTUBE4K.csv
11;20260312_HOME_WLAN_LEGACY082_LOADYOUTUBE4K.csv
28;20260312_HOME_WLAN_LEGACY082_LOADYOUTUBE4K.csv
14;20260312_HOME_WLAN_LEGACY082_LOADYOUTUBE4K.csv
19;20260312_HOME_WLAN_LEGACY082_LOADYOUTUBE4K.csv
18;20260312_HOME_WLAN_LEGACY082_LOADYOUTUBE4K.csv
26;20260312_HOME_WLAN_LEGACY082_LOADYOUTUBE4K.csv
22;20260312_HOME_WLAN_LEGACY082_LOADYOUTUBE4K.csv
20;20260312_HOME_WLAN_LEGACY082_LOADYOUTUBE4K.csv
21;20260312_HOME_WLAN_LEGACY082_LOADYOUTUBE4K.csv
20;20260312_HOME_WLAN_LEGACY082_LOADYOUTUBE4K.csv
20;20260312_HOME_WLAN_LEGACY082_LOADYOUTUBE4K.csv
22;20260312_HOME_WLAN_LEGACY082_LOADYOUTUBE4K.csv
12;20260312_HOME_WLAN_LEGACY082_LOADYOUTUBE4K.csv
11;20260312_HOME_WLAN_LEGACY082_LOADYOUTUBE4K.csv
11;20260312_HOME_WLAN_LEGACY082_LOADYOUTUBE4K.csv
11;20260312_HOME_WLAN_LEGACY082_LOADYOUTUBE4K.csv
10;20260312_HOME_WLAN_LEGACY082_LOADYOUTUBE4K.csv
11;20260312_HOME_WLAN_LEGACY082_LOADYOUTUBE4K.csv
11;20260312_HOME_WLAN_LEGACY082_LOADYOUTUBE4K.csv
11;20260312_HOME_WLAN_LEGACY082_LOADYOUTUBE4K.csv
10;20260312_HOME_WLAN_LEGACY082_LOADYOUTUBE4K.csv
10;20260312_HOME_WLAN_LEGACY082_LOADYOUTUBE4K.csv
11;20260312_HOME_WLAN_LEGACY082_LOADYOUTUBE4K.csv
13;20260312_HOME_WLAN_LEGACY082_LOADYOUTUBE4K.csv
24;20260312_HOME_WLAN_LEGACY082_LOADYOUTUBE4K.csv
25;20260312_HOME_WLAN_LEGACY082_LOADYOUTUBE4K.csv
25;20260312_HOME_WLAN_LEGACY082_LOADYOUTUBE4K.csv
21;20260312_HOME_WLAN_LEGACY082_LOADYOUTUBE4K.csv
19;20260312_HOME_WLAN_LEGACY082_LOADYOUTUBE4K.csv
27;20260312_HOME_WLAN_LEGACY082_LOADYOUTUBE4K.csv
22;20260312_HOME_WLAN_LEGACY082_LOADYOUTUBE4K.csv
23;20260312_HOME_WLAN_LEGACY082_LOADYOUTUBE4K.csv
19;20260312_HOME_WLAN_LEGACY082_LOADYOUTUBE4K.csv
12;20260312_HOME_WLAN_LEGACY082_LOADYOUTUBE4K.csv
12;20260312_HOME_WLAN_LEGACY082_LOADYOUTUBE4K.csv
12;20260312_HOME_WLAN_LEGACY082_LOADYOUTUBE4K.csv
11;20260312_HOME_WLAN_LEGACY082_LOADYOUTUBE4K.csv
11;20260312_HOME_WLAN_LEGACY082_LOADYOUTUBE4K.csv
11;20260312_HOME_WLAN_LEGACY082_LOADYOUTUBE4K.csv
11;20260312_HOME_WLAN_LEGACY082_LOADYOUTUBE4K.csv
10;20260312_HOME_WLAN_LEGACY082_LOADYOUTUBE4K.csv
11;20260312_HOME_WLAN_LEGACY082_LOADYOUTUBE4K.csv
10;20260312_HOME_WLAN_LEGACY082_LOADYOUTUBE4K.csv
11;20260312_HOME_WLAN_LEGACY082_LOADYOUTUBE4K.csv
11;20260312_HOME_WLAN_LEGACY082_LOADYOUTUBE4K.csv
11;20260312_HOME_WLAN_LEGACY082_LOADYOUTUBE4K.csv
11;20260312_HOME_WLAN_LEGACY082_LOADYOUTUBE4K.csv
11;20260312_HOME_WLAN_LEGACY082_LOADYOUTUBE4K.csv
11;20260312_HOME_WLAN_LEGACY082_LOADYOUTUBE4K.csv
21;20260312_HOME_WLAN_LEGACY082_LOADYOUTUBE4K.csv
20;20260312_HOME_WLAN_LEGACY082_LOADYOUTUBE4K.csv
19;20260312_HOME_WLAN_LEGACY082_LOADYOUTUBE4K.csv
21;20260312_HOME_WLAN_LEGACY082_LOADYOUTUBE4K.csv
22;20260312_HOME_WLAN_LEGACY082_LOADYOUTUBE4K.csv
22;20260312_HOME_WLAN_LEGACY082_LOADYOUTUBE4K.csv
21;20260312_HOME_WLAN_LEGACY082_LOADYOUTUBE4K.csv
13;20260312_HOME_WLAN_LEGACY082_LOADYOUTUBE4K.csv
23;20260312_HOME_WLAN_LEGACY082_LOADYOUTUBE4K.csv
17;20260312_HOME_WLAN_LEGACY082_LOADYOUTUBE4K.csv
14;20260312_HOME_WLAN_LEGACY082_LOADYOUTUBE4K.csv
22;20260312_HOME_WLAN_LEGACY082_LOADYOUTUBE4K.csv
12;20260312_HOME_WLAN_LEGACY082_LOADYOUTUBE4K.csv
11;20260312_HOME_WLAN_LEGACY082_LOADYOUTUBE4K.csv
11;20260312_HOME_WLAN_LEGACY082_LOADYOUTUBE4K.csv
20;20260312_HOME_WLAN_LEGACY082_LOADYOUTUBE4K.csv
17;20260312_HOME_WLAN_LEGACY082_LOADYOUTUBE4K.csv
17;20260312_HOME_WLAN_LEGACY082_LOADYOUTUBE4K.csv
16;20260312_HOME_WLAN_LEGACY082_LOADYOUTUBE4K.csv
12;20260312_HOME_WLAN_LEGACY082_LOADYOUTUBE4K.csv
19;20260312_HOME_WLAN_LEGACY082_LOADYOUTUBE4K.csv
14;20260312_HOME_WLAN_LEGACY082_LOADYOUTUBE4K.csv
12;20260312_HOME_WLAN_LEGACY082_LOADYOUTUBE4K.csv
17;20260312_HOME_WLAN_LEGACY082_LOADYOUTUBE4K.csv
13;20260312_HOME_WLAN_LEGACY082_LOADYOUTUBE4K.csv
10;20260312_HOME_WLAN_LEGACY082_LOADYOUTUBE4K.csv
11;20260312_HOME_WLAN_LEGACY082_LOADYOUTUBE4K.csv
11;20260312_HOME_WLAN_LEGACY082_LOADYOUTUBE4K.csv
11;20260312_HOME_WLAN_LEGACY082_LOADYOUTUBE4K.csv
11;20260312_HOME_WLAN_LEGACY082_LOADYOUTUBE4K.csv
11;20260312_HOME_WLAN_LEGACY082_LOADYOUTUBE4K.csv
11;20260312_HOME_WLAN_LEGACY082_LOADYOUTUBE4K.csv
11;20260312_HOME_WLAN_LEGACY082_LOADYOUTUBE4K_MAGENTATVMC.csv
11;20260312_HOME_WLAN_LEGACY082_LOADYOUTUBE4K_MAGENTATVMC.csv
11;20260312_HOME_WLAN_LEGACY082_LOADYOUTUBE4K_MAGENTATVMC.csv
11;20260312_HOME_WLAN_LEGACY082_LOADYOUTUBE4K_MAGENTATVMC.csv
11;20260312_HOME_WLAN_LEGACY082_LOADYOUTUBE4K_MAGENTATVMC.csv
11;20260312_HOME_WLAN_LEGACY082_LOADYOUTUBE4K_MAGENTATVMC.csv
11;20260312_HOME_WLAN_LEGACY082_LOADYOUTUBE4K_MAGENTATVMC.csv
11;20260312_HOME_WLAN_LEGACY082_LOADYOUTUBE4K_MAGENTATVMC.csv
11;20260312_HOME_WLAN_LEGACY082_LOADYOUTUBE4K_MAGENTATVMC.csv
22;20260312_HOME_WLAN_LEGACY082_LOADYOUTUBE4K_MAGENTATVMC.csv
28;20260312_HOME_WLAN_LEGACY082_LOADYOUTUBE4K_MAGENTATVMC.csv
27;20260312_HOME_WLAN_LEGACY082_LOADYOUTUBE4K_MAGENTATVMC.csv
21;20260312_HOME_WLAN_LEGACY082_LOADYOUTUBE4K_MAGENTATVMC.csv
14;20260312_HOME_WLAN_LEGACY082_LOADYOUTUBE4K_MAGENTATVMC.csv
38;20260312_HOME_WLAN_LEGACY082_LOADYOUTUBE4K_MAGENTATVMC.csv
19;20260312_HOME_WLAN_LEGACY082_LOADYOUTUBE4K_MAGENTATVMC.csv
18;20260312_HOME_WLAN_LEGACY082_LOADYOUTUBE4K_MAGENTATVMC.csv
18;20260312_HOME_WLAN_LEGACY082_LOADYOUTUBE4K_MAGENTATVMC.csv
15;20260312_HOME_WLAN_LEGACY082_LOADYOUTUBE4K_MAGENTATVMC.csv
19;20260312_HOME_WLAN_LEGACY082_LOADYOUTUBE4K_MAGENTATVMC.csv
21;20260312_HOME_WLAN_LEGACY082_LOADYOUTUBE4K_MAGENTATVMC.csv
19;20260312_HOME_WLAN_LEGACY082_LOADYOUTUBE4K_MAGENTATVMC.csv
12;20260312_HOME_WLAN_LEGACY082_LOADYOUTUBE4K_MAGENTATVMC.csv
20;20260312_HOME_WLAN_LEGACY082_LOADYOUTUBE4K_MAGENTATVMC.csv
13;20260312_HOME_WLAN_LEGACY082_LOADYOUTUBE4K_MAGENTATVMC.csv
24;20260312_HOME_WLAN_LEGACY082_LOADYOUTUBE4K_MAGENTATVMC.csv
22;20260312_HOME_WLAN_LEGACY082_LOADYOUTUBE4K_MAGENTATVMC.csv
13;20260312_HOME_WLAN_LEGACY082_LOADYOUTUBE4K_MAGENTATVMC.csv
24;20260312_HOME_WLAN_LEGACY082_LOADYOUTUBE4K_MAGENTATVMC.csv
15;20260312_HOME_WLAN_LEGACY082_LOADYOUTUBE4K_MAGENTATVMC.csv
21;20260312_HOME_WLAN_LEGACY082_LOADYOUTUBE4K_MAGENTATVMC.csv
20;20260312_HOME_WLAN_LEGACY082_LOADYOUTUBE4K_MAGENTATVMC.csv
13;20260312_HOME_WLAN_LEGACY082_LOADYOUTUBE4K_MAGENTATVMC.csv
21;20260312_HOME_WLAN_LEGACY082_LOADYOUTUBE4K_MAGENTATVMC.csv
22;20260312_HOME_WLAN_LEGACY082_LOADYOUTUBE4K_MAGENTATVMC.csv
22;20260312_HOME_WLAN_LEGACY082_LOADYOUTUBE4K_MAGENTATVMC.csv
15;20260312_HOME_WLAN_LEGACY082_LOADYOUTUBE4K_MAGENTATVMC.csv
12;20260312_HOME_WLAN_LEGACY082_LOADYOUTUBE4K_MAGENTATVMC.csv
12;20260312_HOME_WLAN_LEGACY082_LOADYOUTUBE4K_MAGENTATVMC.csv
12;20260312_HOME_WLAN_LEGACY082_LOADYOUTUBE4K_MAGENTATVMC.csv
11;20260312_HOME_WLAN_LEGACY082_LOADYOUTUBE4K_MAGENTATVMC.csv
11;20260312_HOME_WLAN_LEGACY082_LOADYOUTUBE4K_MAGENTATVMC.csv
12;20260312_HOME_WLAN_LEGACY082_LOADYOUTUBE4K_MAGENTATVMC.csv
13;20260312_HOME_WLAN_LEGACY082_LOADYOUTUBE4K_MAGENTATVMC.csv
15;20260312_HOME_WLAN_LEGACY082_LOADYOUTUBE4K_MAGENTATVMC.csv
16;20260312_HOME_WLAN_LEGACY082_LOADYOUTUBE4K_MAGENTATVMC.csv
15;20260312_HOME_WLAN_LEGACY082_LOADYOUTUBE4K_MAGENTATVMC.csv
21;20260312_HOME_WLAN_LEGACY082_LOADYOUTUBE4K_MAGENTATVMC.csv
21;20260312_HOME_WLAN_LEGACY082_LOADYOUTUBE4K_MAGENTATVMC.csv
17;20260312_HOME_WLAN_LEGACY082_LOADYOUTUBE4K_MAGENTATVMC.csv
17;20260312_HOME_WLAN_LEGACY082_LOADYOUTUBE4K_MAGENTATVMC.csv
18;20260312_HOME_WLAN_LEGACY082_LOADYOUTUBE4K_MAGENTATVMC.csv
13;20260312_HOME_WLAN_LEGACY082_LOADYOUTUBE4K_MAGENTATVMC.csv
11;20260312_HOME_WLAN_LEGACY082_LOADYOUTUBE4K_MAGENTATVMC.csv
11;20260312_HOME_WLAN_LEGACY082_LOADYOUTUBE4K_MAGENTATVMC.csv
11;20260312_HOME_WLAN_LEGACY082_LOADYOUTUBE4K_MAGENTATVMC.csv
12;20260312_HOME_WLAN_LEGACY082_LOADYOUTUBE4K_MAGENTATVMC.csv
19;20260312_HOME_WLAN_LEGACY082_LOADYOUTUBE4K_MAGENTATVMC.csv
21;20260312_HOME_WLAN_LEGACY082_LOADYOUTUBE4K_MAGENTATVMC.csv
21;20260312_HOME_WLAN_LEGACY082_LOADYOUTUBE4K_MAGENTATVMC.csv
17;20260312_HOME_WLAN_LEGACY082_LOADYOUTUBE4K_MAGENTATVMC.csv
19;20260312_HOME_WLAN_LEGACY082_LOADYOUTUBE4K_MAGENTATVMC.csv
14;20260312_HOME_WLAN_LEGACY082_LOADYOUTUBE4K_MAGENTATVMC.csv
12;20260312_HOME_WLAN_LEGACY082_LOADYOUTUBE4K_MAGENTATVMC.csv
12;20260312_HOME_WLAN_LEGACY082_LOADYOUTUBE4K_MAGENTATVMC.csv
18;20260312_HOME_WLAN_LEGACY082_LOADYOUTUBE4K_MAGENTATVMC.csv
14;20260312_HOME_WLAN_LEGACY082_LOADYOUTUBE4K_MAGENTATVMC.csv
13;20260312_HOME_WLAN_LEGACY082_LOADYOUTUBE4K_MAGENTATVMC.csv
11;20260312_HOME_WLAN_LEGACY082_LOADYOUTUBE4K_MAGENTATVMC.csv
11;20260312_HOME_WLAN_LEGACY082_LOADYOUTUBE4K_MAGENTATVMC.csv
11;20260312_HOME_WLAN_LEGACY082_LOADYOUTUBE4K_MAGENTATVMC.csv
11;20260312_HOME_WLAN_LEGACY082_LOADYOUTUBE4K_MAGENTATVMC.csv
11;20260312_HOME_WLAN_LEGACY082_LOADYOUTUBE4K_MAGENTATVMC.csv
11;20260312_HOME_WLAN_LEGACY082_LOADYOUTUBE4K_MAGENTATVMC.csv
11;20260312_HOME_WLAN_LEGACY082_LOADYOUTUBE4K_MAGENTATVMC.csv
13;20260312_HOME_WLAN_LEGACY082_LOADYOUTUBE4K_MAGENTATVMC.csv
11;20260312_HOME_WLAN_LEGACY082_LOADYOUTUBE4K_MAGENTATVMC.csv
12;20260312_HOME_WLAN_LEGACY082_LOADYOUTUBE4K_MAGENTATVMC.csv
16;20260312_HOME_WLAN_LEGACY082_LOADYOUTUBE4K_MAGENTATVMC.csv
18;20260312_HOME_WLAN_LEGACY082_LOADYOUTUBE4K_MAGENTATVMC.csv
19;20260312_HOME_WLAN_LEGACY082_LOADYOUTUBE4K_MAGENTATVMC.csv
21;20260312_HOME_WLAN_LEGACY082_LOADYOUTUBE4K_MAGENTATVMC.csv
22;20260312_HOME_WLAN_LEGACY082_LOADYOUTUBE4K_MAGENTATVMC.csv
18;20260312_HOME_WLAN_LEGACY082_LOADYOUTUBE4K_MAGENTATVMC.csv
18;20260312_HOME_WLAN_LEGACY082_LOADYOUTUBE4K_MAGENTATVMC.csv
13;20260312_HOME_WLAN_LEGACY082_LOADYOUTUBE4K_MAGENTATVMC.csv
12;20260312_HOME_WLAN_LEGACY082_LOADYOUTUBE4K_MAGENTATVMC.csv
17;20260312_HOME_WLAN_LEGACY082_LOADYOUTUBE4K_MAGENTATVMC.csv
16;20260312_HOME_WLAN_LEGACY082_LOADYOUTUBE4K_MAGENTATVMC.csv
16;20260312_HOME_WLAN_LEGACY082_LOADYOUTUBE4K_MAGENTATVMC.csv
12;20260312_HOME_WLAN_LEGACY082_LOADYOUTUBE4K_MAGENTATVMC.csv
11;20260312_HOME_WLAN_LEGACY082_LOADYOUTUBE4K_MAGENTATVMC.csv
11;20260312_HOME_WLAN_LEGACY082_LOADYOUTUBE4K_MAGENTATVMC.csv
11;20260312_HOME_WLAN_LEGACY082_LOADYOUTUBE4K_MAGENTATVMC.csv
11;20260312_HOME_WLAN_LEGACY082_LOADYOUTUBE4K_MAGENTATVMC.csv
11;20260312_HOME_WLAN_LEGACY082_LOADYOUTUBE4K_MAGENTATVMC.csv
11;20260312_HOME_WLAN_LEGACY082_LOADYOUTUBE4K_MAGENTATVMC.csv
11;20260312_HOME_WLAN_LEGACY082_LOADYOUTUBE4K_MAGENTATVMC.csv
29;20260312_HOME_WLAN_LEGACY082_LOADYOUTUBE4K_MAGENTATVMC.csv
17;20260312_HOME_WLAN_LEGACY082_LOADYOUTUBE4K_MAGENTATVMC.csv
13;20260312_HOME_WLAN_LEGACY082_LOADYOUTUBE4K_MAGENTATVMC.csv
19;20260312_HOME_WLAN_LEGACY082_LOADYOUTUBE4K_MAGENTATVMC.csv
17;20260312_HOME_WLAN_LEGACY082_LOADYOUTUBE4K_MAGENTATVMC.csv
16;20260312_HOME_WLAN_LEGACY082_LOADYOUTUBE4K_MAGENTATVMC.csv
15;20260312_HOME_WLAN_LEGACY082_LOADYOUTUBE4K_MAGENTATVMC.csv
19;20260312_HOME_WLAN_LEGACY082_LOADYOUTUBE4K_MAGENTATVMC.csv
19;20260312_HOME_WLAN_LEGACY082_LOADYOUTUBE4K_MAGENTATVMC.csv
20;20260312_HOME_WLAN_LEGACY082_LOADYOUTUBE4K_MAGENTATVMC.csv
15;20260312_HOME_WLAN_LEGACY082_LOADYOUTUBE4K_MAGENTATVMC.csv
11;20260312_HOME_WLAN_LEGACY082_LOADYOUTUBE4K_MAGENTATVMC.csv
11;20260312_HOME_WLAN_LEGACY082_LOADYOUTUBE4K_MAGENTATVMC.csv
12;20260312_HOME_WLAN_LEGACY082_LOADYOUTUBE4K_MAGENTATVMC.csv
12;20260312_HOME_WLAN_LEGACY082_LOADYOUTUBE4K_MAGENTATVMC.csv
11;20260312_HOME_WLAN_LEGACY082_LOADYOUTUBE4K_MAGENTATVMC.csv
12;20260312_HOME_WLAN_LEGACY082_LOADYOUTUBE4K_MAGENTATVMC.csv
12;20260312_HOME_WLAN_LEGACY082_LOADYOUTUBE4K_MAGENTATVMC.csv
12;20260312_HOME_WLAN_LEGACY082_LOADYOUTUBE4K_MAGENTATVMC.csv
12;20260312_HOME_WLAN_LEGACY082_LOADYOUTUBE4K_MAGENTATVMC.csv
19;20260312_HOME_WLAN_LEGACY082_LOADYOUTUBE4K_MAGENTATVMC.csv
27;20260312_HOME_WLAN_LEGACY082_LOADYOUTUBE4K_MAGENTATVMC.csv
20;20260312_HOME_WLAN_LEGACY082_LOADYOUTUBE4K_MAGENTATVMC.csv
14;20260312_HOME_WLAN_LEGACY082_LOADYOUTUBE4K_MAGENTATVMC.csv
25;20260312_HOME_WLAN_LEGACY082_LOADYOUTUBE4K_MAGENTATVMC.csv
17;20260312_HOME_WLAN_LEGACY082_LOADYOUTUBE4K_MAGENTATVMC.csv
20;20260312_HOME_WLAN_LEGACY082_LOADYOUTUBE4K_MAGENTATVMC.csv
17;20260312_HOME_WLAN_LEGACY082_LOADYOUTUBE4K_MAGENTATVMC.csv
22;20260312_HOME_WLAN_LEGACY082_LOADYOUTUBE4K_MAGENTATVMC.csv
23;20260312_HOME_WLAN_LEGACY082_LOADYOUTUBE4K_MAGENTATVMC.csv
18;20260312_HOME_WLAN_LEGACY082_LOADYOUTUBE4K_MAGENTATVMC.csv
11;20260312_HOME_WLAN_LEGACY082_LOADYOUTUBE4K_MAGENTATVMC.csv
11;20260312_HOME_WLAN_LEGACY082_LOADYOUTUBE4K_MAGENTATVMC.csv
11;20260312_HOME_WLAN_LEGACY082_LOADYOUTUBE4K_MAGENTATVMC.csv
20;20260312_HOME_WLAN_LEGACY082_LOADYOUTUBE4K_MAGENTATVMC.csv
16;20260312_HOME_WLAN_LEGACY082_LOADYOUTUBE4K_MAGENTATVMC.csv
28;20260312_HOME_WLAN_LEGACY082_LOADYOUTUBE4K_MAGENTATVMC.csv
20;20260312_HOME_WLAN_LEGACY082_LOADYOUTUBE4K_MAGENTATVMC.csv
20;20260312_HOME_WLAN_LEGACY082_LOADYOUTUBE4K_MAGENTATVMC.csv
17;20260312_HOME_WLAN_LEGACY082_LOADYOUTUBE4K_MAGENTATVMC.csv
20;20260312_HOME_WLAN_LEGACY082_LOADYOUTUBE4K_MAGENTATVMC.csv
20;20260312_HOME_WLAN_LEGACY082_LOADYOUTUBE4K_MAGENTATVMC.csv
23;20260312_HOME_WLAN_LEGACY082_LOADYOUTUBE4K_MAGENTATVMC.csv
13;20260312_HOME_WLAN_LEGACY082_LOADYOUTUBE4K_MAGENTATVMC.csv
18;20260312_HOME_WLAN_LEGACY082_LOADYOUTUBE4K_MAGENTATVMC.csv
13;20260312_HOME_WLAN_LEGACY082_LOADYOUTUBE4K_MAGENTATVMC.csv
11;20260312_HOME_WLAN_LEGACY082_LOADYOUTUBE4K_MAGENTATVMC.csv
11;20260312_HOME_WLAN_LEGACY082_LOADYOUTUBE4K_MAGENTATVMC.csv
11;20260312_HOME_WLAN_LEGACY082_LOADYOUTUBE4K_MAGENTATVMC.csv
11;20260312_HOME_WLAN_LEGACY082_LOADYOUTUBE4K_MAGENTATVMC.csv
11;20260312_HOME_WLAN_LEGACY082_LOADYOUTUBE4K_MAGENTATVMC.csv
11;20260312_HOME_WLAN_LEGACY082_LOADYOUTUBE4K_MAGENTATVMC.csv
22;20260312_HOME_WLAN_LEGACY082_LOADYOUTUBE4K_MAGENTATVMC.csv
13;20260312_HOME_WLAN_LEGACY082_LOADYOUTUBE4K_MAGENTATVMC.csv
14;20260312_HOME_WLAN_LEGACY082_LOADYOUTUBE4K_MAGENTATVMC.csv
12;20260312_HOME_WLAN_LEGACY082_LOADYOUTUBE4K_MAGENTATVMC.csv
11;20260312_HOME_WLAN_LEGACY082_LOADYOUTUBE4K_MAGENTATVMC.csv
11;20260312_HOME_WLAN_LEGACY082_LOADYOUTUBE4K_MAGENTATVMC.csv
11;20260312_HOME_WLAN_LEGACY082_LOADYOUTUBE4K_MAGENTATVMC.csv
11;20260312_HOME_WLAN_LEGACY082_LOADYOUTUBE4K_MAGENTATVMC.csv
11;20260312_HOME_WLAN_LEGACY082_LOADYOUTUBE4K_MAGENTATVMC.csv
13;20260312_HOME_WLAN_LEGACY082_LOADYOUTUBE4K_MAGENTATVMC.csv
11;20260312_HOME_WLAN_LEGACY082_LOADYOUTUBE4K_MAGENTATVMC.csv
11;20260312_HOME_WLAN_LEGACY082_LOADYOUTUBE4K_MAGENTATVMC.csv
11;20260312_HOME_WLAN_LEGACY082_LOADYOUTUBE4K_MAGENTATVMC.csv
11;20260312_HOME_WLAN_LEGACY082_LOADYOUTUBE4K_MAGENTATVMC.csv
11;20260312_HOME_WLAN_LEGACY082_LOADYOUTUBE4K_MAGENTATVMC.csv
11;20260312_HOME_WLAN_LEGACY082_LOADYOUTUBE4K_MAGENTATVMC.csv
11;20260312_HOME_WLAN_LEGACY082_LOADYOUTUBE4K_MAGENTATVMC.csv
11;20260312_HOME_WLAN_LEGACY082_LOADYOUTUBE4K_MAGENTATVMC.csv
11;20260312_HOME_WLAN_LEGACY082_LOADYOUTUBE4K_MAGENTATVMC.csv
11;20260312_HOME_WLAN_LEGACY082_LOADYOUTUBE4K_MAGENTATVMC.csv
11;20260312_HOME_WLAN_LEGACY082_LOADYOUTUBE4K_MAGENTATVMC.csv
11;20260312_HOME_WLAN_LEGACY082_LOADYOUTUBE4K_MAGENTATVMC.csv
11;20260312_HOME_WLAN_LEGACY082_LOADYOUTUBE4K_MAGENTATVMC.csv
10;20260312_HOME_WLAN_LEGACY082_LOADYOUTUBE4K_MAGENTATVMC.csv
32;20260312_HOME_WLAN_LEGACY082_LOADYOUTUBE4K_MAGENTATVMC.csv
25;20260312_HOME_WLAN_LEGACY082_LOADYOUTUBE4K_MAGENTATVMC.csv
24;20260312_HOME_WLAN_LEGACY082_LOADYOUTUBE4K_MAGENTATVMC.csv
24;20260312_HOME_WLAN_LEGACY082_LOADYOUTUBE4K_MAGENTATVMC.csv
24;20260312_HOME_WLAN_LEGACY082_LOADYOUTUBE4K_MAGENTATVMC.csv
33;20260312_HOME_WLAN_LEGACY082_LOADYOUTUBE4K_MAGENTATVMC.csv
18;20260312_HOME_WLAN_LEGACY082_LOADYOUTUBE4K_MAGENTATVMC.csv
19;20260312_HOME_WLAN_LEGACY082_LOADYOUTUBE4K_MAGENTATVMC.csv
17;20260312_HOME_WLAN_LEGACY082_LOADYOUTUBE4K_MAGENTATVMC.csv
21;20260312_HOME_WLAN_LEGACY082_LOADYOUTUBE4K_MAGENTATVMC.csv
13;20260312_HOME_WLAN_LEGACY082_LOADYOUTUBE4K_MAGENTATVMC.csv
19;20260312_HOME_WLAN_LEGACY082_LOADYOUTUBE4K_MAGENTATVMC.csv
14;20260312_HOME_WLAN_LEGACY082_LOADYOUTUBE4K_MAGENTATVMC.csv
18;20260312_HOME_WLAN_LEGACY082_LOADYOUTUBE4K_MAGENTATVMC.csv
19;20260312_HOME_WLAN_LEGACY082_LOADYOUTUBE4K_MAGENTATVMC.csv
12;20260312_HOME_WLAN_LEGACY082_LOADYOUTUBE4K_MAGENTATVMC.csv
12;20260312_HOME_WLAN_LEGACY082_LOADYOUTUBE4K_MAGENTATVMC.csv
12;20260312_HOME_WLAN_LEGACY082_LOADYOUTUBE4K_MAGENTATVMC.csv
11;20260312_HOME_WLAN_LEGACY082_LOADYOUTUBE4K_MAGENTATVMC.csv
11;20260312_HOME_WLAN_LEGACY082_LOADYOUTUBE4K_MAGENTATVMC.csv
19;20260312_HOME_WLAN_LEGACY082_LOADYOUTUBE4K_MAGENTATVMC.csv
19;20260312_HOME_WLAN_LEGACY082_LOADYOUTUBE4K_MAGENTATVMC.csv
12;20260312_HOME_WLAN_LEGACY082_LOADYOUTUBE4K_MAGENTATVMC.csv
22;20260312_HOME_WLAN_LEGACY082_LOADYOUTUBE4K_MAGENTATVMC.csv
20;20260312_HOME_WLAN_LEGACY082_LOADYOUTUBE4K_MAGENTATVMC.csv
20;20260312_HOME_WLAN_LEGACY082_LOADYOUTUBE4K_MAGENTATVMC.csv
15;20260314_HOME_LAN_BOOSTCLGA_LOADNO.csv
12;20260314_HOME_LAN_BOOSTCLGA_LOADNO.csv
14;20260314_HOME_LAN_BOOSTCLGA_LOADNO.csv
12;20260314_HOME_LAN_BOOSTCLGA_LOADNO.csv
14;20260314_HOME_LAN_BOOSTCLGA_LOADNO.csv
13;20260314_HOME_LAN_BOOSTCLGA_LOADNO.csv
11;20260314_HOME_LAN_BOOSTCLGA_LOADNO.csv
11;20260314_HOME_LAN_BOOSTCLGA_LOADNO.csv
12;20260314_HOME_LAN_BOOSTCLGA_LOADNO.csv
11;20260314_HOME_LAN_BOOSTCLGA_LOADNO.csv
13;20260314_HOME_LAN_BOOSTCLGA_LOADNO.csv
14;20260314_HOME_LAN_BOOSTCLGA_LOADNO.csv
12;20260314_HOME_LAN_BOOSTCLGA_LOADNO.csv
11;20260314_HOME_LAN_BOOSTCLGA_LOADNO.csv
14;20260314_HOME_LAN_BOOSTCLGA_LOADNO.csv
12;20260314_HOME_LAN_BOOSTCLGA_LOADNO.csv
12;20260314_HOME_LAN_BOOSTCLGA_LOADNO.csv
14;20260314_HOME_LAN_BOOSTCLGA_LOADNO.csv
12;20260314_HOME_LAN_BOOSTCLGA_LOADNO.csv
12;20260314_HOME_LAN_BOOSTCLGA_LOADNO.csv
11;20260314_HOME_LAN_BOOSTCLGA_LOADNO.csv
11;20260314_HOME_LAN_BOOSTCLGA_LOADNO.csv
12;20260314_HOME_LAN_BOOSTCLGA_LOADNO.csv
11;20260314_HOME_LAN_BOOSTCLGA_LOADNO.csv
12;20260314_HOME_LAN_BOOSTCLGA_LOADNO.csv
11;20260314_HOME_LAN_BOOSTCLGA_LOADNO.csv
11;20260314_HOME_LAN_BOOSTCLGA_LOADNO.csv
11;20260314_HOME_LAN_BOOSTCLGA_LOADNO.csv
12;20260314_HOME_LAN_BOOSTCLGA_LOADNO.csv
11;20260314_HOME_LAN_BOOSTCLGA_LOADNO.csv
12;20260314_HOME_LAN_BOOSTCLGA_LOADNO.csv
11;20260314_HOME_LAN_BOOSTCLGA_LOADNO.csv
12;20260314_HOME_LAN_BOOSTCLGA_LOADNO.csv
11;20260314_HOME_LAN_BOOSTCLGA_LOADNO.csv
11;20260314_HOME_LAN_BOOSTCLGA_LOADNO.csv
11;20260314_HOME_LAN_BOOSTCLGA_LOADNO.csv
12;20260314_HOME_LAN_BOOSTCLGA_LOADNO.csv
11;20260314_HOME_LAN_BOOSTCLGA_LOADNO.csv
11;20260314_HOME_LAN_BOOSTCLGA_LOADNO.csv
11;20260314_HOME_LAN_BOOSTCLGA_LOADNO.csv
12;20260314_HOME_LAN_BOOSTCLGA_LOADNO.csv
12;20260314_HOME_LAN_BOOSTCLGA_LOADNO.csv
11;20260314_HOME_LAN_BOOSTCLGA_LOADNO.csv
12;20260314_HOME_LAN_BOOSTCLGA_LOADNO.csv
11;20260314_HOME_LAN_BOOSTCLGA_LOADNO.csv
12;20260314_HOME_LAN_BOOSTCLGA_LOADNO.csv
16;20260314_HOME_LAN_BOOSTCLGA_LOADNO.csv
12;20260314_HOME_LAN_BOOSTCLGA_LOADNO.csv
12;20260314_HOME_LAN_BOOSTCLGA_LOADNO.csv
11;20260314_HOME_LAN_BOOSTCLGA_LOADNO.csv
16;20260314_HOME_LAN_BOOSTCLGA_LOADNO.csv
16;20260314_HOME_LAN_BOOSTCLGA_LOADNO.csv
16;20260314_HOME_LAN_BOOSTCLGA_LOADNO.csv
14;20260314_HOME_LAN_BOOSTCLGA_LOADNO.csv
11;20260314_HOME_LAN_BOOSTCLGA_LOADNO.csv
15;20260314_HOME_LAN_BOOSTCLGA_LOADNO.csv
12;20260314_HOME_LAN_BOOSTCLGA_LOADNO.csv
16;20260314_HOME_LAN_BOOSTCLGA_LOADNO.csv
12;20260314_HOME_LAN_BOOSTCLGA_LOADNO.csv
11;20260314_HOME_LAN_BOOSTCLGA_LOADNO.csv
16;20260314_HOME_LAN_BOOSTCLGA_LOADNO.csv
12;20260314_HOME_LAN_BOOSTCLGA_LOADNO.csv
14;20260314_HOME_LAN_BOOSTCLGA_LOADNO.csv
12;20260314_HOME_LAN_BOOSTCLGA_LOADNO.csv
16;20260314_HOME_LAN_BOOSTCLGA_LOADNO.csv
12;20260314_HOME_LAN_BOOSTCLGA_LOADNO.csv
18;20260314_HOME_LAN_BOOSTCLGA_LOADNO.csv
12;20260314_HOME_LAN_BOOSTCLGA_LOADNO.csv
15;20260314_HOME_LAN_BOOSTCLGA_LOADNO.csv
12;20260314_HOME_LAN_BOOSTCLGA_LOADNO.csv
17;20260314_HOME_LAN_BOOSTCLGA_LOADNO.csv
13;20260314_HOME_LAN_BOOSTCLGA_LOADNO.csv
17;20260314_HOME_LAN_BOOSTCLGA_LOADNO.csv
12;20260314_HOME_LAN_BOOSTCLGA_LOADNO.csv
16;20260314_HOME_LAN_BOOSTCLGA_LOADNO.csv
13;20260314_HOME_LAN_BOOSTCLGA_LOADNO.csv
16;20260314_HOME_LAN_BOOSTCLGA_LOADNO.csv
12;20260314_HOME_LAN_BOOSTCLGA_LOADNO.csv
16;20260314_HOME_LAN_BOOSTCLGA_LOADNO.csv
12;20260314_HOME_LAN_BOOSTCLGA_LOADNO.csv
13;20260314_HOME_LAN_BOOSTCLGA_LOADNO.csv
12;20260314_HOME_LAN_BOOSTCLGA_LOADNO.csv
16;20260314_HOME_LAN_BOOSTCLGA_LOADNO.csv
12;20260314_HOME_LAN_BOOSTCLGA_LOADNO.csv
13;20260314_HOME_LAN_BOOSTCLGA_LOADNO.csv
11;20260314_HOME_LAN_BOOSTCLGA_LOADNO.csv
16;20260314_HOME_LAN_BOOSTCLGA_LOADNO.csv
12;20260314_HOME_LAN_BOOSTCLGA_LOADNO.csv
13;20260314_HOME_LAN_BOOSTCLGA_LOADNO.csv
12;20260314_HOME_LAN_BOOSTCLGA_LOADNO.csv
15;20260314_HOME_LAN_BOOSTCLGA_LOADNO.csv
11;20260314_HOME_LAN_BOOSTCLGA_LOADNO.csv
13;20260314_HOME_LAN_BOOSTCLGA_LOADNO.csv
15;20260314_HOME_LAN_BOOSTCLGA_LOADNO.csv
12;20260314_HOME_LAN_BOOSTCLGA_LOADNO.csv
11;20260314_HOME_LAN_BOOSTCLGA_LOADNO.csv
13;20260314_HOME_LAN_BOOSTCLGA_LOADNO.csv
12;20260314_HOME_LAN_BOOSTCLGA_LOADNO.csv
15;20260314_HOME_LAN_BOOSTCLGA_LOADNO.csv
12;20260314_HOME_LAN_BOOSTCLGA_LOADNO.csv
13;20260314_HOME_LAN_BOOSTCLGA_LOADNO.csv
11;20260314_HOME_LAN_BOOSTCLGA_LOADNO.csv
15;20260314_HOME_LAN_BOOSTCLGA_LOADNO.csv
12;20260314_HOME_LAN_BOOSTCLGA_LOADNO.csv
13;20260314_HOME_LAN_BOOSTCLGA_LOADNO.csv
12;20260314_HOME_LAN_BOOSTCLGA_LOADNO.csv
14;20260314_HOME_LAN_BOOSTCLGA_LOADNO.csv
12;20260314_HOME_LAN_BOOSTCLGA_LOADNO.csv
16;20260314_HOME_LAN_BOOSTCLGA_LOADNO.csv
12;20260314_HOME_LAN_BOOSTCLGA_LOADNO.csv
14;20260314_HOME_LAN_BOOSTCLGA_LOADNO.csv
12;20260314_HOME_LAN_BOOSTCLGA_LOADNO.csv
15;20260314_HOME_LAN_BOOSTCLGA_LOADNO.csv
12;20260314_HOME_LAN_BOOSTCLGA_LOADNO.csv
14;20260314_HOME_LAN_BOOSTCLGA_LOADNO.csv
11;20260314_HOME_LAN_BOOSTCLGA_LOADNO.csv
15;20260314_HOME_LAN_BOOSTCLGA_LOADNO.csv
12;20260314_HOME_LAN_BOOSTCLGA_LOADNO.csv
13;20260314_HOME_LAN_BOOSTCLGA_LOADNO.csv
11;20260314_HOME_LAN_BOOSTCLGA_LOADNO.csv
15;20260314_HOME_LAN_BOOSTCLGA_LOADNO.csv
12;20260314_HOME_LAN_BOOSTCLGA_LOADNO.csv
13;20260314_HOME_LAN_BOOSTCLGA_LOADNO.csv
11;20260314_HOME_LAN_BOOSTCLGA_LOADNO.csv
15;20260314_HOME_LAN_BOOSTCLGA_LOADNO.csv
12;20260314_HOME_LAN_BOOSTCLGA_LOADNO.csv
13;20260314_HOME_LAN_BOOSTCLGA_LOADNO.csv
14;20260314_HOME_LAN_BOOSTCLGA_LOADNO.csv
12;20260314_HOME_LAN_BOOSTCLGA_LOADNO.csv
12;20260314_HOME_LAN_BOOSTCLGA_LOADNO.csv
13;20260314_HOME_LAN_BOOSTCLGA_LOADNO.csv
13;20260314_HOME_LAN_BOOSTCLGA_LOADNO.csv
13;20260314_HOME_LAN_BOOSTCLGA_LOADNO.csv
12;20260314_HOME_LAN_BOOSTCLGA_LOADNO.csv
15;20260314_HOME_LAN_BOOSTCLGA_LOADNO.csv
12;20260314_HOME_LAN_BOOSTCLGA_LOADNO.csv
13;20260314_HOME_LAN_BOOSTCLGA_LOADNO.csv
12;20260314_HOME_LAN_BOOSTCLGA_LOADNO.csv
14;20260314_HOME_LAN_BOOSTCLGA_LOADNO.csv
12;20260314_HOME_LAN_BOOSTCLGA_LOADNO.csv
13;20260314_HOME_LAN_BOOSTCLGA_LOADNO.csv
11;20260314_HOME_LAN_BOOSTCLGA_LOADNO.csv
15;20260314_HOME_LAN_BOOSTCLGA_LOADNO.csv
12;20260314_HOME_LAN_BOOSTCLGA_LOADNO.csv
13;20260314_HOME_LAN_BOOSTCLGA_LOADNO.csv
15;20260314_HOME_LAN_BOOSTCLGA_LOADNO.csv
12;20260314_HOME_LAN_BOOSTCLGA_LOADNO.csv
13;20260314_HOME_LAN_BOOSTCLGA_LOADNO.csv
12;20260314_HOME_LAN_BOOSTCLGA_LOADNO.csv
12;20260314_HOME_LAN_BOOSTCLGA_LOADNO.csv
12;20260314_HOME_LAN_BOOSTCLGA_LOADNO.csv
13;20260314_HOME_LAN_BOOSTCLGA_LOADNO.csv
11;20260314_HOME_LAN_BOOSTCLGA_LOADNO.csv
11;20260314_HOME_LAN_BOOSTCLGA_LOADNO.csv
14;20260314_HOME_LAN_BOOSTCLGA_LOADNO.csv
11;20260314_HOME_LAN_BOOSTCLGA_LOADNO.csv
12;20260314_HOME_LAN_BOOSTCLGA_LOADNO.csv
11;20260314_HOME_LAN_BOOSTCLGA_LOADNO.csv
14;20260314_HOME_LAN_BOOSTCLGA_LOADNO.csv
12;20260314_HOME_LAN_BOOSTCLGA_LOADNO.csv
13;20260314_HOME_LAN_BOOSTCLGA_LOADNO.csv
11;20260314_HOME_LAN_BOOSTCLGA_LOADNO.csv
12;20260314_HOME_LAN_BOOSTCLGA_LOADNO.csv
12;20260314_HOME_LAN_BOOSTCLGA_LOADNO.csv
11;20260314_HOME_LAN_BOOSTCLGA_LOADNO.csv
11;20260314_HOME_LAN_BOOSTCLGA_LOADNO.csv
11;20260314_HOME_LAN_BOOSTCLGA_LOADNO.csv
11;20260314_HOME_LAN_BOOSTCLGA_LOADNO.csv
12;20260314_HOME_LAN_BOOSTCLGA_LOADNO.csv
11;20260314_HOME_LAN_BOOSTCLGA_LOADNO.csv
11;20260314_HOME_LAN_BOOSTCLGA_LOADNO.csv
12;20260314_HOME_LAN_BOOSTCLGA_LOADNO.csv
11;20260314_HOME_LAN_BOOSTCLGA_LOADNO.csv
11;20260314_HOME_LAN_BOOSTCLGA_LOADNO.csv
12;20260314_HOME_LAN_BOOSTCLGA_LOADNO.csv
11;20260314_HOME_LAN_BOOSTCLGA_LOADNO.csv
12;20260314_HOME_LAN_BOOSTCLGA_LOADNO.csv
16;20260314_HOME_LAN_BOOSTCLGA_LOADNO.csv
11;20260314_HOME_LAN_BOOSTCLGA_LOADNO.csv
19;20260314_HOME_LAN_BOOSTCLGA_LOADNO.csv
12;20260314_HOME_LAN_BOOSTCLGA_LOADNO.csv
15;20260314_HOME_LAN_BOOSTCLGA_LOADNO.csv
11;20260314_HOME_LAN_BOOSTCLGA_LOADNO.csv
17;20260314_HOME_LAN_BOOSTCLGA_LOADNO.csv
11;20260314_HOME_LAN_BOOSTCLGA_LOADNO.csv
11;20260314_HOME_LAN_BOOSTCLGA_LOADNO.csv
12;20260314_HOME_LAN_BOOSTCLGA_LOADNO.csv
13;20260314_HOME_LAN_BOOSTCLGA_LOADNO.csv
12;20260314_HOME_LAN_BOOSTCLGA_LOADNO.csv
14;20260314_HOME_LAN_BOOSTCLGA_LOADNO.csv
12;20260314_HOME_LAN_BOOSTCLGA_LOADNO.csv
13;20260314_HOME_LAN_BOOSTCLGA_LOADNO.csv
12;20260314_HOME_LAN_BOOSTCLGA_LOADNO.csv
14;20260314_HOME_LAN_BOOSTCLGA_LOADNO.csv
12;20260314_HOME_LAN_BOOSTCLGA_LOADNO.csv
15;20260314_HOME_LAN_BOOSTCLGA_LOADNO.csv
15;20260314_HOME_LAN_BOOSTCLGA_LOADNO.csv
17;20260314_HOME_LAN_BOOSTCLGA_LOADNO.csv
13;20260314_HOME_LAN_BOOSTCLGA_LOADNO.csv
11;20260314_HOME_LAN_BOOSTCLGA_LOADNO.csv
12;20260314_HOME_LAN_BOOSTCLGA_LOADTCP8.csv
11;20260314_HOME_LAN_BOOSTCLGA_LOADTCP8.csv
11;20260314_HOME_LAN_BOOSTCLGA_LOADTCP8.csv
11;20260314_HOME_LAN_BOOSTCLGA_LOADTCP8.csv
12;20260314_HOME_LAN_BOOSTCLGA_LOADTCP8.csv
11;20260314_HOME_LAN_BOOSTCLGA_LOADTCP8.csv
14;20260314_HOME_LAN_BOOSTCLGA_LOADTCP8.csv
11;20260314_HOME_LAN_BOOSTCLGA_LOADTCP8.csv
12;20260314_HOME_LAN_BOOSTCLGA_LOADTCP8.csv
12;20260314_HOME_LAN_BOOSTCLGA_LOADTCP8.csv
12;20260314_HOME_LAN_BOOSTCLGA_LOADTCP8.csv
13;20260314_HOME_LAN_BOOSTCLGA_LOADTCP8.csv
15;20260314_HOME_LAN_BOOSTCLGA_LOADTCP8.csv
12;20260314_HOME_LAN_BOOSTCLGA_LOADTCP8.csv
18;20260314_HOME_LAN_BOOSTCLGA_LOADTCP8.csv
12;20260314_HOME_LAN_BOOSTCLGA_LOADTCP8.csv
11;20260314_HOME_LAN_BOOSTCLGA_LOADTCP8.csv
12;20260314_HOME_LAN_BOOSTCLGA_LOADTCP8.csv
12;20260314_HOME_LAN_BOOSTCLGA_LOADTCP8.csv
11;20260314_HOME_LAN_BOOSTCLGA_LOADTCP8.csv
18;20260314_HOME_LAN_BOOSTCLGA_LOADTCP8.csv
12;20260314_HOME_LAN_BOOSTCLGA_LOADTCP8.csv
15;20260314_HOME_LAN_BOOSTCLGA_LOADTCP8.csv
12;20260314_HOME_LAN_BOOSTCLGA_LOADTCP8.csv
41;20260314_HOME_LAN_BOOSTCLGA_LOADTCP8.csv
16;20260314_HOME_LAN_BOOSTCLGA_LOADTCP8.csv
18;20260314_HOME_LAN_BOOSTCLGA_LOADTCP8.csv
13;20260314_HOME_LAN_BOOSTCLGA_LOADTCP8.csv
14;20260314_HOME_LAN_BOOSTCLGA_LOADTCP8.csv
12;20260314_HOME_LAN_BOOSTCLGA_LOADTCP8.csv
14;20260314_HOME_LAN_BOOSTCLGA_LOADTCP8.csv
12;20260314_HOME_LAN_BOOSTCLGA_LOADTCP8.csv
15;20260314_HOME_LAN_BOOSTCLGA_LOADTCP8.csv
13;20260314_HOME_LAN_BOOSTCLGA_LOADTCP8.csv
15;20260314_HOME_LAN_BOOSTCLGA_LOADTCP8.csv
13;20260314_HOME_LAN_BOOSTCLGA_LOADTCP8.csv
15;20260314_HOME_LAN_BOOSTCLGA_LOADTCP8.csv
14;20260314_HOME_LAN_BOOSTCLGA_LOADTCP8.csv
13;20260314_HOME_LAN_BOOSTCLGA_LOADTCP8.csv
13;20260314_HOME_LAN_BOOSTCLGA_LOADTCP8.csv
14;20260314_HOME_LAN_BOOSTCLGA_LOADTCP8.csv
14;20260314_HOME_LAN_BOOSTCLGA_LOADTCP8.csv
13;20260314_HOME_LAN_BOOSTCLGA_LOADTCP8.csv
14;20260314_HOME_LAN_BOOSTCLGA_LOADTCP8.csv
12;20260314_HOME_LAN_BOOSTCLGA_LOADTCP8.csv
13;20260314_HOME_LAN_BOOSTCLGA_LOADTCP8.csv
12;20260314_HOME_LAN_BOOSTCLGA_LOADTCP8.csv
13;20260314_HOME_LAN_BOOSTCLGA_LOADTCP8.csv
14;20260314_HOME_LAN_BOOSTCLGA_LOADTCP8.csv
13;20260314_HOME_LAN_BOOSTCLGA_LOADTCP8.csv
14;20260314_HOME_LAN_BOOSTCLGA_LOADTCP8.csv
13;20260314_HOME_LAN_BOOSTCLGA_LOADTCP8.csv
15;20260314_HOME_LAN_BOOSTCLGA_LOADTCP8.csv
13;20260314_HOME_LAN_BOOSTCLGA_LOADTCP8.csv
13;20260314_HOME_LAN_BOOSTCLGA_LOADTCP8.csv
14;20260314_HOME_LAN_BOOSTCLGA_LOADTCP8.csv
15;20260314_HOME_LAN_BOOSTCLGA_LOADTCP8.csv
12;20260314_HOME_LAN_BOOSTCLGA_LOADTCP8.csv
13;20260314_HOME_LAN_BOOSTCLGA_LOADTCP8.csv
12;20260314_HOME_LAN_BOOSTCLGA_LOADTCP8.csv
15;20260314_HOME_LAN_BOOSTCLGA_LOADTCP8.csv
14;20260314_HOME_LAN_BOOSTCLGA_LOADTCP8.csv
14;20260314_HOME_LAN_BOOSTCLGA_LOADTCP8.csv
13;20260314_HOME_LAN_BOOSTCLGA_LOADTCP8.csv
14;20260314_HOME_LAN_BOOSTCLGA_LOADTCP8.csv
12;20260314_HOME_LAN_BOOSTCLGA_LOADTCP8.csv
13;20260314_HOME_LAN_BOOSTCLGA_LOADTCP8.csv
15;20260314_HOME_LAN_BOOSTCLGA_LOADTCP8.csv
12;20260314_HOME_LAN_BOOSTCLGA_LOADTCP8.csv
14;20260314_HOME_LAN_BOOSTCLGA_LOADTCP8.csv
13;20260314_HOME_LAN_BOOSTCLGA_LOADTCP8.csv
13;20260314_HOME_LAN_BOOSTCLGA_LOADTCP8.csv
13;20260314_HOME_LAN_BOOSTCLGA_LOADTCP8.csv
12;20260314_HOME_LAN_BOOSTCLGA_LOADTCP8.csv
14;20260314_HOME_LAN_BOOSTCLGA_LOADTCP8.csv
13;20260314_HOME_LAN_BOOSTCLGA_LOADTCP8.csv
14;20260314_HOME_LAN_BOOSTCLGA_LOADTCP8.csv
13;20260314_HOME_LAN_BOOSTCLGA_LOADTCP8.csv
14;20260314_HOME_LAN_BOOSTCLGA_LOADTCP8.csv
12;20260314_HOME_LAN_BOOSTCLGA_LOADTCP8.csv
13;20260314_HOME_LAN_BOOSTCLGA_LOADTCP8.csv
13;20260314_HOME_LAN_BOOSTCLGA_LOADTCP8.csv
13;20260314_HOME_LAN_BOOSTCLGA_LOADTCP8.csv
12;20260314_HOME_LAN_BOOSTCLGA_LOADTCP8.csv
14;20260314_HOME_LAN_BOOSTCLGA_LOADTCP8.csv
13;20260314_HOME_LAN_BOOSTCLGA_LOADTCP8.csv
14;20260314_HOME_LAN_BOOSTCLGA_LOADTCP8.csv
14;20260314_HOME_LAN_BOOSTCLGA_LOADTCP8.csv
13;20260314_HOME_LAN_BOOSTCLGA_LOADTCP8.csv
13;20260314_HOME_LAN_BOOSTCLGA_LOADTCP8.csv
14;20260314_HOME_LAN_BOOSTCLGA_LOADTCP8.csv
13;20260314_HOME_LAN_BOOSTCLGA_LOADTCP8.csv
13;20260314_HOME_LAN_BOOSTCLGA_LOADTCP8.csv
13;20260314_HOME_LAN_BOOSTCLGA_LOADTCP8.csv
13;20260314_HOME_LAN_BOOSTCLGA_LOADTCP8.csv
12;20260314_HOME_LAN_BOOSTCLGA_LOADTCP8.csv
13;20260314_HOME_LAN_BOOSTCLGA_LOADTCP8.csv
13;20260314_HOME_LAN_BOOSTCLGA_LOADTCP8.csv
13;20260314_HOME_LAN_BOOSTCLGA_LOADTCP8.csv
13;20260314_HOME_LAN_BOOSTCLGA_LOADTCP8.csv
13;20260314_HOME_LAN_BOOSTCLGA_LOADTCP8.csv
12;20260314_HOME_LAN_BOOSTCLGA_LOADTCP8.csv
13;20260314_HOME_LAN_BOOSTCLGA_LOADTCP8.csv
13;20260314_HOME_LAN_BOOSTCLGA_LOADTCP8.csv
13;20260314_HOME_LAN_BOOSTCLGA_LOADTCP8.csv
13;20260314_HOME_LAN_BOOSTCLGA_LOADTCP8.csv
13;20260314_HOME_LAN_BOOSTCLGA_LOADTCP8.csv
13;20260314_HOME_LAN_BOOSTCLGA_LOADTCP8.csv
14;20260314_HOME_LAN_BOOSTCLGA_LOADTCP8.csv
14;20260314_HOME_LAN_BOOSTCLGA_LOADTCP8.csv
12;20260314_HOME_LAN_BOOSTCLGA_LOADTCP8.csv
13;20260314_HOME_LAN_BOOSTCLGA_LOADTCP8.csv
12;20260314_HOME_LAN_BOOSTCLGA_LOADTCP8.csv
13;20260314_HOME_LAN_BOOSTCLGA_LOADTCP8.csv
12;20260314_HOME_LAN_BOOSTCLGA_LOADTCP8.csv
13;20260314_HOME_LAN_BOOSTCLGA_LOADTCP8.csv
13;20260314_HOME_LAN_BOOSTCLGA_LOADTCP8.csv
12;20260314_HOME_LAN_BOOSTCLGA_LOADTCP8.csv
12;20260314_HOME_LAN_BOOSTCLGA_LOADTCP8.csv
13;20260314_HOME_LAN_BOOSTCLGA_LOADTCP8.csv
12;20260314_HOME_LAN_BOOSTCLGA_LOADTCP8.csv
13;20260314_HOME_LAN_BOOSTCLGA_LOADTCP8.csv
13;20260314_HOME_LAN_BOOSTCLGA_LOADTCP8.csv
13;20260314_HOME_LAN_BOOSTCLGA_LOADTCP8.csv
12;20260314_HOME_LAN_BOOSTCLGA_LOADTCP8.csv
12;20260314_HOME_LAN_BOOSTCLGA_LOADTCP8.csv
13;20260314_HOME_LAN_BOOSTCLGA_LOADTCP8.csv
13;20260314_HOME_LAN_BOOSTCLGA_LOADTCP8.csv
13;20260314_HOME_LAN_BOOSTCLGA_LOADTCP8.csv
14;20260314_HOME_LAN_BOOSTCLGA_LOADTCP8.csv
13;20260314_HOME_LAN_BOOSTCLGA_LOADTCP8.csv
14;20260314_HOME_LAN_BOOSTCLGA_LOADTCP8.csv
13;20260314_HOME_LAN_BOOSTCLGA_LOADTCP8.csv
13;20260314_HOME_LAN_BOOSTCLGA_LOADTCP8.csv
12;20260314_HOME_LAN_BOOSTCLGA_LOADTCP8.csv
13;20260314_HOME_LAN_BOOSTCLGA_LOADTCP8.csv
14;20260314_HOME_LAN_BOOSTCLGA_LOADTCP8.csv
13;20260314_HOME_LAN_BOOSTCLGA_LOADTCP8.csv
12;20260314_HOME_LAN_BOOSTCLGA_LOADTCP8.csv
13;20260314_HOME_LAN_BOOSTCLGA_LOADTCP8.csv
13;20260314_HOME_LAN_BOOSTCLGA_LOADTCP8.csv
13;20260314_HOME_LAN_BOOSTCLGA_LOADTCP8.csv
13;20260314_HOME_LAN_BOOSTCLGA_LOADTCP8.csv
13;20260314_HOME_LAN_BOOSTCLGA_LOADTCP8.csv
13;20260314_HOME_LAN_BOOSTCLGA_LOADTCP8.csv
13;20260314_HOME_LAN_BOOSTCLGA_LOADTCP8.csv
14;20260314_HOME_LAN_BOOSTCLGA_LOADTCP8.csv
13;20260314_HOME_LAN_BOOSTCLGA_LOADTCP8.csv
13;20260314_HOME_LAN_BOOSTCLGA_LOADTCP8.csv
13;20260314_HOME_LAN_BOOSTCLGA_LOADTCP8.csv
14;20260314_HOME_LAN_BOOSTCLGA_LOADTCP8.csv
14;20260314_HOME_LAN_BOOSTCLGA_LOADTCP8.csv
14;20260314_HOME_LAN_BOOSTCLGA_LOADTCP8.csv
13;20260314_HOME_LAN_BOOSTCLGA_LOADTCP8.csv
13;20260314_HOME_LAN_BOOSTCLGA_LOADTCP8.csv
14;20260314_HOME_LAN_BOOSTCLGA_LOADTCP8.csv
13;20260314_HOME_LAN_BOOSTCLGA_LOADTCP8.csv
14;20260314_HOME_LAN_BOOSTCLGA_LOADTCP8.csv
13;20260314_HOME_LAN_BOOSTCLGA_LOADTCP8.csv
13;20260314_HOME_LAN_BOOSTCLGA_LOADTCP8.csv
13;20260314_HOME_LAN_BOOSTCLGA_LOADTCP8.csv
13;20260314_HOME_LAN_BOOSTCLGA_LOADTCP8.csv
16;20260314_HOME_LAN_BOOSTCLGA_LOADTCP8.csv
13;20260314_HOME_LAN_BOOSTCLGA_LOADTCP8.csv
17;20260314_HOME_LAN_BOOSTCLGA_LOADTCP8.csv
13;20260314_HOME_LAN_BOOSTCLGA_LOADTCP8.csv
17;20260314_HOME_LAN_BOOSTCLGA_LOADTCP8.csv
13;20260314_HOME_LAN_BOOSTCLGA_LOADTCP8.csv
19;20260314_HOME_LAN_BOOSTCLGA_LOADTCP8.csv
14;20260314_HOME_LAN_BOOSTCLGA_LOADTCP8.csv
17;20260314_HOME_LAN_BOOSTCLGA_LOADTCP8.csv
19;20260314_HOME_LAN_BOOSTCLGA_LOADTCP8.csv
13;20260314_HOME_LAN_BOOSTCLGA_LOADTCP8.csv
13;20260314_HOME_LAN_BOOSTCLGA_LOADTCP8.csv
15;20260314_HOME_LAN_BOOSTCLGA_LOADTCP8.csv
18;20260314_HOME_LAN_BOOSTCLGA_LOADTCP8.csv
14;20260314_HOME_LAN_BOOSTCLGA_LOADTCP8.csv
13;20260314_HOME_LAN_BOOSTCLGA_LOADTCP8.csv
15;20260314_HOME_LAN_BOOSTCLGA_LOADTCP8.csv
13;20260314_HOME_LAN_BOOSTCLGA_LOADTCP8.csv
18;20260314_HOME_LAN_BOOSTCLGA_LOADTCP8.csv
13;20260314_HOME_LAN_BOOSTCLGA_LOADTCP8.csv
15;20260314_HOME_LAN_BOOSTCLGA_LOADTCP8.csv
12;20260314_HOME_LAN_BOOSTCLGA_LOADTCP8.csv
16;20260314_HOME_LAN_BOOSTCLGA_LOADTCP8.csv
13;20260314_HOME_LAN_BOOSTCLGA_LOADTCP8.csv
15;20260314_HOME_LAN_BOOSTCLGA_LOADTCP8.csv
17;20260314_HOME_LAN_BOOSTCLGA_LOADTCP8.csv
13;20260314_HOME_LAN_BOOSTCLGA_LOADTCP8.csv
13;20260314_HOME_LAN_BOOSTCLGA_LOADTCP8.csv
14;20260314_HOME_LAN_BOOSTCLGA_LOADTCP8.csv
13;20260314_HOME_LAN_BOOSTCLGA_LOADTCP8.csv
16;20260314_HOME_LAN_BOOSTCLGA_LOADTCP8.csv
13;20260314_HOME_LAN_BOOSTCLGA_LOADTCP8.csv
14;20260314_HOME_LAN_BOOSTCLGA_LOADTCP8.csv
14;20260314_HOME_LAN_BOOSTCLGA_LOADTCP8.csv
16;20260314_HOME_LAN_BOOSTCLGA_LOADTCP8.csv
15;20260314_HOME_LAN_BOOSTCLGA_LOADTCP8.csv
13;20260314_HOME_LAN_BOOSTCLGA_LOADTCP8.csv
12;20260314_HOME_LAN_BOOSTCLGA_LOADYOUTUBE4K_1.csv
11;20260314_HOME_LAN_BOOSTCLGA_LOADYOUTUBE4K_1.csv
12;20260314_HOME_LAN_BOOSTCLGA_LOADYOUTUBE4K_1.csv
11;20260314_HOME_LAN_BOOSTCLGA_LOADYOUTUBE4K_1.csv
12;20260314_HOME_LAN_BOOSTCLGA_LOADYOUTUBE4K_1.csv
11;20260314_HOME_LAN_BOOSTCLGA_LOADYOUTUBE4K_1.csv
11;20260314_HOME_LAN_BOOSTCLGA_LOADYOUTUBE4K_1.csv
11;20260314_HOME_LAN_BOOSTCLGA_LOADYOUTUBE4K_1.csv
14;20260314_HOME_LAN_BOOSTCLGA_LOADYOUTUBE4K_1.csv
12;20260314_HOME_LAN_BOOSTCLGA_LOADYOUTUBE4K_1.csv
17;20260314_HOME_LAN_BOOSTCLGA_LOADYOUTUBE4K_1.csv
13;20260314_HOME_LAN_BOOSTCLGA_LOADYOUTUBE4K_1.csv
12;20260314_HOME_LAN_BOOSTCLGA_LOADYOUTUBE4K_1.csv
19;20260314_HOME_LAN_BOOSTCLGA_LOADYOUTUBE4K_1.csv
12;20260314_HOME_LAN_BOOSTCLGA_LOADYOUTUBE4K_1.csv
11;20260314_HOME_LAN_BOOSTCLGA_LOADYOUTUBE4K_1.csv
16;20260314_HOME_LAN_BOOSTCLGA_LOADYOUTUBE4K_1.csv
12;20260314_HOME_LAN_BOOSTCLGA_LOADYOUTUBE4K_1.csv
14;20260314_HOME_LAN_BOOSTCLGA_LOADYOUTUBE4K_1.csv
14;20260314_HOME_LAN_BOOSTCLGA_LOADYOUTUBE4K_1.csv
21;20260314_HOME_LAN_BOOSTCLGA_LOADYOUTUBE4K_1.csv
21;20260314_HOME_LAN_BOOSTCLGA_LOADYOUTUBE4K_1.csv
23;20260314_HOME_LAN_BOOSTCLGA_LOADYOUTUBE4K_1.csv
12;20260314_HOME_LAN_BOOSTCLGA_LOADYOUTUBE4K_1.csv
17;20260314_HOME_LAN_BOOSTCLGA_LOADYOUTUBE4K_1.csv
12;20260314_HOME_LAN_BOOSTCLGA_LOADYOUTUBE4K_1.csv
14;20260314_HOME_LAN_BOOSTCLGA_LOADYOUTUBE4K_1.csv
12;20260314_HOME_LAN_BOOSTCLGA_LOADYOUTUBE4K_1.csv
19;20260314_HOME_LAN_BOOSTCLGA_LOADYOUTUBE4K_1.csv
18;20260314_HOME_LAN_BOOSTCLGA_LOADYOUTUBE4K_1.csv
18;20260314_HOME_LAN_BOOSTCLGA_LOADYOUTUBE4K_1.csv
16;20260314_HOME_LAN_BOOSTCLGA_LOADYOUTUBE4K_1.csv
12;20260314_HOME_LAN_BOOSTCLGA_LOADYOUTUBE4K_1.csv
17;20260314_HOME_LAN_BOOSTCLGA_LOADYOUTUBE4K_1.csv
11;20260314_HOME_LAN_BOOSTCLGA_LOADYOUTUBE4K_1.csv
13;20260314_HOME_LAN_BOOSTCLGA_LOADYOUTUBE4K_1.csv
28;20260314_HOME_LAN_BOOSTCLGA_LOADYOUTUBE4K_1.csv
13;20260314_HOME_LAN_BOOSTCLGA_LOADYOUTUBE4K_1.csv
13;20260314_HOME_LAN_BOOSTCLGA_LOADYOUTUBE4K_1.csv
11;20260314_HOME_LAN_BOOSTCLGA_LOADYOUTUBE4K_1.csv
11;20260314_HOME_LAN_BOOSTCLGA_LOADYOUTUBE4K_1.csv
37;20260314_HOME_LAN_BOOSTCLGA_LOADYOUTUBE4K_1.csv
35;20260314_HOME_LAN_BOOSTCLGA_LOADYOUTUBE4K_1.csv
38;20260314_HOME_LAN_BOOSTCLGA_LOADYOUTUBE4K_1.csv
22;20260314_HOME_LAN_BOOSTCLGA_LOADYOUTUBE4K_1.csv
13;20260314_HOME_LAN_BOOSTCLGA_LOADYOUTUBE4K_1.csv
12;20260314_HOME_LAN_BOOSTCLGA_LOADYOUTUBE4K_1.csv
12;20260314_HOME_LAN_BOOSTCLGA_LOADYOUTUBE4K_1.csv
12;20260314_HOME_LAN_BOOSTCLGA_LOADYOUTUBE4K_1.csv
13;20260314_HOME_LAN_BOOSTCLGA_LOADYOUTUBE4K_1.csv
20;20260314_HOME_LAN_BOOSTCLGA_LOADYOUTUBE4K_1.csv
38;20260314_HOME_LAN_BOOSTCLGA_LOADYOUTUBE4K_1.csv
19;20260314_HOME_LAN_BOOSTCLGA_LOADYOUTUBE4K_1.csv
19;20260314_HOME_LAN_BOOSTCLGA_LOADYOUTUBE4K_1.csv
19;20260314_HOME_LAN_BOOSTCLGA_LOADYOUTUBE4K_1.csv
22;20260314_HOME_LAN_BOOSTCLGA_LOADYOUTUBE4K_1.csv
12;20260314_HOME_LAN_BOOSTCLGA_LOADYOUTUBE4K_1.csv
11;20260314_HOME_LAN_BOOSTCLGA_LOADYOUTUBE4K_1.csv
16;20260314_HOME_LAN_BOOSTCLGA_LOADYOUTUBE4K_1.csv
12;20260314_HOME_LAN_BOOSTCLGA_LOADYOUTUBE4K_1.csv
12;20260314_HOME_LAN_BOOSTCLGA_LOADYOUTUBE4K_1.csv
44;20260314_HOME_LAN_BOOSTCLGA_LOADYOUTUBE4K_1.csv
23;20260314_HOME_LAN_BOOSTCLGA_LOADYOUTUBE4K_1.csv
30;20260314_HOME_LAN_BOOSTCLGA_LOADYOUTUBE4K_1.csv
28;20260314_HOME_LAN_BOOSTCLGA_LOADYOUTUBE4K_1.csv
17;20260314_HOME_LAN_BOOSTCLGA_LOADYOUTUBE4K_1.csv
15;20260314_HOME_LAN_BOOSTCLGA_LOADYOUTUBE4K_1.csv
12;20260314_HOME_LAN_BOOSTCLGA_LOADYOUTUBE4K_1.csv
16;20260314_HOME_LAN_BOOSTCLGA_LOADYOUTUBE4K_1.csv
12;20260314_HOME_LAN_BOOSTCLGA_LOADYOUTUBE4K_1.csv
13;20260314_HOME_LAN_BOOSTCLGA_LOADYOUTUBE4K_1.csv
36;20260314_HOME_LAN_BOOSTCLGA_LOADYOUTUBE4K_1.csv
22;20260314_HOME_LAN_BOOSTCLGA_LOADYOUTUBE4K_1.csv
38;20260314_HOME_LAN_BOOSTCLGA_LOADYOUTUBE4K_1.csv
17;20260314_HOME_LAN_BOOSTCLGA_LOADYOUTUBE4K_1.csv
12;20260314_HOME_LAN_BOOSTCLGA_LOADYOUTUBE4K_1.csv
15;20260314_HOME_LAN_BOOSTCLGA_LOADYOUTUBE4K_1.csv
37;20260314_HOME_LAN_BOOSTCLGA_LOADYOUTUBE4K_1.csv
41;20260314_HOME_LAN_BOOSTCLGA_LOADYOUTUBE4K_1.csv
15;20260314_HOME_LAN_BOOSTCLGA_LOADYOUTUBE4K_1.csv
15;20260314_HOME_LAN_BOOSTCLGA_LOADYOUTUBE4K_1.csv
32;20260314_HOME_LAN_BOOSTCLGA_LOADYOUTUBE4K_1.csv
25;20260314_HOME_LAN_BOOSTCLGA_LOADYOUTUBE4K_1.csv
24;20260314_HOME_LAN_BOOSTCLGA_LOADYOUTUBE4K_1.csv
17;20260314_HOME_LAN_BOOSTCLGA_LOADYOUTUBE4K_1.csv
12;20260314_HOME_LAN_BOOSTCLGA_LOADYOUTUBE4K_1.csv
15;20260314_HOME_LAN_BOOSTCLGA_LOADYOUTUBE4K_1.csv
12;20260314_HOME_LAN_BOOSTCLGA_LOADYOUTUBE4K_1.csv
20;20260314_HOME_LAN_BOOSTCLGA_LOADYOUTUBE4K_1.csv
19;20260314_HOME_LAN_BOOSTCLGA_LOADYOUTUBE4K_1.csv
17;20260314_HOME_LAN_BOOSTCLGA_LOADYOUTUBE4K_1.csv
12;20260314_HOME_LAN_BOOSTCLGA_LOADYOUTUBE4K_1.csv
13;20260314_HOME_LAN_BOOSTCLGA_LOADYOUTUBE4K_1.csv
11;20260314_HOME_LAN_BOOSTCLGA_LOADYOUTUBE4K_1.csv
14;20260314_HOME_LAN_BOOSTCLGA_LOADYOUTUBE4K_1.csv
30;20260314_HOME_LAN_BOOSTCLGA_LOADYOUTUBE4K_1.csv
26;20260314_HOME_LAN_BOOSTCLGA_LOADYOUTUBE4K_1.csv
33;20260314_HOME_LAN_BOOSTCLGA_LOADYOUTUBE4K_1.csv
11;20260314_HOME_LAN_BOOSTCLGA_LOADYOUTUBE4K_1.csv
12;20260314_HOME_LAN_BOOSTCLGA_LOADYOUTUBE4K_1.csv
12;20260314_HOME_LAN_BOOSTCLGA_LOADYOUTUBE4K_1.csv
12;20260314_HOME_LAN_BOOSTCLGA_LOADYOUTUBE4K_1.csv
37;20260314_HOME_LAN_BOOSTCLGA_LOADYOUTUBE4K_1.csv
22;20260314_HOME_LAN_BOOSTCLGA_LOADYOUTUBE4K_1.csv
25;20260314_HOME_LAN_BOOSTCLGA_LOADYOUTUBE4K_1.csv
26;20260314_HOME_LAN_BOOSTCLGA_LOADYOUTUBE4K_1.csv
15;20260314_HOME_LAN_BOOSTCLGA_LOADYOUTUBE4K_1.csv
15;20260314_HOME_LAN_BOOSTCLGA_LOADYOUTUBE4K_1.csv
12;20260314_HOME_LAN_BOOSTCLGA_LOADYOUTUBE4K_1.csv
36;20260314_HOME_LAN_BOOSTCLGA_LOADYOUTUBE4K_1.csv
26;20260314_HOME_LAN_BOOSTCLGA_LOADYOUTUBE4K_1.csv
24;20260314_HOME_LAN_BOOSTCLGA_LOADYOUTUBE4K_1.csv
15;20260314_HOME_LAN_BOOSTCLGA_LOADYOUTUBE4K_1.csv
16;20260314_HOME_LAN_BOOSTCLGA_LOADYOUTUBE4K_1.csv
12;20260314_HOME_LAN_BOOSTCLGA_LOADYOUTUBE4K_1.csv
13;20260314_HOME_LAN_BOOSTCLGA_LOADYOUTUBE4K_1.csv
30;20260314_HOME_LAN_BOOSTCLGA_LOADYOUTUBE4K_1.csv
32;20260314_HOME_LAN_BOOSTCLGA_LOADYOUTUBE4K_1.csv
14;20260314_HOME_LAN_BOOSTCLGA_LOADYOUTUBE4K_1.csv
14;20260314_HOME_LAN_BOOSTCLGA_LOADYOUTUBE4K_1.csv
12;20260314_HOME_LAN_BOOSTCLGA_LOADYOUTUBE4K_1.csv
16;20260314_HOME_LAN_BOOSTCLGA_LOADYOUTUBE4K_1.csv
37;20260314_HOME_LAN_BOOSTCLGA_LOADYOUTUBE4K_1.csv
20;20260314_HOME_LAN_BOOSTCLGA_LOADYOUTUBE4K_1.csv
34;20260314_HOME_LAN_BOOSTCLGA_LOADYOUTUBE4K_1.csv
17;20260314_HOME_LAN_BOOSTCLGA_LOADYOUTUBE4K_1.csv
12;20260314_HOME_LAN_BOOSTCLGA_LOADYOUTUBE4K_1.csv
16;20260314_HOME_LAN_BOOSTCLGA_LOADYOUTUBE4K_1.csv
11;20260314_HOME_LAN_BOOSTCLGA_LOADYOUTUBE4K_1.csv
14;20260314_HOME_LAN_BOOSTCLGA_LOADYOUTUBE4K_1.csv
12;20260314_HOME_LAN_BOOSTCLGA_LOADYOUTUBE4K_1.csv
32;20260314_HOME_LAN_BOOSTCLGA_LOADYOUTUBE4K_1.csv
25;20260314_HOME_LAN_BOOSTCLGA_LOADYOUTUBE4K_1.csv
37;20260314_HOME_LAN_BOOSTCLGA_LOADYOUTUBE4K_1.csv
34;20260314_HOME_LAN_BOOSTCLGA_LOADYOUTUBE4K_1.csv
18;20260314_HOME_LAN_BOOSTCLGA_LOADYOUTUBE4K_1.csv
12;20260314_HOME_LAN_BOOSTCLGA_LOADYOUTUBE4K_1.csv
13;20260314_HOME_LAN_BOOSTCLGA_LOADYOUTUBE4K_1.csv
28;20260314_HOME_LAN_BOOSTCLGA_LOADYOUTUBE4K_1.csv
20;20260314_HOME_LAN_BOOSTCLGA_LOADYOUTUBE4K_1.csv
20;20260314_HOME_LAN_BOOSTCLGA_LOADYOUTUBE4K_1.csv
20;20260314_HOME_LAN_BOOSTCLGA_LOADYOUTUBE4K_1.csv
16;20260314_HOME_LAN_BOOSTCLGA_LOADYOUTUBE4K_1.csv
12;20260314_HOME_LAN_BOOSTCLGA_LOADYOUTUBE4K_1.csv
12;20260314_HOME_LAN_BOOSTCLGA_LOADYOUTUBE4K_1.csv
13;20260314_HOME_LAN_BOOSTCLGA_LOADYOUTUBE4K_1.csv
15;20260314_HOME_LAN_BOOSTCLGA_LOADYOUTUBE4K_1.csv
12;20260314_HOME_LAN_BOOSTCLGA_LOADYOUTUBE4K_1.csv
18;20260314_HOME_LAN_BOOSTCLGA_LOADYOUTUBE4K_1.csv
30;20260314_HOME_LAN_BOOSTCLGA_LOADYOUTUBE4K_1.csv
23;20260314_HOME_LAN_BOOSTCLGA_LOADYOUTUBE4K_1.csv
14;20260314_HOME_LAN_BOOSTCLGA_LOADYOUTUBE4K_1.csv
12;20260314_HOME_LAN_BOOSTCLGA_LOADYOUTUBE4K_1.csv
11;20260314_HOME_LAN_BOOSTCLGA_LOADYOUTUBE4K_1.csv
13;20260314_HOME_LAN_BOOSTCLGA_LOADYOUTUBE4K_1.csv
12;20260314_HOME_LAN_BOOSTCLGA_LOADYOUTUBE4K_1.csv
12;20260314_HOME_LAN_BOOSTCLGA_LOADYOUTUBE4K_1.csv
21;20260314_HOME_LAN_BOOSTCLGA_LOADYOUTUBE4K_1.csv
21;20260314_HOME_LAN_BOOSTCLGA_LOADYOUTUBE4K_1.csv
17;20260314_HOME_LAN_BOOSTCLGA_LOADYOUTUBE4K_1.csv
12;20260314_HOME_LAN_BOOSTCLGA_LOADYOUTUBE4K_1.csv
14;20260314_HOME_LAN_BOOSTCLGA_LOADYOUTUBE4K_1.csv
12;20260314_HOME_LAN_BOOSTCLGA_LOADYOUTUBE4K_1.csv
11;20260314_HOME_LAN_BOOSTCLGA_LOADYOUTUBE4K_1.csv
21;20260314_HOME_LAN_BOOSTCLGA_LOADYOUTUBE4K_1.csv
30;20260314_HOME_LAN_BOOSTCLGA_LOADYOUTUBE4K_1.csv
14;20260314_HOME_LAN_BOOSTCLGA_LOADYOUTUBE4K_1.csv
14;20260314_HOME_LAN_BOOSTCLGA_LOADYOUTUBE4K_1.csv
11;20260314_HOME_LAN_BOOSTCLGA_LOADYOUTUBE4K_1.csv
11;20260314_HOME_LAN_BOOSTCLGA_LOADYOUTUBE4K_1.csv
17;20260314_HOME_LAN_BOOSTCLGA_LOADYOUTUBE4K_1.csv
26;20260314_HOME_LAN_BOOSTCLGA_LOADYOUTUBE4K_1.csv
20;20260314_HOME_LAN_BOOSTCLGA_LOADYOUTUBE4K_1.csv
12;20260314_HOME_LAN_BOOSTCLGA_LOADYOUTUBE4K_1.csv
14;20260314_HOME_LAN_BOOSTCLGA_LOADYOUTUBE4K_1.csv
11;20260314_HOME_LAN_BOOSTCLGA_LOADYOUTUBE4K_1.csv
12;20260314_HOME_LAN_BOOSTCLGA_LOADYOUTUBE4K_1.csv
17;20260314_HOME_LAN_BOOSTCLGA_LOADYOUTUBE4K_1.csv
16;20260314_HOME_LAN_BOOSTCLGA_LOADYOUTUBE4K_1.csv
30;20260314_HOME_LAN_BOOSTCLGA_LOADYOUTUBE4K_1.csv
20;20260314_HOME_LAN_BOOSTCLGA_LOADYOUTUBE4K_1.csv
21;20260314_HOME_LAN_BOOSTCLGA_LOADYOUTUBE4K_1.csv
14;20260314_HOME_LAN_BOOSTCLGA_LOADYOUTUBE4K_1.csv
28;20260314_HOME_LAN_BOOSTCLGA_LOADYOUTUBE4K_1.csv
21;20260314_HOME_LAN_BOOSTCLGA_LOADYOUTUBE4K_1.csv
12;20260314_HOME_LAN_BOOSTCLGA_LOADYOUTUBE4K_1.csv
13;20260314_HOME_LAN_BOOSTCLGA_LOADYOUTUBE4K_1.csv
28;20260314_HOME_LAN_BOOSTCLGA_LOADYOUTUBE4K_1.csv
12;20260314_HOME_LAN_BOOSTCLGA_LOADYOUTUBE4K_1.csv
12;20260314_HOME_LAN_BOOSTCLGA_LOADYOUTUBE4K_1.csv
12;20260314_HOME_LAN_BOOSTCLGA_LOADYOUTUBE4K_1.csv
13;20260314_HOME_LAN_BOOSTCLGA_LOADYOUTUBE4K_1.csv
13;20260314_HOME_LAN_BOOSTCLGA_LOADYOUTUBE4K_1.csv
11;20260314_HOME_LAN_BOOSTCLGA_LOADYOUTUBE4K_1.csv
13;20260314_HOME_LAN_BOOSTCLGA_LOADYOUTUBE4K_1.csv
24;20260314_HOME_LAN_BOOSTCLGA_LOADYOUTUBE4K_1.csv
16;20260314_HOME_LAN_BOOSTCLGA_LOADYOUTUBE4K_1.csv
12;20260314_HOME_LAN_BOOSTCLGA_LOADYOUTUBE4K_1.csv
12;20260314_HOME_LAN_BOOSTCLGA_LOADYOUTUBE4K_1.csv
12;20260314_HOME_LAN_BOOSTCLGA_LOADYOUTUBE4K_1.csv
13;20260314_HOME_LAN_BOOSTCLGA_LOADYOUTUBE4K_2.csv
12;20260314_HOME_LAN_BOOSTCLGA_LOADYOUTUBE4K_2.csv
12;20260314_HOME_LAN_BOOSTCLGA_LOADYOUTUBE4K_2.csv
23;20260314_HOME_LAN_BOOSTCLGA_LOADYOUTUBE4K_2.csv
13;20260314_HOME_LAN_BOOSTCLGA_LOADYOUTUBE4K_2.csv
16;20260314_HOME_LAN_BOOSTCLGA_LOADYOUTUBE4K_2.csv
12;20260314_HOME_LAN_BOOSTCLGA_LOADYOUTUBE4K_2.csv
30;20260314_HOME_LAN_BOOSTCLGA_LOADYOUTUBE4K_2.csv
25;20260314_HOME_LAN_BOOSTCLGA_LOADYOUTUBE4K_2.csv
34;20260314_HOME_LAN_BOOSTCLGA_LOADYOUTUBE4K_2.csv
16;20260314_HOME_LAN_BOOSTCLGA_LOADYOUTUBE4K_2.csv
12;20260314_HOME_LAN_BOOSTCLGA_LOADYOUTUBE4K_2.csv
15;20260314_HOME_LAN_BOOSTCLGA_LOADYOUTUBE4K_2.csv
12;20260314_HOME_LAN_BOOSTCLGA_LOADYOUTUBE4K_2.csv
14;20260314_HOME_LAN_BOOSTCLGA_LOADYOUTUBE4K_2.csv
28;20260314_HOME_LAN_BOOSTCLGA_LOADYOUTUBE4K_2.csv
28;20260314_HOME_LAN_BOOSTCLGA_LOADYOUTUBE4K_2.csv
33;20260314_HOME_LAN_BOOSTCLGA_LOADYOUTUBE4K_2.csv
13;20260314_HOME_LAN_BOOSTCLGA_LOADYOUTUBE4K_2.csv
12;20260314_HOME_LAN_BOOSTCLGA_LOADYOUTUBE4K_2.csv
14;20260314_HOME_LAN_BOOSTCLGA_LOADYOUTUBE4K_2.csv
12;20260314_HOME_LAN_BOOSTCLGA_LOADYOUTUBE4K_2.csv
16;20260314_HOME_LAN_BOOSTCLGA_LOADYOUTUBE4K_2.csv
20;20260314_HOME_LAN_BOOSTCLGA_LOADYOUTUBE4K_2.csv
17;20260314_HOME_LAN_BOOSTCLGA_LOADYOUTUBE4K_2.csv
26;20260314_HOME_LAN_BOOSTCLGA_LOADYOUTUBE4K_2.csv
16;20260314_HOME_LAN_BOOSTCLGA_LOADYOUTUBE4K_2.csv
12;20260314_HOME_LAN_BOOSTCLGA_LOADYOUTUBE4K_2.csv
13;20260314_HOME_LAN_BOOSTCLGA_LOADYOUTUBE4K_2.csv
21;20260314_HOME_LAN_BOOSTCLGA_LOADYOUTUBE4K_2.csv
17;20260314_HOME_LAN_BOOSTCLGA_LOADYOUTUBE4K_2.csv
17;20260314_HOME_LAN_BOOSTCLGA_LOADYOUTUBE4K_2.csv
13;20260314_HOME_LAN_BOOSTCLGA_LOADYOUTUBE4K_2.csv
12;20260314_HOME_LAN_BOOSTCLGA_LOADYOUTUBE4K_2.csv
15;20260314_HOME_LAN_BOOSTCLGA_LOADYOUTUBE4K_2.csv
19;20260314_HOME_LAN_BOOSTCLGA_LOADYOUTUBE4K_2.csv
23;20260314_HOME_LAN_BOOSTCLGA_LOADYOUTUBE4K_2.csv
19;20260314_HOME_LAN_BOOSTCLGA_LOADYOUTUBE4K_2.csv
12;20260314_HOME_LAN_BOOSTCLGA_LOADYOUTUBE4K_2.csv
12;20260314_HOME_LAN_BOOSTCLGA_LOADYOUTUBE4K_2.csv
16;20260314_HOME_LAN_BOOSTCLGA_LOADYOUTUBE4K_2.csv
31;20260314_HOME_LAN_BOOSTCLGA_LOADYOUTUBE4K_2.csv
24;20260314_HOME_LAN_BOOSTCLGA_LOADYOUTUBE4K_2.csv
25;20260314_HOME_LAN_BOOSTCLGA_LOADYOUTUBE4K_2.csv
13;20260314_HOME_LAN_BOOSTCLGA_LOADYOUTUBE4K_2.csv
12;20260314_HOME_LAN_BOOSTCLGA_LOADYOUTUBE4K_2.csv
14;20260314_HOME_LAN_BOOSTCLGA_LOADYOUTUBE4K_2.csv
12;20260314_HOME_LAN_BOOSTCLGA_LOADYOUTUBE4K_2.csv
16;20260314_HOME_LAN_BOOSTCLGA_LOADYOUTUBE4K_2.csv
23;20260314_HOME_LAN_BOOSTCLGA_LOADYOUTUBE4K_2.csv
18;20260314_HOME_LAN_BOOSTCLGA_LOADYOUTUBE4K_2.csv
13;20260314_HOME_LAN_BOOSTCLGA_LOADYOUTUBE4K_2.csv
15;20260314_HOME_LAN_BOOSTCLGA_LOADYOUTUBE4K_2.csv
12;20260314_HOME_LAN_BOOSTCLGA_LOADYOUTUBE4K_2.csv
14;20260314_HOME_LAN_BOOSTCLGA_LOADYOUTUBE4K_2.csv
12;20260314_HOME_LAN_BOOSTCLGA_LOADYOUTUBE4K_2.csv
14;20260314_HOME_LAN_BOOSTCLGA_LOADYOUTUBE4K_2.csv
14;20260314_HOME_LAN_BOOSTCLGA_LOADYOUTUBE4K_2.csv
25;20260314_HOME_LAN_BOOSTCLGA_LOADYOUTUBE4K_2.csv
14;20260314_HOME_LAN_BOOSTCLGA_LOADYOUTUBE4K_2.csv
13;20260314_HOME_LAN_BOOSTCLGA_LOADYOUTUBE4K_2.csv
12;20260314_HOME_LAN_BOOSTCLGA_LOADYOUTUBE4K_2.csv
14;20260314_HOME_LAN_BOOSTCLGA_LOADYOUTUBE4K_2.csv
14;20260314_HOME_LAN_BOOSTCLGA_LOADYOUTUBE4K_2.csv
13;20260314_HOME_LAN_BOOSTCLGA_LOADYOUTUBE4K_2.csv
12;20260314_HOME_LAN_BOOSTCLGA_LOADYOUTUBE4K_2.csv
14;20260314_HOME_LAN_BOOSTCLGA_LOADYOUTUBE4K_2.csv
27;20260314_HOME_LAN_BOOSTCLGA_LOADYOUTUBE4K_2.csv
17;20260314_HOME_LAN_BOOSTCLGA_LOADYOUTUBE4K_2.csv
16;20260314_HOME_LAN_BOOSTCLGA_LOADYOUTUBE4K_2.csv
19;20260314_HOME_LAN_BOOSTCLGA_LOADYOUTUBE4K_2.csv
12;20260314_HOME_LAN_BOOSTCLGA_LOADYOUTUBE4K_2.csv
13;20260314_HOME_LAN_BOOSTCLGA_LOADYOUTUBE4K_2.csv
16;20260314_HOME_LAN_BOOSTCLGA_LOADYOUTUBE4K_2.csv
18;20260314_HOME_LAN_BOOSTCLGA_LOADYOUTUBE4K_2.csv
46;20260314_HOME_LAN_BOOSTCLGA_LOADYOUTUBE4K_2.csv
19;20260314_HOME_LAN_BOOSTCLGA_LOADYOUTUBE4K_2.csv
12;20260314_HOME_LAN_BOOSTCLGA_LOADYOUTUBE4K_2.csv
13;20260314_HOME_LAN_BOOSTCLGA_LOADYOUTUBE4K_2.csv
12;20260314_HOME_LAN_BOOSTCLGA_LOADYOUTUBE4K_2.csv
16;20260314_HOME_LAN_BOOSTCLGA_LOADYOUTUBE4K_2.csv
25;20260314_HOME_LAN_BOOSTCLGA_LOADYOUTUBE4K_2.csv
18;20260314_HOME_LAN_BOOSTCLGA_LOADYOUTUBE4K_2.csv
13;20260314_HOME_LAN_BOOSTCLGA_LOADYOUTUBE4K_2.csv
13;20260314_HOME_LAN_BOOSTCLGA_LOADYOUTUBE4K_2.csv
12;20260314_HOME_LAN_BOOSTCLGA_LOADYOUTUBE4K_2.csv
14;20260314_HOME_LAN_BOOSTCLGA_LOADYOUTUBE4K_2.csv
12;20260314_HOME_LAN_BOOSTCLGA_LOADYOUTUBE4K_2.csv
13;20260314_HOME_LAN_BOOSTCLGA_LOADYOUTUBE4K_2.csv
29;20260314_HOME_LAN_BOOSTCLGA_LOADYOUTUBE4K_2.csv
19;20260314_HOME_LAN_BOOSTCLGA_LOADYOUTUBE4K_2.csv
12;20260314_HOME_LAN_BOOSTCLGA_LOADYOUTUBE4K_2.csv
13;20260314_HOME_LAN_BOOSTCLGA_LOADYOUTUBE4K_2.csv
11;20260314_HOME_LAN_BOOSTCLGA_LOADYOUTUBE4K_2.csv
12;20260314_HOME_LAN_BOOSTCLGA_LOADYOUTUBE4K_2.csv
13;20260314_HOME_LAN_BOOSTCLGA_LOADYOUTUBE4K_2.csv
17;20260314_HOME_LAN_BOOSTCLGA_LOADYOUTUBE4K_2.csv
17;20260314_HOME_LAN_BOOSTCLGA_LOADYOUTUBE4K_2.csv
23;20260314_HOME_LAN_BOOSTCLGA_LOADYOUTUBE4K_2.csv
14;20260314_HOME_LAN_BOOSTCLGA_LOADYOUTUBE4K_2.csv
17;20260314_HOME_LAN_BOOSTCLGA_LOADYOUTUBE4K_2.csv
14;20260314_HOME_LAN_BOOSTCLGA_LOADYOUTUBE4K_2.csv
12;20260314_HOME_LAN_BOOSTCLGA_LOADYOUTUBE4K_2.csv
13;20260314_HOME_LAN_BOOSTCLGA_LOADYOUTUBE4K_2.csv
42;20260314_HOME_LAN_BOOSTCLGA_LOADYOUTUBE4K_2.csv
22;20260314_HOME_LAN_BOOSTCLGA_LOADYOUTUBE4K_2.csv
18;20260314_HOME_LAN_BOOSTCLGA_LOADYOUTUBE4K_2.csv
17;20260314_HOME_LAN_BOOSTCLGA_LOADYOUTUBE4K_2.csv
12;20260314_HOME_LAN_BOOSTCLGA_LOADYOUTUBE4K_2.csv
14;20260314_HOME_LAN_BOOSTCLGA_LOADYOUTUBE4K_2.csv
14;20260314_HOME_LAN_BOOSTCLGA_LOADYOUTUBE4K_2.csv
12;20260314_HOME_LAN_BOOSTCLGA_LOADYOUTUBE4K_2.csv
12;20260314_HOME_LAN_BOOSTCLGA_LOADYOUTUBE4K_2.csv
12;20260314_HOME_LAN_BOOSTCLGA_LOADYOUTUBE4K_2.csv
42;20260314_HOME_LAN_BOOSTCLGA_LOADYOUTUBE4K_2.csv
25;20260314_HOME_LAN_BOOSTCLGA_LOADYOUTUBE4K_2.csv
16;20260314_HOME_LAN_BOOSTCLGA_LOADYOUTUBE4K_2.csv
12;20260314_HOME_LAN_BOOSTCLGA_LOADYOUTUBE4K_2.csv
12;20260314_HOME_LAN_BOOSTCLGA_LOADYOUTUBE4K_2.csv
12;20260314_HOME_LAN_BOOSTCLGA_LOADYOUTUBE4K_2.csv
29;20260314_HOME_LAN_BOOSTCLGA_LOADYOUTUBE4K_2.csv
21;20260314_HOME_LAN_BOOSTCLGA_LOADYOUTUBE4K_2.csv
12;20260314_HOME_LAN_BOOSTCLGA_LOADYOUTUBE4K_2.csv
13;20260314_HOME_LAN_BOOSTCLGA_LOADYOUTUBE4K_2.csv
12;20260314_HOME_LAN_BOOSTCLGA_LOADYOUTUBE4K_2.csv
11;20260314_HOME_LAN_BOOSTCLGA_LOADYOUTUBE4K_2.csv
22;20260314_HOME_LAN_BOOSTCLGA_LOADYOUTUBE4K_2.csv
20;20260314_HOME_LAN_BOOSTCLGA_LOADYOUTUBE4K_2.csv
27;20260314_HOME_LAN_BOOSTCLGA_LOADYOUTUBE4K_2.csv
13;20260314_HOME_LAN_BOOSTCLGA_LOADYOUTUBE4K_2.csv
12;20260314_HOME_LAN_BOOSTCLGA_LOADYOUTUBE4K_2.csv
13;20260314_HOME_LAN_BOOSTCLGA_LOADYOUTUBE4K_2.csv
13;20260314_HOME_LAN_BOOSTCLGA_LOADYOUTUBE4K_2.csv
13;20260314_HOME_LAN_BOOSTCLGA_LOADYOUTUBE4K_2.csv
13;20260314_HOME_LAN_BOOSTCLGA_LOADYOUTUBE4K_2.csv
31;20260314_HOME_LAN_BOOSTCLGA_LOADYOUTUBE4K_2.csv
16;20260314_HOME_LAN_BOOSTCLGA_LOADYOUTUBE4K_2.csv
14;20260314_HOME_LAN_BOOSTCLGA_LOADYOUTUBE4K_2.csv
14;20260314_HOME_LAN_BOOSTCLGA_LOADYOUTUBE4K_2.csv
16;20260314_HOME_LAN_BOOSTCLGA_LOADYOUTUBE4K_2.csv
18;20260314_HOME_LAN_BOOSTCLGA_LOADYOUTUBE4K_2.csv
18;20260314_HOME_LAN_BOOSTCLGA_LOADYOUTUBE4K_2.csv
16;20260314_HOME_LAN_BOOSTCLGA_LOADYOUTUBE4K_2.csv
13;20260314_HOME_LAN_BOOSTCLGA_LOADYOUTUBE4K_2.csv
13;20260314_HOME_LAN_BOOSTCLGA_LOADYOUTUBE4K_2.csv
29;20260314_HOME_LAN_BOOSTCLGA_LOADYOUTUBE4K_2.csv
26;20260314_HOME_LAN_BOOSTCLGA_LOADYOUTUBE4K_2.csv
26;20260314_HOME_LAN_BOOSTCLGA_LOADYOUTUBE4K_2.csv
13;20260314_HOME_LAN_BOOSTCLGA_LOADYOUTUBE4K_2.csv
14;20260314_HOME_LAN_BOOSTCLGA_LOADYOUTUBE4K_2.csv
12;20260314_HOME_LAN_BOOSTCLGA_LOADYOUTUBE4K_2.csv
16;20260314_HOME_LAN_BOOSTCLGA_LOADYOUTUBE4K_2.csv
12;20260314_HOME_LAN_BOOSTCLGA_LOADYOUTUBE4K_2.csv
13;20260314_HOME_LAN_BOOSTCLGA_LOADYOUTUBE4K_2.csv
11;20260314_HOME_LAN_BOOSTCLGA_LOADYOUTUBE4K_2.csv
23;20260314_HOME_LAN_BOOSTCLGA_LOADYOUTUBE4K_2.csv
28;20260314_HOME_LAN_BOOSTCLGA_LOADYOUTUBE4K_2.csv
28;20260314_HOME_LAN_BOOSTCLGA_LOADYOUTUBE4K_2.csv
16;20260314_HOME_LAN_BOOSTCLGA_LOADYOUTUBE4K_2.csv
12;20260314_HOME_LAN_BOOSTCLGA_LOADYOUTUBE4K_2.csv
14;20260314_HOME_LAN_BOOSTCLGA_LOADYOUTUBE4K_2.csv
12;20260314_HOME_LAN_BOOSTCLGA_LOADYOUTUBE4K_2.csv
25;20260314_HOME_LAN_BOOSTCLGA_LOADYOUTUBE4K_2.csv
33;20260314_HOME_LAN_BOOSTCLGA_LOADYOUTUBE4K_2.csv
26;20260314_HOME_LAN_BOOSTCLGA_LOADYOUTUBE4K_2.csv
12;20260314_HOME_LAN_BOOSTCLGA_LOADYOUTUBE4K_2.csv
15;20260314_HOME_LAN_BOOSTCLGA_LOADYOUTUBE4K_2.csv
12;20260314_HOME_LAN_BOOSTCLGA_LOADYOUTUBE4K_2.csv
17;20260314_HOME_LAN_BOOSTCLGA_LOADYOUTUBE4K_2.csv
17;20260314_HOME_LAN_BOOSTCLGA_LOADYOUTUBE4K_2.csv
28;20260314_HOME_LAN_BOOSTCLGA_LOADYOUTUBE4K_2.csv
14;20260314_HOME_LAN_BOOSTCLGA_LOADYOUTUBE4K_2.csv
13;20260314_HOME_LAN_BOOSTCLGA_LOADYOUTUBE4K_2.csv
12;20260314_HOME_LAN_BOOSTCLGA_LOADYOUTUBE4K_2.csv
14;20260314_HOME_LAN_BOOSTCLGA_LOADYOUTUBE4K_2.csv
24;20260314_HOME_LAN_BOOSTCLGA_LOADYOUTUBE4K_2.csv
18;20260314_HOME_LAN_BOOSTCLGA_LOADYOUTUBE4K_2.csv
16;20260314_HOME_LAN_BOOSTCLGA_LOADYOUTUBE4K_2.csv
15;20260314_HOME_LAN_BOOSTCLGA_LOADYOUTUBE4K_2.csv
12;20260314_HOME_LAN_BOOSTCLGA_LOADYOUTUBE4K_2.csv
16;20260314_HOME_LAN_BOOSTCLGA_LOADYOUTUBE4K_2.csv
12;20260314_HOME_LAN_BOOSTCLGA_LOADYOUTUBE4K_2.csv
21;20260314_HOME_LAN_BOOSTCLGA_LOADYOUTUBE4K_2.csv
24;20260314_HOME_LAN_BOOSTCLGA_LOADYOUTUBE4K_2.csv
17;20260314_HOME_LAN_BOOSTCLGA_LOADYOUTUBE4K_2.csv
12;20260314_HOME_LAN_BOOSTCLGA_LOADYOUTUBE4K_2.csv
14;20260314_HOME_LAN_BOOSTCLGA_LOADYOUTUBE4K_2.csv
12;20260314_HOME_LAN_BOOSTCLGA_LOADYOUTUBE4K_2.csv
13;20260314_HOME_LAN_BOOSTCLGA_LOADYOUTUBE4K_2.csv
23;20260314_HOME_LAN_BOOSTCLGA_LOADYOUTUBE4K_2.csv
16;20260314_HOME_LAN_BOOSTCLGA_LOADYOUTUBE4K_2.csv
21;20260314_HOME_LAN_BOOSTCLGA_LOADYOUTUBE4K_2.csv
14;20260314_HOME_LAN_BOOSTCLGA_LOADYOUTUBE4K_2.csv
13;20260314_HOME_LAN_BOOSTCLGA_LOADYOUTUBE4K_2.csv
23;20260314_HOME_LAN_BOOSTCLGA_LOADYOUTUBE4K_2.csv
15;20260314_HOME_LAN_BOOSTCLGA_LOADYOUTUBE4K_2.csv
19;20260314_HOME_LAN_BOOSTCLGA_LOADYOUTUBE4K_2.csv
33;20260314_HOME_LAN_BOOSTCLGA_LOADYOUTUBE4K_2.csv
24;20260314_HOME_LAN_BOOSTCLGA_LOADYOUTUBE4K_2.csv
13;20260314_HOME_LAN_BOOSTCLGA_LOADYOUTUBE4K_2.csv
11;20260314_HOME_LAN_BOOSTCLGA_LOADYOUTUBE4K_MAGENTATVMC.csv
13;20260314_HOME_LAN_BOOSTCLGA_LOADYOUTUBE4K_MAGENTATVMC.csv
12;20260314_HOME_LAN_BOOSTCLGA_LOADYOUTUBE4K_MAGENTATVMC.csv
14;20260314_HOME_LAN_BOOSTCLGA_LOADYOUTUBE4K_MAGENTATVMC.csv
12;20260314_HOME_LAN_BOOSTCLGA_LOADYOUTUBE4K_MAGENTATVMC.csv
13;20260314_HOME_LAN_BOOSTCLGA_LOADYOUTUBE4K_MAGENTATVMC.csv
16;20260314_HOME_LAN_BOOSTCLGA_LOADYOUTUBE4K_MAGENTATVMC.csv
11;20260314_HOME_LAN_BOOSTCLGA_LOADYOUTUBE4K_MAGENTATVMC.csv
11;20260314_HOME_LAN_BOOSTCLGA_LOADYOUTUBE4K_MAGENTATVMC.csv
13;20260314_HOME_LAN_BOOSTCLGA_LOADYOUTUBE4K_MAGENTATVMC.csv
13;20260314_HOME_LAN_BOOSTCLGA_LOADYOUTUBE4K_MAGENTATVMC.csv
12;20260314_HOME_LAN_BOOSTCLGA_LOADYOUTUBE4K_MAGENTATVMC.csv
13;20260314_HOME_LAN_BOOSTCLGA_LOADYOUTUBE4K_MAGENTATVMC.csv
11;20260314_HOME_LAN_BOOSTCLGA_LOADYOUTUBE4K_MAGENTATVMC.csv
14;20260314_HOME_LAN_BOOSTCLGA_LOADYOUTUBE4K_MAGENTATVMC.csv
14;20260314_HOME_LAN_BOOSTCLGA_LOADYOUTUBE4K_MAGENTATVMC.csv
13;20260314_HOME_LAN_BOOSTCLGA_LOADYOUTUBE4K_MAGENTATVMC.csv
17;20260314_HOME_LAN_BOOSTCLGA_LOADYOUTUBE4K_MAGENTATVMC.csv
16;20260314_HOME_LAN_BOOSTCLGA_LOADYOUTUBE4K_MAGENTATVMC.csv
16;20260314_HOME_LAN_BOOSTCLGA_LOADYOUTUBE4K_MAGENTATVMC.csv
12;20260314_HOME_LAN_BOOSTCLGA_LOADYOUTUBE4K_MAGENTATVMC.csv
13;20260314_HOME_LAN_BOOSTCLGA_LOADYOUTUBE4K_MAGENTATVMC.csv
12;20260314_HOME_LAN_BOOSTCLGA_LOADYOUTUBE4K_MAGENTATVMC.csv
12;20260314_HOME_LAN_BOOSTCLGA_LOADYOUTUBE4K_MAGENTATVMC.csv
13;20260314_HOME_LAN_BOOSTCLGA_LOADYOUTUBE4K_MAGENTATVMC.csv
12;20260314_HOME_LAN_BOOSTCLGA_LOADYOUTUBE4K_MAGENTATVMC.csv
14;20260314_HOME_LAN_BOOSTCLGA_LOADYOUTUBE4K_MAGENTATVMC.csv
12;20260314_HOME_LAN_BOOSTCLGA_LOADYOUTUBE4K_MAGENTATVMC.csv
14;20260314_HOME_LAN_BOOSTCLGA_LOADYOUTUBE4K_MAGENTATVMC.csv
14;20260314_HOME_LAN_BOOSTCLGA_LOADYOUTUBE4K_MAGENTATVMC.csv
48;20260314_HOME_LAN_BOOSTCLGA_LOADYOUTUBE4K_MAGENTATVMC.csv
17;20260314_HOME_LAN_BOOSTCLGA_LOADYOUTUBE4K_MAGENTATVMC.csv
45;20260314_HOME_LAN_BOOSTCLGA_LOADYOUTUBE4K_MAGENTATVMC.csv
26;20260314_HOME_LAN_BOOSTCLGA_LOADYOUTUBE4K_MAGENTATVMC.csv
14;20260314_HOME_LAN_BOOSTCLGA_LOADYOUTUBE4K_MAGENTATVMC.csv
12;20260314_HOME_LAN_BOOSTCLGA_LOADYOUTUBE4K_MAGENTATVMC.csv
12;20260314_HOME_LAN_BOOSTCLGA_LOADYOUTUBE4K_MAGENTATVMC.csv
12;20260314_HOME_LAN_BOOSTCLGA_LOADYOUTUBE4K_MAGENTATVMC.csv
11;20260314_HOME_LAN_BOOSTCLGA_LOADYOUTUBE4K_MAGENTATVMC.csv
12;20260314_HOME_LAN_BOOSTCLGA_LOADYOUTUBE4K_MAGENTATVMC.csv
35;20260314_HOME_LAN_BOOSTCLGA_LOADYOUTUBE4K_MAGENTATVMC.csv
27;20260314_HOME_LAN_BOOSTCLGA_LOADYOUTUBE4K_MAGENTATVMC.csv
42;20260314_HOME_LAN_BOOSTCLGA_LOADYOUTUBE4K_MAGENTATVMC.csv
30;20260314_HOME_LAN_BOOSTCLGA_LOADYOUTUBE4K_MAGENTATVMC.csv
15;20260314_HOME_LAN_BOOSTCLGA_LOADYOUTUBE4K_MAGENTATVMC.csv
12;20260314_HOME_LAN_BOOSTCLGA_LOADYOUTUBE4K_MAGENTATVMC.csv
12;20260314_HOME_LAN_BOOSTCLGA_LOADYOUTUBE4K_MAGENTATVMC.csv
19;20260314_HOME_LAN_BOOSTCLGA_LOADYOUTUBE4K_MAGENTATVMC.csv
19;20260314_HOME_LAN_BOOSTCLGA_LOADYOUTUBE4K_MAGENTATVMC.csv
35;20260314_HOME_LAN_BOOSTCLGA_LOADYOUTUBE4K_MAGENTATVMC.csv
14;20260314_HOME_LAN_BOOSTCLGA_LOADYOUTUBE4K_MAGENTATVMC.csv
14;20260314_HOME_LAN_BOOSTCLGA_LOADYOUTUBE4K_MAGENTATVMC.csv
12;20260314_HOME_LAN_BOOSTCLGA_LOADYOUTUBE4K_MAGENTATVMC.csv
12;20260314_HOME_LAN_BOOSTCLGA_LOADYOUTUBE4K_MAGENTATVMC.csv
12;20260314_HOME_LAN_BOOSTCLGA_LOADYOUTUBE4K_MAGENTATVMC.csv
41;20260314_HOME_LAN_BOOSTCLGA_LOADYOUTUBE4K_MAGENTATVMC.csv
25;20260314_HOME_LAN_BOOSTCLGA_LOADYOUTUBE4K_MAGENTATVMC.csv
34;20260314_HOME_LAN_BOOSTCLGA_LOADYOUTUBE4K_MAGENTATVMC.csv
18;20260314_HOME_LAN_BOOSTCLGA_LOADYOUTUBE4K_MAGENTATVMC.csv
12;20260314_HOME_LAN_BOOSTCLGA_LOADYOUTUBE4K_MAGENTATVMC.csv
12;20260314_HOME_LAN_BOOSTCLGA_LOADYOUTUBE4K_MAGENTATVMC.csv
12;20260314_HOME_LAN_BOOSTCLGA_LOADYOUTUBE4K_MAGENTATVMC.csv
13;20260314_HOME_LAN_BOOSTCLGA_LOADYOUTUBE4K_MAGENTATVMC.csv
13;20260314_HOME_LAN_BOOSTCLGA_LOADYOUTUBE4K_MAGENTATVMC.csv
35;20260314_HOME_LAN_BOOSTCLGA_LOADYOUTUBE4K_MAGENTATVMC.csv
24;20260314_HOME_LAN_BOOSTCLGA_LOADYOUTUBE4K_MAGENTATVMC.csv
18;20260314_HOME_LAN_BOOSTCLGA_LOADYOUTUBE4K_MAGENTATVMC.csv
21;20260314_HOME_LAN_BOOSTCLGA_LOADYOUTUBE4K_MAGENTATVMC.csv
18;20260314_HOME_LAN_BOOSTCLGA_LOADYOUTUBE4K_MAGENTATVMC.csv
12;20260314_HOME_LAN_BOOSTCLGA_LOADYOUTUBE4K_MAGENTATVMC.csv
14;20260314_HOME_LAN_BOOSTCLGA_LOADYOUTUBE4K_MAGENTATVMC.csv
12;20260314_HOME_LAN_BOOSTCLGA_LOADYOUTUBE4K_MAGENTATVMC.csv
12;20260314_HOME_LAN_BOOSTCLGA_LOADYOUTUBE4K_MAGENTATVMC.csv
35;20260314_HOME_LAN_BOOSTCLGA_LOADYOUTUBE4K_MAGENTATVMC.csv
23;20260314_HOME_LAN_BOOSTCLGA_LOADYOUTUBE4K_MAGENTATVMC.csv
13;20260314_HOME_LAN_BOOSTCLGA_LOADYOUTUBE4K_MAGENTATVMC.csv
13;20260314_HOME_LAN_BOOSTCLGA_LOADYOUTUBE4K_MAGENTATVMC.csv
12;20260314_HOME_LAN_BOOSTCLGA_LOADYOUTUBE4K_MAGENTATVMC.csv
13;20260314_HOME_LAN_BOOSTCLGA_LOADYOUTUBE4K_MAGENTATVMC.csv
11;20260314_HOME_LAN_BOOSTCLGA_LOADYOUTUBE4K_MAGENTATVMC.csv
12;20260314_HOME_LAN_BOOSTCLGA_LOADYOUTUBE4K_MAGENTATVMC.csv
21;20260314_HOME_LAN_BOOSTCLGA_LOADYOUTUBE4K_MAGENTATVMC.csv
34;20260314_HOME_LAN_BOOSTCLGA_LOADYOUTUBE4K_MAGENTATVMC.csv
15;20260314_HOME_LAN_BOOSTCLGA_LOADYOUTUBE4K_MAGENTATVMC.csv
13;20260314_HOME_LAN_BOOSTCLGA_LOADYOUTUBE4K_MAGENTATVMC.csv
11;20260314_HOME_LAN_BOOSTCLGA_LOADYOUTUBE4K_MAGENTATVMC.csv
12;20260314_HOME_LAN_BOOSTCLGA_LOADYOUTUBE4K_MAGENTATVMC.csv
11;20260314_HOME_LAN_BOOSTCLGA_LOADYOUTUBE4K_MAGENTATVMC.csv
12;20260314_HOME_LAN_BOOSTCLGA_LOADYOUTUBE4K_MAGENTATVMC.csv
26;20260314_HOME_LAN_BOOSTCLGA_LOADYOUTUBE4K_MAGENTATVMC.csv
35;20260314_HOME_LAN_BOOSTCLGA_LOADYOUTUBE4K_MAGENTATVMC.csv
35;20260314_HOME_LAN_BOOSTCLGA_LOADYOUTUBE4K_MAGENTATVMC.csv
39;20260314_HOME_LAN_BOOSTCLGA_LOADYOUTUBE4K_MAGENTATVMC.csv
13;20260314_HOME_LAN_BOOSTCLGA_LOADYOUTUBE4K_MAGENTATVMC.csv
12;20260314_HOME_LAN_BOOSTCLGA_LOADYOUTUBE4K_MAGENTATVMC.csv
18;20260314_HOME_LAN_BOOSTCLGA_LOADYOUTUBE4K_MAGENTATVMC.csv
17;20260314_HOME_LAN_BOOSTCLGA_LOADYOUTUBE4K_MAGENTATVMC.csv
15;20260314_HOME_LAN_BOOSTCLGA_LOADYOUTUBE4K_MAGENTATVMC.csv
35;20260314_HOME_LAN_BOOSTCLGA_LOADYOUTUBE4K_MAGENTATVMC.csv
32;20260314_HOME_LAN_BOOSTCLGA_LOADYOUTUBE4K_MAGENTATVMC.csv
28;20260314_HOME_LAN_BOOSTCLGA_LOADYOUTUBE4K_MAGENTATVMC.csv
16;20260314_HOME_LAN_BOOSTCLGA_LOADYOUTUBE4K_MAGENTATVMC.csv
12;20260314_HOME_LAN_BOOSTCLGA_LOADYOUTUBE4K_MAGENTATVMC.csv
15;20260314_HOME_LAN_BOOSTCLGA_LOADYOUTUBE4K_MAGENTATVMC.csv
39;20260314_HOME_LAN_BOOSTCLGA_LOADYOUTUBE4K_MAGENTATVMC.csv
27;20260314_HOME_LAN_BOOSTCLGA_LOADYOUTUBE4K_MAGENTATVMC.csv
25;20260314_HOME_LAN_BOOSTCLGA_LOADYOUTUBE4K_MAGENTATVMC.csv
16;20260314_HOME_LAN_BOOSTCLGA_LOADYOUTUBE4K_MAGENTATVMC.csv
17;20260314_HOME_LAN_BOOSTCLGA_LOADYOUTUBE4K_MAGENTATVMC.csv
12;20260314_HOME_LAN_BOOSTCLGA_LOADYOUTUBE4K_MAGENTATVMC.csv
12;20260314_HOME_LAN_BOOSTCLGA_LOADYOUTUBE4K_MAGENTATVMC.csv
16;20260314_HOME_LAN_BOOSTCLGA_LOADYOUTUBE4K_MAGENTATVMC.csv
13;20260314_HOME_LAN_BOOSTCLGA_LOADYOUTUBE4K_MAGENTATVMC.csv
29;20260314_HOME_LAN_BOOSTCLGA_LOADYOUTUBE4K_MAGENTATVMC.csv
13;20260314_HOME_LAN_BOOSTCLGA_LOADYOUTUBE4K_MAGENTATVMC.csv
13;20260314_HOME_LAN_BOOSTCLGA_LOADYOUTUBE4K_MAGENTATVMC.csv
12;20260314_HOME_LAN_BOOSTCLGA_LOADYOUTUBE4K_MAGENTATVMC.csv
15;20260314_HOME_LAN_BOOSTCLGA_LOADYOUTUBE4K_MAGENTATVMC.csv
32;20260314_HOME_LAN_BOOSTCLGA_LOADYOUTUBE4K_MAGENTATVMC.csv
31;20260314_HOME_LAN_BOOSTCLGA_LOADYOUTUBE4K_MAGENTATVMC.csv
13;20260314_HOME_LAN_BOOSTCLGA_LOADYOUTUBE4K_MAGENTATVMC.csv
14;20260314_HOME_LAN_BOOSTCLGA_LOADYOUTUBE4K_MAGENTATVMC.csv
12;20260314_HOME_LAN_BOOSTCLGA_LOADYOUTUBE4K_MAGENTATVMC.csv
12;20260314_HOME_LAN_BOOSTCLGA_LOADYOUTUBE4K_MAGENTATVMC.csv
12;20260314_HOME_LAN_BOOSTCLGA_LOADYOUTUBE4K_MAGENTATVMC.csv
20;20260314_HOME_LAN_BOOSTCLGA_LOADYOUTUBE4K_MAGENTATVMC.csv
27;20260314_HOME_LAN_BOOSTCLGA_LOADYOUTUBE4K_MAGENTATVMC.csv
27;20260314_HOME_LAN_BOOSTCLGA_LOADYOUTUBE4K_MAGENTATVMC.csv
17;20260314_HOME_LAN_BOOSTCLGA_LOADYOUTUBE4K_MAGENTATVMC.csv
14;20260314_HOME_LAN_BOOSTCLGA_LOADYOUTUBE4K_MAGENTATVMC.csv
12;20260314_HOME_LAN_BOOSTCLGA_LOADYOUTUBE4K_MAGENTATVMC.csv
15;20260314_HOME_LAN_BOOSTCLGA_LOADYOUTUBE4K_MAGENTATVMC.csv
12;20260314_HOME_LAN_BOOSTCLGA_LOADYOUTUBE4K_MAGENTATVMC.csv
13;20260314_HOME_LAN_BOOSTCLGA_LOADYOUTUBE4K_MAGENTATVMC.csv
23;20260314_HOME_LAN_BOOSTCLGA_LOADYOUTUBE4K_MAGENTATVMC.csv
29;20260314_HOME_LAN_BOOSTCLGA_LOADYOUTUBE4K_MAGENTATVMC.csv
20;20260314_HOME_LAN_BOOSTCLGA_LOADYOUTUBE4K_MAGENTATVMC.csv
38;20260314_HOME_LAN_BOOSTCLGA_LOADYOUTUBE4K_MAGENTATVMC.csv
14;20260314_HOME_LAN_BOOSTCLGA_LOADYOUTUBE4K_MAGENTATVMC.csv
14;20260314_HOME_LAN_BOOSTCLGA_LOADYOUTUBE4K_MAGENTATVMC.csv
12;20260314_HOME_LAN_BOOSTCLGA_LOADYOUTUBE4K_MAGENTATVMC.csv
15;20260314_HOME_LAN_BOOSTCLGA_LOADYOUTUBE4K_MAGENTATVMC.csv
13;20260314_HOME_LAN_BOOSTCLGA_LOADYOUTUBE4K_MAGENTATVMC.csv
21;20260314_HOME_LAN_BOOSTCLGA_LOADYOUTUBE4K_MAGENTATVMC.csv
21;20260314_HOME_LAN_BOOSTCLGA_LOADYOUTUBE4K_MAGENTATVMC.csv
17;20260314_HOME_LAN_BOOSTCLGA_LOADYOUTUBE4K_MAGENTATVMC.csv
12;20260314_HOME_LAN_BOOSTCLGA_LOADYOUTUBE4K_MAGENTATVMC.csv
13;20260314_HOME_LAN_BOOSTCLGA_LOADYOUTUBE4K_MAGENTATVMC.csv
12;20260314_HOME_LAN_BOOSTCLGA_LOADYOUTUBE4K_MAGENTATVMC.csv
15;20260314_HOME_LAN_BOOSTCLGA_LOADYOUTUBE4K_MAGENTATVMC.csv
32;20260314_HOME_LAN_BOOSTCLGA_LOADYOUTUBE4K_MAGENTATVMC.csv
18;20260314_HOME_LAN_BOOSTCLGA_LOADYOUTUBE4K_MAGENTATVMC.csv
12;20260314_HOME_LAN_BOOSTCLGA_LOADYOUTUBE4K_MAGENTATVMC.csv
14;20260314_HOME_LAN_BOOSTCLGA_LOADYOUTUBE4K_MAGENTATVMC.csv
12;20260314_HOME_LAN_BOOSTCLGA_LOADYOUTUBE4K_MAGENTATVMC.csv
13;20260314_HOME_LAN_BOOSTCLGA_LOADYOUTUBE4K_MAGENTATVMC.csv
12;20260314_HOME_LAN_BOOSTCLGA_LOADYOUTUBE4K_MAGENTATVMC.csv
14;20260314_HOME_LAN_BOOSTCLGA_LOADYOUTUBE4K_MAGENTATVMC.csv
48;20260314_HOME_LAN_BOOSTCLGA_LOADYOUTUBE4K_MAGENTATVMC.csv
17;20260314_HOME_LAN_BOOSTCLGA_LOADYOUTUBE4K_MAGENTATVMC.csv
39;20260314_HOME_LAN_BOOSTCLGA_LOADYOUTUBE4K_MAGENTATVMC.csv
41;20260314_HOME_LAN_BOOSTCLGA_LOADYOUTUBE4K_MAGENTATVMC.csv
20;20260314_HOME_LAN_BOOSTCLGA_LOADYOUTUBE4K_MAGENTATVMC.csv
12;20260314_HOME_LAN_BOOSTCLGA_LOADYOUTUBE4K_MAGENTATVMC.csv
18;20260314_HOME_LAN_BOOSTCLGA_LOADYOUTUBE4K_MAGENTATVMC.csv
12;20260314_HOME_LAN_BOOSTCLGA_LOADYOUTUBE4K_MAGENTATVMC.csv
15;20260314_HOME_LAN_BOOSTCLGA_LOADYOUTUBE4K_MAGENTATVMC.csv
12;20260314_HOME_LAN_BOOSTCLGA_LOADYOUTUBE4K_MAGENTATVMC.csv
18;20260314_HOME_LAN_BOOSTCLGA_LOADYOUTUBE4K_MAGENTATVMC.csv
45;20260314_HOME_LAN_BOOSTCLGA_LOADYOUTUBE4K_MAGENTATVMC.csv
29;20260314_HOME_LAN_BOOSTCLGA_LOADYOUTUBE4K_MAGENTATVMC.csv
14;20260314_HOME_LAN_BOOSTCLGA_LOADYOUTUBE4K_MAGENTATVMC.csv
27;20260314_HOME_LAN_BOOSTCLGA_LOADYOUTUBE4K_MAGENTATVMC.csv
18;20260314_HOME_LAN_BOOSTCLGA_LOADYOUTUBE4K_MAGENTATVMC.csv
16;20260314_HOME_LAN_BOOSTCLGA_LOADYOUTUBE4K_MAGENTATVMC.csv
12;20260314_HOME_LAN_BOOSTCLGA_LOADYOUTUBE4K_MAGENTATVMC.csv
17;20260314_HOME_LAN_BOOSTCLGA_LOADYOUTUBE4K_MAGENTATVMC.csv
21;20260314_HOME_LAN_BOOSTCLGA_LOADYOUTUBE4K_MAGENTATVMC.csv
16;20260314_HOME_LAN_BOOSTCLGA_LOADYOUTUBE4K_MAGENTATVMC.csv
39;20260314_HOME_LAN_BOOSTCLGA_LOADYOUTUBE4K_MAGENTATVMC.csv
18;20260314_HOME_LAN_BOOSTCLGA_LOADYOUTUBE4K_MAGENTATVMC.csv
28;20260314_HOME_LAN_BOOSTCLGA_LOADYOUTUBE4K_MAGENTATVMC.csv
18;20260314_HOME_LAN_BOOSTCLGA_LOADYOUTUBE4K_MAGENTATVMC.csv
12;20260314_HOME_LAN_BOOSTCLGA_LOADYOUTUBE4K_MAGENTATVMC.csv
17;20260314_HOME_LAN_BOOSTCLGA_LOADYOUTUBE4K_MAGENTATVMC.csv
12;20260314_HOME_LAN_BOOSTCLGA_LOADYOUTUBE4K_MAGENTATVMC.csv
13;20260314_HOME_LAN_BOOSTCLGA_LOADYOUTUBE4K_MAGENTATVMC.csv
17;20260314_HOME_LAN_BOOSTCLGA_LOADYOUTUBE4K_MAGENTATVMC.csv
12;20260314_HOME_LAN_BOOSTCLGA_LOADYOUTUBE4K_MAGENTATVMC.csv
11;20260314_HOME_LAN_BOOSTCLGA_LOADYOUTUBE4K_MAGENTATVMC.csv
44;20260314_HOME_LAN_BOOSTCLGA_LOADYOUTUBE4K_MAGENTATVMC.csv
18;20260314_HOME_LAN_BOOSTCLGA_LOADYOUTUBE4K_MAGENTATVMC.csv
23;20260314_HOME_LAN_BOOSTCLGA_LOADYOUTUBE4K_MAGENTATVMC.csv
15;20260314_HOME_LAN_BOOSTCLGA_LOADYOUTUBE4K_MAGENTATVMC.csv
13;20260314_HOME_LAN_BOOSTCLGA_LOADYOUTUBE4K_MAGENTATVMC.csv
12;20260314_HOME_LAN_BOOSTCLGA_LOADYOUTUBE4K_MAGENTATVMC.csv
13;20260314_HOME_LAN_BOOSTCLGA_LOADYOUTUBE4K_MAGENTATVMC.csv
13;20260314_HOME_LAN_BOOSTCLGA_LOADYOUTUBE4K_MAGENTATVMC.csv
24;20260314_HOME_LAN_BOOSTCLGA_LOADYOUTUBE4K_MAGENTATVMC.csv
15;20260314_HOME_LAN_BOOSTCLGA_LOADYOUTUBE4K_MAGENTATVMC.csv
13;20260314_HOME_WLAN_BOOSTCLGA_LOADNO.csv
16;20260314_HOME_WLAN_BOOSTCLGA_LOADNO.csv
13;20260314_HOME_WLAN_BOOSTCLGA_LOADNO.csv
13;20260314_HOME_WLAN_BOOSTCLGA_LOADNO.csv
18;20260314_HOME_WLAN_BOOSTCLGA_LOADNO.csv
13;20260314_HOME_WLAN_BOOSTCLGA_LOADNO.csv
15;20260314_HOME_WLAN_BOOSTCLGA_LOADNO.csv
16;20260314_HOME_WLAN_BOOSTCLGA_LOADNO.csv
17;20260314_HOME_WLAN_BOOSTCLGA_LOADNO.csv
13;20260314_HOME_WLAN_BOOSTCLGA_LOADNO.csv
12;20260314_HOME_WLAN_BOOSTCLGA_LOADNO.csv
14;20260314_HOME_WLAN_BOOSTCLGA_LOADNO.csv
13;20260314_HOME_WLAN_BOOSTCLGA_LOADNO.csv
16;20260314_HOME_WLAN_BOOSTCLGA_LOADNO.csv
13;20260314_HOME_WLAN_BOOSTCLGA_LOADNO.csv
18;20260314_HOME_WLAN_BOOSTCLGA_LOADNO.csv
15;20260314_HOME_WLAN_BOOSTCLGA_LOADNO.csv
16;20260314_HOME_WLAN_BOOSTCLGA_LOADNO.csv
14;20260314_HOME_WLAN_BOOSTCLGA_LOADNO.csv
14;20260314_HOME_WLAN_BOOSTCLGA_LOADNO.csv
18;20260314_HOME_WLAN_BOOSTCLGA_LOADNO.csv
13;20260314_HOME_WLAN_BOOSTCLGA_LOADNO.csv
13;20260314_HOME_WLAN_BOOSTCLGA_LOADNO.csv
17;20260314_HOME_WLAN_BOOSTCLGA_LOADNO.csv
13;20260314_HOME_WLAN_BOOSTCLGA_LOADNO.csv
15;20260314_HOME_WLAN_BOOSTCLGA_LOADNO.csv
13;20260314_HOME_WLAN_BOOSTCLGA_LOADNO.csv
13;20260314_HOME_WLAN_BOOSTCLGA_LOADNO.csv
17;20260314_HOME_WLAN_BOOSTCLGA_LOADNO.csv
13;20260314_HOME_WLAN_BOOSTCLGA_LOADNO.csv
15;20260314_HOME_WLAN_BOOSTCLGA_LOADNO.csv
16;20260314_HOME_WLAN_BOOSTCLGA_LOADNO.csv
13;20260314_HOME_WLAN_BOOSTCLGA_LOADNO.csv
15;20260314_HOME_WLAN_BOOSTCLGA_LOADNO.csv
16;20260314_HOME_WLAN_BOOSTCLGA_LOADNO.csv
14;20260314_HOME_WLAN_BOOSTCLGA_LOADNO.csv
13;20260314_HOME_WLAN_BOOSTCLGA_LOADNO.csv
15;20260314_HOME_WLAN_BOOSTCLGA_LOADNO.csv
14;20260314_HOME_WLAN_BOOSTCLGA_LOADNO.csv
15;20260314_HOME_WLAN_BOOSTCLGA_LOADNO.csv
14;20260314_HOME_WLAN_BOOSTCLGA_LOADNO.csv
15;20260314_HOME_WLAN_BOOSTCLGA_LOADNO.csv
13;20260314_HOME_WLAN_BOOSTCLGA_LOADNO.csv
15;20260314_HOME_WLAN_BOOSTCLGA_LOADNO.csv
13;20260314_HOME_WLAN_BOOSTCLGA_LOADNO.csv
15;20260314_HOME_WLAN_BOOSTCLGA_LOADNO.csv
13;20260314_HOME_WLAN_BOOSTCLGA_LOADNO.csv
16;20260314_HOME_WLAN_BOOSTCLGA_LOADNO.csv
14;20260314_HOME_WLAN_BOOSTCLGA_LOADNO.csv
14;20260314_HOME_WLAN_BOOSTCLGA_LOADNO.csv
14;20260314_HOME_WLAN_BOOSTCLGA_LOADNO.csv
15;20260314_HOME_WLAN_BOOSTCLGA_LOADNO.csv
14;20260314_HOME_WLAN_BOOSTCLGA_LOADNO.csv
15;20260314_HOME_WLAN_BOOSTCLGA_LOADNO.csv
13;20260314_HOME_WLAN_BOOSTCLGA_LOADNO.csv
14;20260314_HOME_WLAN_BOOSTCLGA_LOADNO.csv
14;20260314_HOME_WLAN_BOOSTCLGA_LOADNO.csv
15;20260314_HOME_WLAN_BOOSTCLGA_LOADNO.csv
14;20260314_HOME_WLAN_BOOSTCLGA_LOADNO.csv
16;20260314_HOME_WLAN_BOOSTCLGA_LOADNO.csv
15;20260314_HOME_WLAN_BOOSTCLGA_LOADNO.csv
14;20260314_HOME_WLAN_BOOSTCLGA_LOADNO.csv
13;20260314_HOME_WLAN_BOOSTCLGA_LOADNO.csv
17;20260314_HOME_WLAN_BOOSTCLGA_LOADNO.csv
14;20260314_HOME_WLAN_BOOSTCLGA_LOADNO.csv
14;20260314_HOME_WLAN_BOOSTCLGA_LOADNO.csv
13;20260314_HOME_WLAN_BOOSTCLGA_LOADNO.csv
15;20260314_HOME_WLAN_BOOSTCLGA_LOADNO.csv
15;20260314_HOME_WLAN_BOOSTCLGA_LOADNO.csv
14;20260314_HOME_WLAN_BOOSTCLGA_LOADNO.csv
13;20260314_HOME_WLAN_BOOSTCLGA_LOADNO.csv
16;20260314_HOME_WLAN_BOOSTCLGA_LOADNO.csv
13;20260314_HOME_WLAN_BOOSTCLGA_LOADNO.csv
13;20260314_HOME_WLAN_BOOSTCLGA_LOADNO.csv
13;20260314_HOME_WLAN_BOOSTCLGA_LOADNO.csv
15;20260314_HOME_WLAN_BOOSTCLGA_LOADNO.csv
15;20260314_HOME_WLAN_BOOSTCLGA_LOADNO.csv
13;20260314_HOME_WLAN_BOOSTCLGA_LOADNO.csv
13;20260314_HOME_WLAN_BOOSTCLGA_LOADNO.csv
14;20260314_HOME_WLAN_BOOSTCLGA_LOADNO.csv
13;20260314_HOME_WLAN_BOOSTCLGA_LOADNO.csv
16;20260314_HOME_WLAN_BOOSTCLGA_LOADNO.csv
15;20260314_HOME_WLAN_BOOSTCLGA_LOADNO.csv
13;20260314_HOME_WLAN_BOOSTCLGA_LOADNO.csv
14;20260314_HOME_WLAN_BOOSTCLGA_LOADNO.csv
15;20260314_HOME_WLAN_BOOSTCLGA_LOADNO.csv
16;20260314_HOME_WLAN_BOOSTCLGA_LOADNO.csv
14;20260314_HOME_WLAN_BOOSTCLGA_LOADNO.csv
14;20260314_HOME_WLAN_BOOSTCLGA_LOADNO.csv
15;20260314_HOME_WLAN_BOOSTCLGA_LOADNO.csv
13;20260314_HOME_WLAN_BOOSTCLGA_LOADNO.csv
15;20260314_HOME_WLAN_BOOSTCLGA_LOADNO.csv
14;20260314_HOME_WLAN_BOOSTCLGA_LOADNO.csv
14;20260314_HOME_WLAN_BOOSTCLGA_LOADNO.csv
16;20260314_HOME_WLAN_BOOSTCLGA_LOADNO.csv
13;20260314_HOME_WLAN_BOOSTCLGA_LOADNO.csv
14;20260314_HOME_WLAN_BOOSTCLGA_LOADNO.csv
14;20260314_HOME_WLAN_BOOSTCLGA_LOADNO.csv
14;20260314_HOME_WLAN_BOOSTCLGA_LOADNO.csv
13;20260314_HOME_WLAN_BOOSTCLGA_LOADNO.csv
14;20260314_HOME_WLAN_BOOSTCLGA_LOADNO.csv
13;20260314_HOME_WLAN_BOOSTCLGA_LOADNO.csv
14;20260314_HOME_WLAN_BOOSTCLGA_LOADNO.csv
13;20260314_HOME_WLAN_BOOSTCLGA_LOADNO.csv
15;20260314_HOME_WLAN_BOOSTCLGA_LOADNO.csv
13;20260314_HOME_WLAN_BOOSTCLGA_LOADNO.csv
15;20260314_HOME_WLAN_BOOSTCLGA_LOADNO.csv
14;20260314_HOME_WLAN_BOOSTCLGA_LOADNO.csv
15;20260314_HOME_WLAN_BOOSTCLGA_LOADNO.csv
13;20260314_HOME_WLAN_BOOSTCLGA_LOADNO.csv
14;20260314_HOME_WLAN_BOOSTCLGA_LOADNO.csv
14;20260314_HOME_WLAN_BOOSTCLGA_LOADNO.csv
13;20260314_HOME_WLAN_BOOSTCLGA_LOADNO.csv
17;20260314_HOME_WLAN_BOOSTCLGA_LOADNO.csv
14;20260314_HOME_WLAN_BOOSTCLGA_LOADNO.csv
13;20260314_HOME_WLAN_BOOSTCLGA_LOADNO.csv
14;20260314_HOME_WLAN_BOOSTCLGA_LOADNO.csv
13;20260314_HOME_WLAN_BOOSTCLGA_LOADNO.csv
15;20260314_HOME_WLAN_BOOSTCLGA_LOADNO.csv
13;20260314_HOME_WLAN_BOOSTCLGA_LOADNO.csv
15;20260314_HOME_WLAN_BOOSTCLGA_LOADNO.csv
14;20260314_HOME_WLAN_BOOSTCLGA_LOADNO.csv
13;20260314_HOME_WLAN_BOOSTCLGA_LOADNO.csv
13;20260314_HOME_WLAN_BOOSTCLGA_LOADNO.csv
13;20260314_HOME_WLAN_BOOSTCLGA_LOADNO.csv
19;20260314_HOME_WLAN_BOOSTCLGA_LOADNO.csv
15;20260314_HOME_WLAN_BOOSTCLGA_LOADNO.csv
14;20260314_HOME_WLAN_BOOSTCLGA_LOADNO.csv
13;20260314_HOME_WLAN_BOOSTCLGA_LOADNO.csv
13;20260314_HOME_WLAN_BOOSTCLGA_LOADNO.csv
14;20260314_HOME_WLAN_BOOSTCLGA_LOADNO.csv
13;20260314_HOME_WLAN_BOOSTCLGA_LOADNO.csv
13;20260314_HOME_WLAN_BOOSTCLGA_LOADNO.csv
13;20260314_HOME_WLAN_BOOSTCLGA_LOADNO.csv
14;20260314_HOME_WLAN_BOOSTCLGA_LOADNO.csv
13;20260314_HOME_WLAN_BOOSTCLGA_LOADNO.csv
13;20260314_HOME_WLAN_BOOSTCLGA_LOADNO.csv
14;20260314_HOME_WLAN_BOOSTCLGA_LOADNO.csv
13;20260314_HOME_WLAN_BOOSTCLGA_LOADNO.csv
13;20260314_HOME_WLAN_BOOSTCLGA_LOADNO.csv
13;20260314_HOME_WLAN_BOOSTCLGA_LOADNO.csv
14;20260314_HOME_WLAN_BOOSTCLGA_LOADNO.csv
13;20260314_HOME_WLAN_BOOSTCLGA_LOADNO.csv
13;20260314_HOME_WLAN_BOOSTCLGA_LOADNO.csv
13;20260314_HOME_WLAN_BOOSTCLGA_LOADNO.csv
13;20260314_HOME_WLAN_BOOSTCLGA_LOADNO.csv
13;20260314_HOME_WLAN_BOOSTCLGA_LOADNO.csv
14;20260314_HOME_WLAN_BOOSTCLGA_LOADNO.csv
14;20260314_HOME_WLAN_BOOSTCLGA_LOADNO.csv
14;20260314_HOME_WLAN_BOOSTCLGA_LOADNO.csv
22;20260314_HOME_WLAN_BOOSTCLGA_LOADNO.csv
14;20260314_HOME_WLAN_BOOSTCLGA_LOADNO.csv
18;20260314_HOME_WLAN_BOOSTCLGA_LOADNO.csv
18;20260314_HOME_WLAN_BOOSTCLGA_LOADNO.csv
14;20260314_HOME_WLAN_BOOSTCLGA_LOADNO.csv
19;20260314_HOME_WLAN_BOOSTCLGA_LOADNO.csv
15;20260314_HOME_WLAN_BOOSTCLGA_LOADNO.csv
14;20260314_HOME_WLAN_BOOSTCLGA_LOADNO.csv
18;20260314_HOME_WLAN_BOOSTCLGA_LOADNO.csv
14;20260314_HOME_WLAN_BOOSTCLGA_LOADNO.csv
21;20260314_HOME_WLAN_BOOSTCLGA_LOADNO.csv
18;20260314_HOME_WLAN_BOOSTCLGA_LOADNO.csv
14;20260314_HOME_WLAN_BOOSTCLGA_LOADNO.csv
14;20260314_HOME_WLAN_BOOSTCLGA_LOADNO.csv
22;20260314_HOME_WLAN_BOOSTCLGA_LOADNO.csv
15;20260314_HOME_WLAN_BOOSTCLGA_LOADNO.csv
17;20260314_HOME_WLAN_BOOSTCLGA_LOADNO.csv
14;20260314_HOME_WLAN_BOOSTCLGA_LOADNO.csv
19;20260314_HOME_WLAN_BOOSTCLGA_LOADNO.csv
15;20260314_HOME_WLAN_BOOSTCLGA_LOADNO.csv
16;20260314_HOME_WLAN_BOOSTCLGA_LOADNO.csv
14;20260314_HOME_WLAN_BOOSTCLGA_LOADNO.csv
18;20260314_HOME_WLAN_BOOSTCLGA_LOADNO.csv
13;20260314_HOME_WLAN_BOOSTCLGA_LOADNO.csv
15;20260314_HOME_WLAN_BOOSTCLGA_LOADNO.csv
13;20260314_HOME_WLAN_BOOSTCLGA_LOADNO.csv
16;20260314_HOME_WLAN_BOOSTCLGA_LOADNO.csv
13;20260314_HOME_WLAN_BOOSTCLGA_LOADNO.csv
19;20260314_HOME_WLAN_BOOSTCLGA_LOADNO.csv
13;20260314_HOME_WLAN_BOOSTCLGA_LOADNO.csv
16;20260314_HOME_WLAN_BOOSTCLGA_LOADNO.csv
19;20260314_HOME_WLAN_BOOSTCLGA_LOADNO.csv
14;20260314_HOME_WLAN_BOOSTCLGA_LOADNO.csv
13;20260314_HOME_WLAN_BOOSTCLGA_LOADNO.csv
16;20260314_HOME_WLAN_BOOSTCLGA_LOADNO.csv
13;20260314_HOME_WLAN_BOOSTCLGA_LOADNO.csv
16;20260314_HOME_WLAN_BOOSTCLGA_LOADNO.csv
13;20260314_HOME_WLAN_BOOSTCLGA_LOADNO.csv
15;20260314_HOME_WLAN_BOOSTCLGA_LOADNO.csv
13;20260314_HOME_WLAN_BOOSTCLGA_LOADNO.csv
16;20260314_HOME_WLAN_BOOSTCLGA_LOADNO.csv
13;20260314_HOME_WLAN_BOOSTCLGA_LOADNO.csv
18;20260314_HOME_WLAN_BOOSTCLGA_LOADNO.csv
14;20260314_HOME_WLAN_BOOSTCLGA_LOADNO.csv
16;20260314_HOME_WLAN_BOOSTCLGA_LOADNO.csv
13;20260314_HOME_WLAN_BOOSTCLGA_LOADNO.csv
18;20260314_HOME_WLAN_BOOSTCLGA_LOADNO.csv
14;20260314_HOME_WLAN_BOOSTCLGA_LOADNO.csv
16;20260314_HOME_WLAN_BOOSTCLGA_LOADNO.csv
13;20260314_HOME_WLAN_BOOSTCLGA_LOADNO.csv
17;20260314_HOME_WLAN_BOOSTCLGA_LOADTCP8.csv
16;20260314_HOME_WLAN_BOOSTCLGA_LOADTCP8.csv
13;20260314_HOME_WLAN_BOOSTCLGA_LOADTCP8.csv
12;20260314_HOME_WLAN_BOOSTCLGA_LOADTCP8.csv
16;20260314_HOME_WLAN_BOOSTCLGA_LOADTCP8.csv
13;20260314_HOME_WLAN_BOOSTCLGA_LOADTCP8.csv
15;20260314_HOME_WLAN_BOOSTCLGA_LOADTCP8.csv
13;20260314_HOME_WLAN_BOOSTCLGA_LOADTCP8.csv
16;20260314_HOME_WLAN_BOOSTCLGA_LOADTCP8.csv
13;20260314_HOME_WLAN_BOOSTCLGA_LOADTCP8.csv
14;20260314_HOME_WLAN_BOOSTCLGA_LOADTCP8.csv
16;20260314_HOME_WLAN_BOOSTCLGA_LOADTCP8.csv
13;20260314_HOME_WLAN_BOOSTCLGA_LOADTCP8.csv
13;20260314_HOME_WLAN_BOOSTCLGA_LOADTCP8.csv
17;20260314_HOME_WLAN_BOOSTCLGA_LOADTCP8.csv
14;20260314_HOME_WLAN_BOOSTCLGA_LOADTCP8.csv
16;20260314_HOME_WLAN_BOOSTCLGA_LOADTCP8.csv
13;20260314_HOME_WLAN_BOOSTCLGA_LOADTCP8.csv
14;20260314_HOME_WLAN_BOOSTCLGA_LOADTCP8.csv
13;20260314_HOME_WLAN_BOOSTCLGA_LOADTCP8.csv
15;20260314_HOME_WLAN_BOOSTCLGA_LOADTCP8.csv
14;20260314_HOME_WLAN_BOOSTCLGA_LOADTCP8.csv
13;20260314_HOME_WLAN_BOOSTCLGA_LOADTCP8.csv
13;20260314_HOME_WLAN_BOOSTCLGA_LOADTCP8.csv
14;20260314_HOME_WLAN_BOOSTCLGA_LOADTCP8.csv
13;20260314_HOME_WLAN_BOOSTCLGA_LOADTCP8.csv
14;20260314_HOME_WLAN_BOOSTCLGA_LOADTCP8.csv
16;20260314_HOME_WLAN_BOOSTCLGA_LOADTCP8.csv
14;20260314_HOME_WLAN_BOOSTCLGA_LOADTCP8.csv
16;20260314_HOME_WLAN_BOOSTCLGA_LOADTCP8.csv
15;20260314_HOME_WLAN_BOOSTCLGA_LOADTCP8.csv
14;20260314_HOME_WLAN_BOOSTCLGA_LOADTCP8.csv
15;20260314_HOME_WLAN_BOOSTCLGA_LOADTCP8.csv
14;20260314_HOME_WLAN_BOOSTCLGA_LOADTCP8.csv
16;20260314_HOME_WLAN_BOOSTCLGA_LOADTCP8.csv
15;20260314_HOME_WLAN_BOOSTCLGA_LOADTCP8.csv
15;20260314_HOME_WLAN_BOOSTCLGA_LOADTCP8.csv
14;20260314_HOME_WLAN_BOOSTCLGA_LOADTCP8.csv
15;20260314_HOME_WLAN_BOOSTCLGA_LOADTCP8.csv
15;20260314_HOME_WLAN_BOOSTCLGA_LOADTCP8.csv
15;20260314_HOME_WLAN_BOOSTCLGA_LOADTCP8.csv
16;20260314_HOME_WLAN_BOOSTCLGA_LOADTCP8.csv
14;20260314_HOME_WLAN_BOOSTCLGA_LOADTCP8.csv
16;20260314_HOME_WLAN_BOOSTCLGA_LOADTCP8.csv
14;20260314_HOME_WLAN_BOOSTCLGA_LOADTCP8.csv
14;20260314_HOME_WLAN_BOOSTCLGA_LOADTCP8.csv
14;20260314_HOME_WLAN_BOOSTCLGA_LOADTCP8.csv
16;20260314_HOME_WLAN_BOOSTCLGA_LOADTCP8.csv
16;20260314_HOME_WLAN_BOOSTCLGA_LOADTCP8.csv
15;20260314_HOME_WLAN_BOOSTCLGA_LOADTCP8.csv
19;20260314_HOME_WLAN_BOOSTCLGA_LOADTCP8.csv
17;20260314_HOME_WLAN_BOOSTCLGA_LOADTCP8.csv
15;20260314_HOME_WLAN_BOOSTCLGA_LOADTCP8.csv
15;20260314_HOME_WLAN_BOOSTCLGA_LOADTCP8.csv
14;20260314_HOME_WLAN_BOOSTCLGA_LOADTCP8.csv
15;20260314_HOME_WLAN_BOOSTCLGA_LOADTCP8.csv
15;20260314_HOME_WLAN_BOOSTCLGA_LOADTCP8.csv
15;20260314_HOME_WLAN_BOOSTCLGA_LOADTCP8.csv
15;20260314_HOME_WLAN_BOOSTCLGA_LOADTCP8.csv
20;20260314_HOME_WLAN_BOOSTCLGA_LOADTCP8.csv
14;20260314_HOME_WLAN_BOOSTCLGA_LOADTCP8.csv
14;20260314_HOME_WLAN_BOOSTCLGA_LOADTCP8.csv
15;20260314_HOME_WLAN_BOOSTCLGA_LOADTCP8.csv
14;20260314_HOME_WLAN_BOOSTCLGA_LOADTCP8.csv
14;20260314_HOME_WLAN_BOOSTCLGA_LOADTCP8.csv
14;20260314_HOME_WLAN_BOOSTCLGA_LOADTCP8.csv
16;20260314_HOME_WLAN_BOOSTCLGA_LOADTCP8.csv
18;20260314_HOME_WLAN_BOOSTCLGA_LOADTCP8.csv
15;20260314_HOME_WLAN_BOOSTCLGA_LOADTCP8.csv
15;20260314_HOME_WLAN_BOOSTCLGA_LOADTCP8.csv
15;20260314_HOME_WLAN_BOOSTCLGA_LOADTCP8.csv
14;20260314_HOME_WLAN_BOOSTCLGA_LOADTCP8.csv
15;20260314_HOME_WLAN_BOOSTCLGA_LOADTCP8.csv
19;20260314_HOME_WLAN_BOOSTCLGA_LOADTCP8.csv
15;20260314_HOME_WLAN_BOOSTCLGA_LOADTCP8.csv
15;20260314_HOME_WLAN_BOOSTCLGA_LOADTCP8.csv
14;20260314_HOME_WLAN_BOOSTCLGA_LOADTCP8.csv
15;20260314_HOME_WLAN_BOOSTCLGA_LOADTCP8.csv
15;20260314_HOME_WLAN_BOOSTCLGA_LOADTCP8.csv
14;20260314_HOME_WLAN_BOOSTCLGA_LOADTCP8.csv
15;20260314_HOME_WLAN_BOOSTCLGA_LOADTCP8.csv
15;20260314_HOME_WLAN_BOOSTCLGA_LOADTCP8.csv
13;20260314_HOME_WLAN_BOOSTCLGA_LOADTCP8.csv
15;20260314_HOME_WLAN_BOOSTCLGA_LOADTCP8.csv
14;20260314_HOME_WLAN_BOOSTCLGA_LOADTCP8.csv
16;20260314_HOME_WLAN_BOOSTCLGA_LOADTCP8.csv
15;20260314_HOME_WLAN_BOOSTCLGA_LOADTCP8.csv
16;20260314_HOME_WLAN_BOOSTCLGA_LOADTCP8.csv
15;20260314_HOME_WLAN_BOOSTCLGA_LOADTCP8.csv
16;20260314_HOME_WLAN_BOOSTCLGA_LOADTCP8.csv
16;20260314_HOME_WLAN_BOOSTCLGA_LOADTCP8.csv
15;20260314_HOME_WLAN_BOOSTCLGA_LOADTCP8.csv
15;20260314_HOME_WLAN_BOOSTCLGA_LOADTCP8.csv
16;20260314_HOME_WLAN_BOOSTCLGA_LOADTCP8.csv
15;20260314_HOME_WLAN_BOOSTCLGA_LOADTCP8.csv
15;20260314_HOME_WLAN_BOOSTCLGA_LOADTCP8.csv
15;20260314_HOME_WLAN_BOOSTCLGA_LOADTCP8.csv
16;20260314_HOME_WLAN_BOOSTCLGA_LOADTCP8.csv
15;20260314_HOME_WLAN_BOOSTCLGA_LOADTCP8.csv
14;20260314_HOME_WLAN_BOOSTCLGA_LOADTCP8.csv
15;20260314_HOME_WLAN_BOOSTCLGA_LOADTCP8.csv
16;20260314_HOME_WLAN_BOOSTCLGA_LOADTCP8.csv
16;20260314_HOME_WLAN_BOOSTCLGA_LOADTCP8.csv
16;20260314_HOME_WLAN_BOOSTCLGA_LOADTCP8.csv
15;20260314_HOME_WLAN_BOOSTCLGA_LOADTCP8.csv
14;20260314_HOME_WLAN_BOOSTCLGA_LOADTCP8.csv
14;20260314_HOME_WLAN_BOOSTCLGA_LOADTCP8.csv
14;20260314_HOME_WLAN_BOOSTCLGA_LOADTCP8.csv
16;20260314_HOME_WLAN_BOOSTCLGA_LOADTCP8.csv
16;20260314_HOME_WLAN_BOOSTCLGA_LOADTCP8.csv
15;20260314_HOME_WLAN_BOOSTCLGA_LOADTCP8.csv
14;20260314_HOME_WLAN_BOOSTCLGA_LOADTCP8.csv
14;20260314_HOME_WLAN_BOOSTCLGA_LOADTCP8.csv
16;20260314_HOME_WLAN_BOOSTCLGA_LOADTCP8.csv
16;20260314_HOME_WLAN_BOOSTCLGA_LOADTCP8.csv
16;20260314_HOME_WLAN_BOOSTCLGA_LOADTCP8.csv
16;20260314_HOME_WLAN_BOOSTCLGA_LOADTCP8.csv
14;20260314_HOME_WLAN_BOOSTCLGA_LOADTCP8.csv
16;20260314_HOME_WLAN_BOOSTCLGA_LOADTCP8.csv
16;20260314_HOME_WLAN_BOOSTCLGA_LOADTCP8.csv
14;20260314_HOME_WLAN_BOOSTCLGA_LOADTCP8.csv
14;20260314_HOME_WLAN_BOOSTCLGA_LOADTCP8.csv
14;20260314_HOME_WLAN_BOOSTCLGA_LOADTCP8.csv
14;20260314_HOME_WLAN_BOOSTCLGA_LOADTCP8.csv
15;20260314_HOME_WLAN_BOOSTCLGA_LOADTCP8.csv
15;20260314_HOME_WLAN_BOOSTCLGA_LOADTCP8.csv
14;20260314_HOME_WLAN_BOOSTCLGA_LOADTCP8.csv
14;20260314_HOME_WLAN_BOOSTCLGA_LOADTCP8.csv
15;20260314_HOME_WLAN_BOOSTCLGA_LOADTCP8.csv
15;20260314_HOME_WLAN_BOOSTCLGA_LOADTCP8.csv
19;20260314_HOME_WLAN_BOOSTCLGA_LOADTCP8.csv
14;20260314_HOME_WLAN_BOOSTCLGA_LOADTCP8.csv
21;20260314_HOME_WLAN_BOOSTCLGA_LOADTCP8.csv
14;20260314_HOME_WLAN_BOOSTCLGA_LOADTCP8.csv
19;20260314_HOME_WLAN_BOOSTCLGA_LOADTCP8.csv
16;20260314_HOME_WLAN_BOOSTCLGA_LOADTCP8.csv
23;20260314_HOME_WLAN_BOOSTCLGA_LOADTCP8.csv
15;20260314_HOME_WLAN_BOOSTCLGA_LOADTCP8.csv
22;20260314_HOME_WLAN_BOOSTCLGA_LOADTCP8.csv
22;20260314_HOME_WLAN_BOOSTCLGA_LOADTCP8.csv
15;20260314_HOME_WLAN_BOOSTCLGA_LOADTCP8.csv
18;20260314_HOME_WLAN_BOOSTCLGA_LOADTCP8.csv
15;20260314_HOME_WLAN_BOOSTCLGA_LOADTCP8.csv
19;20260314_HOME_WLAN_BOOSTCLGA_LOADTCP8.csv
15;20260314_HOME_WLAN_BOOSTCLGA_LOADTCP8.csv
17;20260314_HOME_WLAN_BOOSTCLGA_LOADTCP8.csv
14;20260314_HOME_WLAN_BOOSTCLGA_LOADTCP8.csv
18;20260314_HOME_WLAN_BOOSTCLGA_LOADTCP8.csv
22;20260314_HOME_WLAN_BOOSTCLGA_LOADTCP8.csv
14;20260314_HOME_WLAN_BOOSTCLGA_LOADTCP8.csv
14;20260314_HOME_WLAN_BOOSTCLGA_LOADTCP8.csv
18;20260314_HOME_WLAN_BOOSTCLGA_LOADTCP8.csv
14;20260314_HOME_WLAN_BOOSTCLGA_LOADTCP8.csv
22;20260314_HOME_WLAN_BOOSTCLGA_LOADTCP8.csv
14;20260314_HOME_WLAN_BOOSTCLGA_LOADTCP8.csv
19;20260314_HOME_WLAN_BOOSTCLGA_LOADTCP8.csv
16;20260314_HOME_WLAN_BOOSTCLGA_LOADTCP8.csv
21;20260314_HOME_WLAN_BOOSTCLGA_LOADTCP8.csv
20;20260314_HOME_WLAN_BOOSTCLGA_LOADTCP8.csv
15;20260314_HOME_WLAN_BOOSTCLGA_LOADTCP8.csv
14;20260314_HOME_WLAN_BOOSTCLGA_LOADTCP8.csv
16;20260314_HOME_WLAN_BOOSTCLGA_LOADTCP8.csv
17;20260314_HOME_WLAN_BOOSTCLGA_LOADTCP8.csv
17;20260314_HOME_WLAN_BOOSTCLGA_LOADTCP8.csv
20;20260314_HOME_WLAN_BOOSTCLGA_LOADTCP8.csv
15;20260314_HOME_WLAN_BOOSTCLGA_LOADTCP8.csv
14;20260314_HOME_WLAN_BOOSTCLGA_LOADTCP8.csv
16;20260314_HOME_WLAN_BOOSTCLGA_LOADTCP8.csv
14;20260314_HOME_WLAN_BOOSTCLGA_LOADTCP8.csv
18;20260314_HOME_WLAN_BOOSTCLGA_LOADTCP8.csv
15;20260314_HOME_WLAN_BOOSTCLGA_LOADTCP8.csv
15;20260314_HOME_WLAN_BOOSTCLGA_LOADTCP8.csv
14;20260314_HOME_WLAN_BOOSTCLGA_LOADTCP8.csv
16;20260314_HOME_WLAN_BOOSTCLGA_LOADTCP8.csv
19;20260314_HOME_WLAN_BOOSTCLGA_LOADTCP8.csv
20;20260314_HOME_WLAN_BOOSTCLGA_LOADTCP8.csv
15;20260314_HOME_WLAN_BOOSTCLGA_LOADTCP8.csv
17;20260314_HOME_WLAN_BOOSTCLGA_LOADTCP8.csv
15;20260314_HOME_WLAN_BOOSTCLGA_LOADTCP8.csv
18;20260314_HOME_WLAN_BOOSTCLGA_LOADTCP8.csv
16;20260314_HOME_WLAN_BOOSTCLGA_LOADTCP8.csv
16;20260314_HOME_WLAN_BOOSTCLGA_LOADTCP8.csv
16;20260314_HOME_WLAN_BOOSTCLGA_LOADTCP8.csv
14;20260314_HOME_WLAN_BOOSTCLGA_LOADTCP8.csv
15;20260314_HOME_WLAN_BOOSTCLGA_LOADTCP8.csv
16;20260314_HOME_WLAN_BOOSTCLGA_LOADTCP8.csv
17;20260314_HOME_WLAN_BOOSTCLGA_LOADTCP8.csv
18;20260314_HOME_WLAN_BOOSTCLGA_LOADTCP8.csv
16;20260314_HOME_WLAN_BOOSTCLGA_LOADTCP8.csv
20;20260314_HOME_WLAN_BOOSTCLGA_LOADTCP8.csv
17;20260314_HOME_WLAN_BOOSTCLGA_LOADTCP8.csv
14;20260314_HOME_WLAN_BOOSTCLGA_LOADTCP8.csv
17;20260314_HOME_WLAN_BOOSTCLGA_LOADTCP8.csv
15;20260314_HOME_WLAN_BOOSTCLGA_LOADTCP8.csv
15;20260314_HOME_WLAN_BOOSTCLGA_LOADTCP8.csv
14;20260314_HOME_WLAN_BOOSTCLGA_LOADTCP8.csv
16;20260314_HOME_WLAN_BOOSTCLGA_LOADTCP8.csv
15;20260314_HOME_WLAN_BOOSTCLGA_LOADTCP8.csv
16;20260314_HOME_WLAN_BOOSTCLGA_LOADTCP8.csv
15;20260314_HOME_WLAN_BOOSTCLGA_LOADTCP8.csv
13;20260314_HOME_WLAN_BOOSTCLGA_LOADYOUTUBE4K_1.csv
14;20260314_HOME_WLAN_BOOSTCLGA_LOADYOUTUBE4K_1.csv
13;20260314_HOME_WLAN_BOOSTCLGA_LOADYOUTUBE4K_1.csv
14;20260314_HOME_WLAN_BOOSTCLGA_LOADYOUTUBE4K_1.csv
14;20260314_HOME_WLAN_BOOSTCLGA_LOADYOUTUBE4K_1.csv
14;20260314_HOME_WLAN_BOOSTCLGA_LOADYOUTUBE4K_1.csv
13;20260314_HOME_WLAN_BOOSTCLGA_LOADYOUTUBE4K_1.csv
15;20260314_HOME_WLAN_BOOSTCLGA_LOADYOUTUBE4K_1.csv
13;20260314_HOME_WLAN_BOOSTCLGA_LOADYOUTUBE4K_1.csv
14;20260314_HOME_WLAN_BOOSTCLGA_LOADYOUTUBE4K_1.csv
60;20260314_HOME_WLAN_BOOSTCLGA_LOADYOUTUBE4K_1.csv
60;20260314_HOME_WLAN_BOOSTCLGA_LOADYOUTUBE4K_1.csv
75;20260314_HOME_WLAN_BOOSTCLGA_LOADYOUTUBE4K_1.csv
21;20260314_HOME_WLAN_BOOSTCLGA_LOADYOUTUBE4K_1.csv
14;20260314_HOME_WLAN_BOOSTCLGA_LOADYOUTUBE4K_1.csv
14;20260314_HOME_WLAN_BOOSTCLGA_LOADYOUTUBE4K_1.csv
14;20260314_HOME_WLAN_BOOSTCLGA_LOADYOUTUBE4K_1.csv
14;20260314_HOME_WLAN_BOOSTCLGA_LOADYOUTUBE4K_1.csv
13;20260314_HOME_WLAN_BOOSTCLGA_LOADYOUTUBE4K_1.csv
43;20260314_HOME_WLAN_BOOSTCLGA_LOADYOUTUBE4K_1.csv
100;20260314_HOME_WLAN_BOOSTCLGA_LOADYOUTUBE4K_1.csv
94;20260314_HOME_WLAN_BOOSTCLGA_LOADYOUTUBE4K_1.csv
94;20260314_HOME_WLAN_BOOSTCLGA_LOADYOUTUBE4K_1.csv
28;20260314_HOME_WLAN_BOOSTCLGA_LOADYOUTUBE4K_1.csv
14;20260314_HOME_WLAN_BOOSTCLGA_LOADYOUTUBE4K_1.csv
15;20260314_HOME_WLAN_BOOSTCLGA_LOADYOUTUBE4K_1.csv
13;20260314_HOME_WLAN_BOOSTCLGA_LOADYOUTUBE4K_1.csv
16;20260314_HOME_WLAN_BOOSTCLGA_LOADYOUTUBE4K_1.csv
13;20260314_HOME_WLAN_BOOSTCLGA_LOADYOUTUBE4K_1.csv
15;20260314_HOME_WLAN_BOOSTCLGA_LOADYOUTUBE4K_1.csv
13;20260314_HOME_WLAN_BOOSTCLGA_LOADYOUTUBE4K_1.csv
17;20260314_HOME_WLAN_BOOSTCLGA_LOADYOUTUBE4K_1.csv
13;20260314_HOME_WLAN_BOOSTCLGA_LOADYOUTUBE4K_1.csv
16;20260314_HOME_WLAN_BOOSTCLGA_LOADYOUTUBE4K_1.csv
13;20260314_HOME_WLAN_BOOSTCLGA_LOADYOUTUBE4K_1.csv
14;20260314_HOME_WLAN_BOOSTCLGA_LOADYOUTUBE4K_1.csv
14;20260314_HOME_WLAN_BOOSTCLGA_LOADYOUTUBE4K_1.csv
13;20260314_HOME_WLAN_BOOSTCLGA_LOADYOUTUBE4K_1.csv
13;20260314_HOME_WLAN_BOOSTCLGA_LOADYOUTUBE4K_1.csv
13;20260314_HOME_WLAN_BOOSTCLGA_LOADYOUTUBE4K_1.csv
15;20260314_HOME_WLAN_BOOSTCLGA_LOADYOUTUBE4K_1.csv
16;20260314_HOME_WLAN_BOOSTCLGA_LOADYOUTUBE4K_1.csv
13;20260314_HOME_WLAN_BOOSTCLGA_LOADYOUTUBE4K_1.csv
20;20260314_HOME_WLAN_BOOSTCLGA_LOADYOUTUBE4K_1.csv
16;20260314_HOME_WLAN_BOOSTCLGA_LOADYOUTUBE4K_1.csv
22;20260314_HOME_WLAN_BOOSTCLGA_LOADYOUTUBE4K_1.csv
34;20260314_HOME_WLAN_BOOSTCLGA_LOADYOUTUBE4K_1.csv
15;20260314_HOME_WLAN_BOOSTCLGA_LOADYOUTUBE4K_1.csv
16;20260314_HOME_WLAN_BOOSTCLGA_LOADYOUTUBE4K_1.csv
14;20260314_HOME_WLAN_BOOSTCLGA_LOADYOUTUBE4K_1.csv
18;20260314_HOME_WLAN_BOOSTCLGA_LOADYOUTUBE4K_1.csv
14;20260314_HOME_WLAN_BOOSTCLGA_LOADYOUTUBE4K_1.csv
19;20260314_HOME_WLAN_BOOSTCLGA_LOADYOUTUBE4K_1.csv
14;20260314_HOME_WLAN_BOOSTCLGA_LOADYOUTUBE4K_1.csv
17;20260314_HOME_WLAN_BOOSTCLGA_LOADYOUTUBE4K_1.csv
13;20260314_HOME_WLAN_BOOSTCLGA_LOADYOUTUBE4K_1.csv
17;20260314_HOME_WLAN_BOOSTCLGA_LOADYOUTUBE4K_1.csv
29;20260314_HOME_WLAN_BOOSTCLGA_LOADYOUTUBE4K_1.csv
15;20260314_HOME_WLAN_BOOSTCLGA_LOADYOUTUBE4K_1.csv
16;20260314_HOME_WLAN_BOOSTCLGA_LOADYOUTUBE4K_1.csv
14;20260314_HOME_WLAN_BOOSTCLGA_LOADYOUTUBE4K_1.csv
16;20260314_HOME_WLAN_BOOSTCLGA_LOADYOUTUBE4K_1.csv
14;20260314_HOME_WLAN_BOOSTCLGA_LOADYOUTUBE4K_1.csv
20;20260314_HOME_WLAN_BOOSTCLGA_LOADYOUTUBE4K_1.csv
15;20260314_HOME_WLAN_BOOSTCLGA_LOADYOUTUBE4K_1.csv
54;20260314_HOME_WLAN_BOOSTCLGA_LOADYOUTUBE4K_1.csv
72;20260314_HOME_WLAN_BOOSTCLGA_LOADYOUTUBE4K_1.csv
25;20260314_HOME_WLAN_BOOSTCLGA_LOADYOUTUBE4K_1.csv
14;20260314_HOME_WLAN_BOOSTCLGA_LOADYOUTUBE4K_1.csv
15;20260314_HOME_WLAN_BOOSTCLGA_LOADYOUTUBE4K_1.csv
13;20260314_HOME_WLAN_BOOSTCLGA_LOADYOUTUBE4K_1.csv
14;20260314_HOME_WLAN_BOOSTCLGA_LOADYOUTUBE4K_1.csv
13;20260314_HOME_WLAN_BOOSTCLGA_LOADYOUTUBE4K_1.csv
14;20260314_HOME_WLAN_BOOSTCLGA_LOADYOUTUBE4K_1.csv
13;20260314_HOME_WLAN_BOOSTCLGA_LOADYOUTUBE4K_1.csv
14;20260314_HOME_WLAN_BOOSTCLGA_LOADYOUTUBE4K_1.csv
13;20260314_HOME_WLAN_BOOSTCLGA_LOADYOUTUBE4K_1.csv
15;20260314_HOME_WLAN_BOOSTCLGA_LOADYOUTUBE4K_1.csv
14;20260314_HOME_WLAN_BOOSTCLGA_LOADYOUTUBE4K_1.csv
54;20260314_HOME_WLAN_BOOSTCLGA_LOADYOUTUBE4K_1.csv
51;20260314_HOME_WLAN_BOOSTCLGA_LOADYOUTUBE4K_1.csv
21;20260314_HOME_WLAN_BOOSTCLGA_LOADYOUTUBE4K_1.csv
13;20260314_HOME_WLAN_BOOSTCLGA_LOADYOUTUBE4K_1.csv
16;20260314_HOME_WLAN_BOOSTCLGA_LOADYOUTUBE4K_1.csv
13;20260314_HOME_WLAN_BOOSTCLGA_LOADYOUTUBE4K_1.csv
17;20260314_HOME_WLAN_BOOSTCLGA_LOADYOUTUBE4K_1.csv
14;20260314_HOME_WLAN_BOOSTCLGA_LOADYOUTUBE4K_1.csv
13;20260314_HOME_WLAN_BOOSTCLGA_LOADYOUTUBE4K_1.csv
17;20260314_HOME_WLAN_BOOSTCLGA_LOADYOUTUBE4K_1.csv
16;20260314_HOME_WLAN_BOOSTCLGA_LOADYOUTUBE4K_1.csv
16;20260314_HOME_WLAN_BOOSTCLGA_LOADYOUTUBE4K_1.csv
103;20260314_HOME_WLAN_BOOSTCLGA_LOADYOUTUBE4K_1.csv
104;20260314_HOME_WLAN_BOOSTCLGA_LOADYOUTUBE4K_1.csv
18;20260314_HOME_WLAN_BOOSTCLGA_LOADYOUTUBE4K_1.csv
55;20260314_HOME_WLAN_BOOSTCLGA_LOADYOUTUBE4K_1.csv
20;20260314_HOME_WLAN_BOOSTCLGA_LOADYOUTUBE4K_1.csv
15;20260314_HOME_WLAN_BOOSTCLGA_LOADYOUTUBE4K_1.csv
14;20260314_HOME_WLAN_BOOSTCLGA_LOADYOUTUBE4K_1.csv
14;20260314_HOME_WLAN_BOOSTCLGA_LOADYOUTUBE4K_1.csv
14;20260314_HOME_WLAN_BOOSTCLGA_LOADYOUTUBE4K_1.csv
13;20260314_HOME_WLAN_BOOSTCLGA_LOADYOUTUBE4K_1.csv
14;20260314_HOME_WLAN_BOOSTCLGA_LOADYOUTUBE4K_1.csv
13;20260314_HOME_WLAN_BOOSTCLGA_LOADYOUTUBE4K_1.csv
13;20260314_HOME_WLAN_BOOSTCLGA_LOADYOUTUBE4K_1.csv
13;20260314_HOME_WLAN_BOOSTCLGA_LOADYOUTUBE4K_1.csv
14;20260314_HOME_WLAN_BOOSTCLGA_LOADYOUTUBE4K_1.csv
84;20260314_HOME_WLAN_BOOSTCLGA_LOADYOUTUBE4K_1.csv
162;20260314_HOME_WLAN_BOOSTCLGA_LOADYOUTUBE4K_1.csv
83;20260314_HOME_WLAN_BOOSTCLGA_LOADYOUTUBE4K_1.csv
13;20260314_HOME_WLAN_BOOSTCLGA_LOADYOUTUBE4K_1.csv
14;20260314_HOME_WLAN_BOOSTCLGA_LOADYOUTUBE4K_1.csv
14;20260314_HOME_WLAN_BOOSTCLGA_LOADYOUTUBE4K_1.csv
15;20260314_HOME_WLAN_BOOSTCLGA_LOADYOUTUBE4K_1.csv
13;20260314_HOME_WLAN_BOOSTCLGA_LOADYOUTUBE4K_1.csv
14;20260314_HOME_WLAN_BOOSTCLGA_LOADYOUTUBE4K_1.csv
14;20260314_HOME_WLAN_BOOSTCLGA_LOADYOUTUBE4K_1.csv
13;20260314_HOME_WLAN_BOOSTCLGA_LOADYOUTUBE4K_1.csv
76;20260314_HOME_WLAN_BOOSTCLGA_LOADYOUTUBE4K_1.csv
60;20260314_HOME_WLAN_BOOSTCLGA_LOADYOUTUBE4K_1.csv
17;20260314_HOME_WLAN_BOOSTCLGA_LOADYOUTUBE4K_1.csv
14;20260314_HOME_WLAN_BOOSTCLGA_LOADYOUTUBE4K_1.csv
16;20260314_HOME_WLAN_BOOSTCLGA_LOADYOUTUBE4K_1.csv
14;20260314_HOME_WLAN_BOOSTCLGA_LOADYOUTUBE4K_1.csv
13;20260314_HOME_WLAN_BOOSTCLGA_LOADYOUTUBE4K_1.csv
15;20260314_HOME_WLAN_BOOSTCLGA_LOADYOUTUBE4K_1.csv
16;20260314_HOME_WLAN_BOOSTCLGA_LOADYOUTUBE4K_1.csv
13;20260314_HOME_WLAN_BOOSTCLGA_LOADYOUTUBE4K_1.csv
13;20260314_HOME_WLAN_BOOSTCLGA_LOADYOUTUBE4K_1.csv
13;20260314_HOME_WLAN_BOOSTCLGA_LOADYOUTUBE4K_1.csv
15;20260314_HOME_WLAN_BOOSTCLGA_LOADYOUTUBE4K_1.csv
80;20260314_HOME_WLAN_BOOSTCLGA_LOADYOUTUBE4K_1.csv
48;20260314_HOME_WLAN_BOOSTCLGA_LOADYOUTUBE4K_1.csv
16;20260314_HOME_WLAN_BOOSTCLGA_LOADYOUTUBE4K_1.csv
13;20260314_HOME_WLAN_BOOSTCLGA_LOADYOUTUBE4K_1.csv
14;20260314_HOME_WLAN_BOOSTCLGA_LOADYOUTUBE4K_1.csv
13;20260314_HOME_WLAN_BOOSTCLGA_LOADYOUTUBE4K_1.csv
14;20260314_HOME_WLAN_BOOSTCLGA_LOADYOUTUBE4K_1.csv
13;20260314_HOME_WLAN_BOOSTCLGA_LOADYOUTUBE4K_1.csv
14;20260314_HOME_WLAN_BOOSTCLGA_LOADYOUTUBE4K_1.csv
13;20260314_HOME_WLAN_BOOSTCLGA_LOADYOUTUBE4K_1.csv
14;20260314_HOME_WLAN_BOOSTCLGA_LOADYOUTUBE4K_1.csv
68;20260314_HOME_WLAN_BOOSTCLGA_LOADYOUTUBE4K_1.csv
68;20260314_HOME_WLAN_BOOSTCLGA_LOADYOUTUBE4K_1.csv
209;20260314_HOME_WLAN_BOOSTCLGA_LOADYOUTUBE4K_1.csv
91;20260314_HOME_WLAN_BOOSTCLGA_LOADYOUTUBE4K_1.csv
19;20260314_HOME_WLAN_BOOSTCLGA_LOADYOUTUBE4K_1.csv
19;20260314_HOME_WLAN_BOOSTCLGA_LOADYOUTUBE4K_1.csv
18;20260314_HOME_WLAN_BOOSTCLGA_LOADYOUTUBE4K_1.csv
14;20260314_HOME_WLAN_BOOSTCLGA_LOADYOUTUBE4K_1.csv
13;20260314_HOME_WLAN_BOOSTCLGA_LOADYOUTUBE4K_1.csv
18;20260314_HOME_WLAN_BOOSTCLGA_LOADYOUTUBE4K_1.csv
14;20260314_HOME_WLAN_BOOSTCLGA_LOADYOUTUBE4K_1.csv
15;20260314_HOME_WLAN_BOOSTCLGA_LOADYOUTUBE4K_1.csv
16;20260314_HOME_WLAN_BOOSTCLGA_LOADYOUTUBE4K_1.csv
13;20260314_HOME_WLAN_BOOSTCLGA_LOADYOUTUBE4K_1.csv
14;20260314_HOME_WLAN_BOOSTCLGA_LOADYOUTUBE4K_1.csv
16;20260314_HOME_WLAN_BOOSTCLGA_LOADYOUTUBE4K_1.csv
63;20260314_HOME_WLAN_BOOSTCLGA_LOADYOUTUBE4K_1.csv
38;20260314_HOME_WLAN_BOOSTCLGA_LOADYOUTUBE4K_1.csv
16;20260314_HOME_WLAN_BOOSTCLGA_LOADYOUTUBE4K_1.csv
13;20260314_HOME_WLAN_BOOSTCLGA_LOADYOUTUBE4K_1.csv
16;20260314_HOME_WLAN_BOOSTCLGA_LOADYOUTUBE4K_1.csv
13;20260314_HOME_WLAN_BOOSTCLGA_LOADYOUTUBE4K_1.csv
15;20260314_HOME_WLAN_BOOSTCLGA_LOADYOUTUBE4K_1.csv
12;20260314_HOME_WLAN_BOOSTCLGA_LOADYOUTUBE4K_1.csv
16;20260314_HOME_WLAN_BOOSTCLGA_LOADYOUTUBE4K_1.csv
13;20260314_HOME_WLAN_BOOSTCLGA_LOADYOUTUBE4K_1.csv
14;20260314_HOME_WLAN_BOOSTCLGA_LOADYOUTUBE4K_1.csv
13;20260314_HOME_WLAN_BOOSTCLGA_LOADYOUTUBE4K_1.csv
15;20260314_HOME_WLAN_BOOSTCLGA_LOADYOUTUBE4K_1.csv
74;20260314_HOME_WLAN_BOOSTCLGA_LOADYOUTUBE4K_1.csv
203;20260314_HOME_WLAN_BOOSTCLGA_LOADYOUTUBE4K_1.csv
33;20260314_HOME_WLAN_BOOSTCLGA_LOADYOUTUBE4K_1.csv
17;20260314_HOME_WLAN_BOOSTCLGA_LOADYOUTUBE4K_1.csv
15;20260314_HOME_WLAN_BOOSTCLGA_LOADYOUTUBE4K_1.csv
15;20260314_HOME_WLAN_BOOSTCLGA_LOADYOUTUBE4K_1.csv
16;20260314_HOME_WLAN_BOOSTCLGA_LOADYOUTUBE4K_1.csv
14;20260314_HOME_WLAN_BOOSTCLGA_LOADYOUTUBE4K_1.csv
15;20260314_HOME_WLAN_BOOSTCLGA_LOADYOUTUBE4K_1.csv
14;20260314_HOME_WLAN_BOOSTCLGA_LOADYOUTUBE4K_1.csv
17;20260314_HOME_WLAN_BOOSTCLGA_LOADYOUTUBE4K_1.csv
14;20260314_HOME_WLAN_BOOSTCLGA_LOADYOUTUBE4K_1.csv
16;20260314_HOME_WLAN_BOOSTCLGA_LOADYOUTUBE4K_1.csv
76;20260314_HOME_WLAN_BOOSTCLGA_LOADYOUTUBE4K_1.csv
51;20260314_HOME_WLAN_BOOSTCLGA_LOADYOUTUBE4K_1.csv
16;20260314_HOME_WLAN_BOOSTCLGA_LOADYOUTUBE4K_1.csv
14;20260314_HOME_WLAN_BOOSTCLGA_LOADYOUTUBE4K_1.csv
13;20260314_HOME_WLAN_BOOSTCLGA_LOADYOUTUBE4K_1.csv
13;20260314_HOME_WLAN_BOOSTCLGA_LOADYOUTUBE4K_1.csv
13;20260314_HOME_WLAN_BOOSTCLGA_LOADYOUTUBE4K_1.csv
14;20260314_HOME_WLAN_BOOSTCLGA_LOADYOUTUBE4K_1.csv
13;20260314_HOME_WLAN_BOOSTCLGA_LOADYOUTUBE4K_1.csv
13;20260314_HOME_WLAN_BOOSTCLGA_LOADYOUTUBE4K_1.csv
13;20260314_HOME_WLAN_BOOSTCLGA_LOADYOUTUBE4K_1.csv
95;20260314_HOME_WLAN_BOOSTCLGA_LOADYOUTUBE4K_1.csv
204;20260314_HOME_WLAN_BOOSTCLGA_LOADYOUTUBE4K_1.csv
18;20260314_HOME_WLAN_BOOSTCLGA_LOADYOUTUBE4K_1.csv
14;20260314_HOME_WLAN_BOOSTCLGA_LOADYOUTUBE4K_1.csv
14;20260314_HOME_WLAN_BOOSTCLGA_LOADYOUTUBE4K_1.csv
13;20260314_HOME_WLAN_BOOSTCLGA_LOADYOUTUBE4K_1.csv
14;20260314_HOME_WLAN_BOOSTCLGA_LOADYOUTUBE4K_2.csv
14;20260314_HOME_WLAN_BOOSTCLGA_LOADYOUTUBE4K_2.csv
14;20260314_HOME_WLAN_BOOSTCLGA_LOADYOUTUBE4K_2.csv
36;20260314_HOME_WLAN_BOOSTCLGA_LOADYOUTUBE4K_2.csv
16;20260314_HOME_WLAN_BOOSTCLGA_LOADYOUTUBE4K_2.csv
13;20260314_HOME_WLAN_BOOSTCLGA_LOADYOUTUBE4K_2.csv
16;20260314_HOME_WLAN_BOOSTCLGA_LOADYOUTUBE4K_2.csv
15;20260314_HOME_WLAN_BOOSTCLGA_LOADYOUTUBE4K_2.csv
14;20260314_HOME_WLAN_BOOSTCLGA_LOADYOUTUBE4K_2.csv
16;20260314_HOME_WLAN_BOOSTCLGA_LOADYOUTUBE4K_2.csv
14;20260314_HOME_WLAN_BOOSTCLGA_LOADYOUTUBE4K_2.csv
52;20260314_HOME_WLAN_BOOSTCLGA_LOADYOUTUBE4K_2.csv
30;20260314_HOME_WLAN_BOOSTCLGA_LOADYOUTUBE4K_2.csv
15;20260314_HOME_WLAN_BOOSTCLGA_LOADYOUTUBE4K_2.csv
13;20260314_HOME_WLAN_BOOSTCLGA_LOADYOUTUBE4K_2.csv
40;20260314_HOME_WLAN_BOOSTCLGA_LOADYOUTUBE4K_2.csv
57;20260314_HOME_WLAN_BOOSTCLGA_LOADYOUTUBE4K_2.csv
18;20260314_HOME_WLAN_BOOSTCLGA_LOADYOUTUBE4K_2.csv
13;20260314_HOME_WLAN_BOOSTCLGA_LOADYOUTUBE4K_2.csv
14;20260314_HOME_WLAN_BOOSTCLGA_LOADYOUTUBE4K_2.csv
20;20260314_HOME_WLAN_BOOSTCLGA_LOADYOUTUBE4K_2.csv
14;20260314_HOME_WLAN_BOOSTCLGA_LOADYOUTUBE4K_2.csv
14;20260314_HOME_WLAN_BOOSTCLGA_LOADYOUTUBE4K_2.csv
13;20260314_HOME_WLAN_BOOSTCLGA_LOADYOUTUBE4K_2.csv
33;20260314_HOME_WLAN_BOOSTCLGA_LOADYOUTUBE4K_2.csv
15;20260314_HOME_WLAN_BOOSTCLGA_LOADYOUTUBE4K_2.csv
13;20260314_HOME_WLAN_BOOSTCLGA_LOADYOUTUBE4K_2.csv
14;20260314_HOME_WLAN_BOOSTCLGA_LOADYOUTUBE4K_2.csv
13;20260314_HOME_WLAN_BOOSTCLGA_LOADYOUTUBE4K_2.csv
14;20260314_HOME_WLAN_BOOSTCLGA_LOADYOUTUBE4K_2.csv
13;20260314_HOME_WLAN_BOOSTCLGA_LOADYOUTUBE4K_2.csv
13;20260314_HOME_WLAN_BOOSTCLGA_LOADYOUTUBE4K_2.csv
13;20260314_HOME_WLAN_BOOSTCLGA_LOADYOUTUBE4K_2.csv
13;20260314_HOME_WLAN_BOOSTCLGA_LOADYOUTUBE4K_2.csv
14;20260314_HOME_WLAN_BOOSTCLGA_LOADYOUTUBE4K_2.csv
13;20260314_HOME_WLAN_BOOSTCLGA_LOADYOUTUBE4K_2.csv
18;20260314_HOME_WLAN_BOOSTCLGA_LOADYOUTUBE4K_2.csv
13;20260314_HOME_WLAN_BOOSTCLGA_LOADYOUTUBE4K_2.csv
12;20260314_HOME_WLAN_BOOSTCLGA_LOADYOUTUBE4K_2.csv
13;20260314_HOME_WLAN_BOOSTCLGA_LOADYOUTUBE4K_2.csv
13;20260314_HOME_WLAN_BOOSTCLGA_LOADYOUTUBE4K_2.csv
12;20260314_HOME_WLAN_BOOSTCLGA_LOADYOUTUBE4K_2.csv
14;20260314_HOME_WLAN_BOOSTCLGA_LOADYOUTUBE4K_2.csv
13;20260314_HOME_WLAN_BOOSTCLGA_LOADYOUTUBE4K_2.csv
16;20260314_HOME_WLAN_BOOSTCLGA_LOADYOUTUBE4K_2.csv
19;20260314_HOME_WLAN_BOOSTCLGA_LOADYOUTUBE4K_2.csv
19;20260314_HOME_WLAN_BOOSTCLGA_LOADYOUTUBE4K_2.csv
15;20260314_HOME_WLAN_BOOSTCLGA_LOADYOUTUBE4K_2.csv
13;20260314_HOME_WLAN_BOOSTCLGA_LOADYOUTUBE4K_2.csv
16;20260314_HOME_WLAN_BOOSTCLGA_LOADYOUTUBE4K_2.csv
13;20260314_HOME_WLAN_BOOSTCLGA_LOADYOUTUBE4K_2.csv
14;20260314_HOME_WLAN_BOOSTCLGA_LOADYOUTUBE4K_2.csv
13;20260314_HOME_WLAN_BOOSTCLGA_LOADYOUTUBE4K_2.csv
16;20260314_HOME_WLAN_BOOSTCLGA_LOADYOUTUBE4K_2.csv
13;20260314_HOME_WLAN_BOOSTCLGA_LOADYOUTUBE4K_2.csv
14;20260314_HOME_WLAN_BOOSTCLGA_LOADYOUTUBE4K_2.csv
13;20260314_HOME_WLAN_BOOSTCLGA_LOADYOUTUBE4K_2.csv
14;20260314_HOME_WLAN_BOOSTCLGA_LOADYOUTUBE4K_2.csv
13;20260314_HOME_WLAN_BOOSTCLGA_LOADYOUTUBE4K_2.csv
13;20260314_HOME_WLAN_BOOSTCLGA_LOADYOUTUBE4K_2.csv
13;20260314_HOME_WLAN_BOOSTCLGA_LOADYOUTUBE4K_2.csv
14;20260314_HOME_WLAN_BOOSTCLGA_LOADYOUTUBE4K_2.csv
13;20260314_HOME_WLAN_BOOSTCLGA_LOADYOUTUBE4K_2.csv
13;20260314_HOME_WLAN_BOOSTCLGA_LOADYOUTUBE4K_2.csv
14;20260314_HOME_WLAN_BOOSTCLGA_LOADYOUTUBE4K_2.csv
13;20260314_HOME_WLAN_BOOSTCLGA_LOADYOUTUBE4K_2.csv
13;20260314_HOME_WLAN_BOOSTCLGA_LOADYOUTUBE4K_2.csv
19;20260314_HOME_WLAN_BOOSTCLGA_LOADYOUTUBE4K_2.csv
21;20260314_HOME_WLAN_BOOSTCLGA_LOADYOUTUBE4K_2.csv
16;20260314_HOME_WLAN_BOOSTCLGA_LOADYOUTUBE4K_2.csv
14;20260314_HOME_WLAN_BOOSTCLGA_LOADYOUTUBE4K_2.csv
18;20260314_HOME_WLAN_BOOSTCLGA_LOADYOUTUBE4K_2.csv
14;20260314_HOME_WLAN_BOOSTCLGA_LOADYOUTUBE4K_2.csv
16;20260314_HOME_WLAN_BOOSTCLGA_LOADYOUTUBE4K_2.csv
20;20260314_HOME_WLAN_BOOSTCLGA_LOADYOUTUBE4K_2.csv
17;20260314_HOME_WLAN_BOOSTCLGA_LOADYOUTUBE4K_2.csv
15;20260314_HOME_WLAN_BOOSTCLGA_LOADYOUTUBE4K_2.csv
20;20260314_HOME_WLAN_BOOSTCLGA_LOADYOUTUBE4K_2.csv
14;20260314_HOME_WLAN_BOOSTCLGA_LOADYOUTUBE4K_2.csv
26;20260314_HOME_WLAN_BOOSTCLGA_LOADYOUTUBE4K_2.csv
31;20260314_HOME_WLAN_BOOSTCLGA_LOADYOUTUBE4K_2.csv
20;20260314_HOME_WLAN_BOOSTCLGA_LOADYOUTUBE4K_2.csv
14;20260314_HOME_WLAN_BOOSTCLGA_LOADYOUTUBE4K_2.csv
16;20260314_HOME_WLAN_BOOSTCLGA_LOADYOUTUBE4K_2.csv
47;20260314_HOME_WLAN_BOOSTCLGA_LOADYOUTUBE4K_2.csv
25;20260314_HOME_WLAN_BOOSTCLGA_LOADYOUTUBE4K_2.csv
15;20260314_HOME_WLAN_BOOSTCLGA_LOADYOUTUBE4K_2.csv
16;20260314_HOME_WLAN_BOOSTCLGA_LOADYOUTUBE4K_2.csv
14;20260314_HOME_WLAN_BOOSTCLGA_LOADYOUTUBE4K_2.csv
43;20260314_HOME_WLAN_BOOSTCLGA_LOADYOUTUBE4K_2.csv
20;20260314_HOME_WLAN_BOOSTCLGA_LOADYOUTUBE4K_2.csv
27;20260314_HOME_WLAN_BOOSTCLGA_LOADYOUTUBE4K_2.csv
40;20260314_HOME_WLAN_BOOSTCLGA_LOADYOUTUBE4K_2.csv
16;20260314_HOME_WLAN_BOOSTCLGA_LOADYOUTUBE4K_2.csv
15;20260314_HOME_WLAN_BOOSTCLGA_LOADYOUTUBE4K_2.csv
72;20260314_HOME_WLAN_BOOSTCLGA_LOADYOUTUBE4K_2.csv
62;20260314_HOME_WLAN_BOOSTCLGA_LOADYOUTUBE4K_2.csv
21;20260314_HOME_WLAN_BOOSTCLGA_LOADYOUTUBE4K_2.csv
14;20260314_HOME_WLAN_BOOSTCLGA_LOADYOUTUBE4K_2.csv
54;20260314_HOME_WLAN_BOOSTCLGA_LOADYOUTUBE4K_2.csv
80;20260314_HOME_WLAN_BOOSTCLGA_LOADYOUTUBE4K_2.csv
24;20260314_HOME_WLAN_BOOSTCLGA_LOADYOUTUBE4K_2.csv
14;20260314_HOME_WLAN_BOOSTCLGA_LOADYOUTUBE4K_2.csv
15;20260314_HOME_WLAN_BOOSTCLGA_LOADYOUTUBE4K_2.csv
14;20260314_HOME_WLAN_BOOSTCLGA_LOADYOUTUBE4K_2.csv
17;20260314_HOME_WLAN_BOOSTCLGA_LOADYOUTUBE4K_2.csv
14;20260314_HOME_WLAN_BOOSTCLGA_LOADYOUTUBE4K_2.csv
15;20260314_HOME_WLAN_BOOSTCLGA_LOADYOUTUBE4K_2.csv
14;20260314_HOME_WLAN_BOOSTCLGA_LOADYOUTUBE4K_2.csv
16;20260314_HOME_WLAN_BOOSTCLGA_LOADYOUTUBE4K_2.csv
15;20260314_HOME_WLAN_BOOSTCLGA_LOADYOUTUBE4K_2.csv
15;20260314_HOME_WLAN_BOOSTCLGA_LOADYOUTUBE4K_2.csv
15;20260314_HOME_WLAN_BOOSTCLGA_LOADYOUTUBE4K_2.csv
20;20260314_HOME_WLAN_BOOSTCLGA_LOADYOUTUBE4K_2.csv
14;20260314_HOME_WLAN_BOOSTCLGA_LOADYOUTUBE4K_2.csv
13;20260314_HOME_WLAN_BOOSTCLGA_LOADYOUTUBE4K_2.csv
15;20260314_HOME_WLAN_BOOSTCLGA_LOADYOUTUBE4K_2.csv
13;20260314_HOME_WLAN_BOOSTCLGA_LOADYOUTUBE4K_2.csv
15;20260314_HOME_WLAN_BOOSTCLGA_LOADYOUTUBE4K_2.csv
14;20260314_HOME_WLAN_BOOSTCLGA_LOADYOUTUBE4K_2.csv
14;20260314_HOME_WLAN_BOOSTCLGA_LOADYOUTUBE4K_2.csv
15;20260314_HOME_WLAN_BOOSTCLGA_LOADYOUTUBE4K_2.csv
104;20260314_HOME_WLAN_BOOSTCLGA_LOADYOUTUBE4K_2.csv
61;20260314_HOME_WLAN_BOOSTCLGA_LOADYOUTUBE4K_2.csv
61;20260314_HOME_WLAN_BOOSTCLGA_LOADYOUTUBE4K_2.csv
22;20260314_HOME_WLAN_BOOSTCLGA_LOADYOUTUBE4K_2.csv
15;20260314_HOME_WLAN_BOOSTCLGA_LOADYOUTUBE4K_2.csv
13;20260314_HOME_WLAN_BOOSTCLGA_LOADYOUTUBE4K_2.csv
14;20260314_HOME_WLAN_BOOSTCLGA_LOADYOUTUBE4K_2.csv
23;20260314_HOME_WLAN_BOOSTCLGA_LOADYOUTUBE4K_2.csv
14;20260314_HOME_WLAN_BOOSTCLGA_LOADYOUTUBE4K_2.csv
14;20260314_HOME_WLAN_BOOSTCLGA_LOADYOUTUBE4K_2.csv
13;20260314_HOME_WLAN_BOOSTCLGA_LOADYOUTUBE4K_2.csv
14;20260314_HOME_WLAN_BOOSTCLGA_LOADYOUTUBE4K_2.csv
14;20260314_HOME_WLAN_BOOSTCLGA_LOADYOUTUBE4K_2.csv
36;20260314_HOME_WLAN_BOOSTCLGA_LOADYOUTUBE4K_2.csv
14;20260314_HOME_WLAN_BOOSTCLGA_LOADYOUTUBE4K_2.csv
13;20260314_HOME_WLAN_BOOSTCLGA_LOADYOUTUBE4K_2.csv
25;20260314_HOME_WLAN_BOOSTCLGA_LOADYOUTUBE4K_2.csv
55;20260314_HOME_WLAN_BOOSTCLGA_LOADYOUTUBE4K_2.csv
18;20260314_HOME_WLAN_BOOSTCLGA_LOADYOUTUBE4K_2.csv
13;20260314_HOME_WLAN_BOOSTCLGA_LOADYOUTUBE4K_2.csv
15;20260314_HOME_WLAN_BOOSTCLGA_LOADYOUTUBE4K_2.csv
14;20260314_HOME_WLAN_BOOSTCLGA_LOADYOUTUBE4K_2.csv
14;20260314_HOME_WLAN_BOOSTCLGA_LOADYOUTUBE4K_2.csv
14;20260314_HOME_WLAN_BOOSTCLGA_LOADYOUTUBE4K_2.csv
14;20260314_HOME_WLAN_BOOSTCLGA_LOADYOUTUBE4K_2.csv
16;20260314_HOME_WLAN_BOOSTCLGA_LOADYOUTUBE4K_2.csv
16;20260314_HOME_WLAN_BOOSTCLGA_LOADYOUTUBE4K_2.csv
17;20260314_HOME_WLAN_BOOSTCLGA_LOADYOUTUBE4K_2.csv
15;20260314_HOME_WLAN_BOOSTCLGA_LOADYOUTUBE4K_2.csv
13;20260314_HOME_WLAN_BOOSTCLGA_LOADYOUTUBE4K_2.csv
16;20260314_HOME_WLAN_BOOSTCLGA_LOADYOUTUBE4K_2.csv
14;20260314_HOME_WLAN_BOOSTCLGA_LOADYOUTUBE4K_2.csv
14;20260314_HOME_WLAN_BOOSTCLGA_LOADYOUTUBE4K_2.csv
14;20260314_HOME_WLAN_BOOSTCLGA_LOADYOUTUBE4K_2.csv
72;20260314_HOME_WLAN_BOOSTCLGA_LOADYOUTUBE4K_2.csv
43;20260314_HOME_WLAN_BOOSTCLGA_LOADYOUTUBE4K_2.csv
20;20260314_HOME_WLAN_BOOSTCLGA_LOADYOUTUBE4K_2.csv
14;20260314_HOME_WLAN_BOOSTCLGA_LOADYOUTUBE4K_2.csv
20;20260314_HOME_WLAN_BOOSTCLGA_LOADYOUTUBE4K_2.csv
14;20260314_HOME_WLAN_BOOSTCLGA_LOADYOUTUBE4K_2.csv
16;20260314_HOME_WLAN_BOOSTCLGA_LOADYOUTUBE4K_2.csv
13;20260314_HOME_WLAN_BOOSTCLGA_LOADYOUTUBE4K_2.csv
19;20260314_HOME_WLAN_BOOSTCLGA_LOADYOUTUBE4K_2.csv
13;20260314_HOME_WLAN_BOOSTCLGA_LOADYOUTUBE4K_2.csv
24;20260314_HOME_WLAN_BOOSTCLGA_LOADYOUTUBE4K_2.csv
14;20260314_HOME_WLAN_BOOSTCLGA_LOADYOUTUBE4K_2.csv
16;20260314_HOME_WLAN_BOOSTCLGA_LOADYOUTUBE4K_2.csv
114;20260314_HOME_WLAN_BOOSTCLGA_LOADYOUTUBE4K_2.csv
170;20260314_HOME_WLAN_BOOSTCLGA_LOADYOUTUBE4K_2.csv
170;20260314_HOME_WLAN_BOOSTCLGA_LOADYOUTUBE4K_2.csv
35;20260314_HOME_WLAN_BOOSTCLGA_LOADYOUTUBE4K_2.csv
18;20260314_HOME_WLAN_BOOSTCLGA_LOADYOUTUBE4K_2.csv
13;20260314_HOME_WLAN_BOOSTCLGA_LOADYOUTUBE4K_2.csv
18;20260314_HOME_WLAN_BOOSTCLGA_LOADYOUTUBE4K_2.csv
13;20260314_HOME_WLAN_BOOSTCLGA_LOADYOUTUBE4K_2.csv
13;20260314_HOME_WLAN_BOOSTCLGA_LOADYOUTUBE4K_2.csv
13;20260314_HOME_WLAN_BOOSTCLGA_LOADYOUTUBE4K_2.csv
13;20260314_HOME_WLAN_BOOSTCLGA_LOADYOUTUBE4K_2.csv
105;20260314_HOME_WLAN_BOOSTCLGA_LOADYOUTUBE4K_2.csv
151;20260314_HOME_WLAN_BOOSTCLGA_LOADYOUTUBE4K_2.csv
24;20260314_HOME_WLAN_BOOSTCLGA_LOADYOUTUBE4K_2.csv
24;20260314_HOME_WLAN_BOOSTCLGA_LOADYOUTUBE4K_2.csv
15;20260314_HOME_WLAN_BOOSTCLGA_LOADYOUTUBE4K_2.csv
14;20260314_HOME_WLAN_BOOSTCLGA_LOADYOUTUBE4K_2.csv
35;20260314_HOME_WLAN_BOOSTCLGA_LOADYOUTUBE4K_2.csv
36;20260314_HOME_WLAN_BOOSTCLGA_LOADYOUTUBE4K_2.csv
22;20260314_HOME_WLAN_BOOSTCLGA_LOADYOUTUBE4K_2.csv
19;20260314_HOME_WLAN_BOOSTCLGA_LOADYOUTUBE4K_2.csv
29;20260314_HOME_WLAN_BOOSTCLGA_LOADYOUTUBE4K_2.csv
23;20260314_HOME_WLAN_BOOSTCLGA_LOADYOUTUBE4K_2.csv
21;20260314_HOME_WLAN_BOOSTCLGA_LOADYOUTUBE4K_2.csv
15;20260314_HOME_WLAN_BOOSTCLGA_LOADYOUTUBE4K_2.csv
16;20260314_HOME_WLAN_BOOSTCLGA_LOADYOUTUBE4K_2.csv
13;20260314_HOME_WLAN_BOOSTCLGA_LOADYOUTUBE4K_2.csv
17;20260314_HOME_WLAN_BOOSTCLGA_LOADYOUTUBE4K_2.csv
13;20260314_HOME_WLAN_BOOSTCLGA_LOADYOUTUBE4K_2.csv
16;20260314_HOME_WLAN_BOOSTCLGA_LOADYOUTUBE4K_2.csv
14;20260314_HOME_WLAN_BOOSTCLGA_LOADYOUTUBE4K_2.csv
15;20260314_HOME_WLAN_BOOSTCLGA_LOADYOUTUBE4K_MAGENTATVMC.csv
13;20260314_HOME_WLAN_BOOSTCLGA_LOADYOUTUBE4K_MAGENTATVMC.csv
13;20260314_HOME_WLAN_BOOSTCLGA_LOADYOUTUBE4K_MAGENTATVMC.csv
17;20260314_HOME_WLAN_BOOSTCLGA_LOADYOUTUBE4K_MAGENTATVMC.csv
17;20260314_HOME_WLAN_BOOSTCLGA_LOADYOUTUBE4K_MAGENTATVMC.csv
14;20260314_HOME_WLAN_BOOSTCLGA_LOADYOUTUBE4K_MAGENTATVMC.csv
14;20260314_HOME_WLAN_BOOSTCLGA_LOADYOUTUBE4K_MAGENTATVMC.csv
16;20260314_HOME_WLAN_BOOSTCLGA_LOADYOUTUBE4K_MAGENTATVMC.csv
18;20260314_HOME_WLAN_BOOSTCLGA_LOADYOUTUBE4K_MAGENTATVMC.csv
14;20260314_HOME_WLAN_BOOSTCLGA_LOADYOUTUBE4K_MAGENTATVMC.csv
16;20260314_HOME_WLAN_BOOSTCLGA_LOADYOUTUBE4K_MAGENTATVMC.csv
23;20260314_HOME_WLAN_BOOSTCLGA_LOADYOUTUBE4K_MAGENTATVMC.csv
17;20260314_HOME_WLAN_BOOSTCLGA_LOADYOUTUBE4K_MAGENTATVMC.csv
17;20260314_HOME_WLAN_BOOSTCLGA_LOADYOUTUBE4K_MAGENTATVMC.csv
18;20260314_HOME_WLAN_BOOSTCLGA_LOADYOUTUBE4K_MAGENTATVMC.csv
16;20260314_HOME_WLAN_BOOSTCLGA_LOADYOUTUBE4K_MAGENTATVMC.csv
13;20260314_HOME_WLAN_BOOSTCLGA_LOADYOUTUBE4K_MAGENTATVMC.csv
22;20260314_HOME_WLAN_BOOSTCLGA_LOADYOUTUBE4K_MAGENTATVMC.csv
26;20260314_HOME_WLAN_BOOSTCLGA_LOADYOUTUBE4K_MAGENTATVMC.csv
26;20260314_HOME_WLAN_BOOSTCLGA_LOADYOUTUBE4K_MAGENTATVMC.csv
19;20260314_HOME_WLAN_BOOSTCLGA_LOADYOUTUBE4K_MAGENTATVMC.csv
16;20260314_HOME_WLAN_BOOSTCLGA_LOADYOUTUBE4K_MAGENTATVMC.csv
15;20260314_HOME_WLAN_BOOSTCLGA_LOADYOUTUBE4K_MAGENTATVMC.csv
15;20260314_HOME_WLAN_BOOSTCLGA_LOADYOUTUBE4K_MAGENTATVMC.csv
16;20260314_HOME_WLAN_BOOSTCLGA_LOADYOUTUBE4K_MAGENTATVMC.csv
53;20260314_HOME_WLAN_BOOSTCLGA_LOADYOUTUBE4K_MAGENTATVMC.csv
90;20260314_HOME_WLAN_BOOSTCLGA_LOADYOUTUBE4K_MAGENTATVMC.csv
51;20260314_HOME_WLAN_BOOSTCLGA_LOADYOUTUBE4K_MAGENTATVMC.csv
16;20260314_HOME_WLAN_BOOSTCLGA_LOADYOUTUBE4K_MAGENTATVMC.csv
21;20260314_HOME_WLAN_BOOSTCLGA_LOADYOUTUBE4K_MAGENTATVMC.csv
14;20260314_HOME_WLAN_BOOSTCLGA_LOADYOUTUBE4K_MAGENTATVMC.csv
19;20260314_HOME_WLAN_BOOSTCLGA_LOADYOUTUBE4K_MAGENTATVMC.csv
14;20260314_HOME_WLAN_BOOSTCLGA_LOADYOUTUBE4K_MAGENTATVMC.csv
20;20260314_HOME_WLAN_BOOSTCLGA_LOADYOUTUBE4K_MAGENTATVMC.csv
20;20260314_HOME_WLAN_BOOSTCLGA_LOADYOUTUBE4K_MAGENTATVMC.csv
18;20260314_HOME_WLAN_BOOSTCLGA_LOADYOUTUBE4K_MAGENTATVMC.csv
49;20260314_HOME_WLAN_BOOSTCLGA_LOADYOUTUBE4K_MAGENTATVMC.csv
16;20260314_HOME_WLAN_BOOSTCLGA_LOADYOUTUBE4K_MAGENTATVMC.csv
24;20260314_HOME_WLAN_BOOSTCLGA_LOADYOUTUBE4K_MAGENTATVMC.csv
25;20260314_HOME_WLAN_BOOSTCLGA_LOADYOUTUBE4K_MAGENTATVMC.csv
17;20260314_HOME_WLAN_BOOSTCLGA_LOADYOUTUBE4K_MAGENTATVMC.csv
14;20260314_HOME_WLAN_BOOSTCLGA_LOADYOUTUBE4K_MAGENTATVMC.csv
18;20260314_HOME_WLAN_BOOSTCLGA_LOADYOUTUBE4K_MAGENTATVMC.csv
14;20260314_HOME_WLAN_BOOSTCLGA_LOADYOUTUBE4K_MAGENTATVMC.csv
20;20260314_HOME_WLAN_BOOSTCLGA_LOADYOUTUBE4K_MAGENTATVMC.csv
13;20260314_HOME_WLAN_BOOSTCLGA_LOADYOUTUBE4K_MAGENTATVMC.csv
17;20260314_HOME_WLAN_BOOSTCLGA_LOADYOUTUBE4K_MAGENTATVMC.csv
14;20260314_HOME_WLAN_BOOSTCLGA_LOADYOUTUBE4K_MAGENTATVMC.csv
17;20260314_HOME_WLAN_BOOSTCLGA_LOADYOUTUBE4K_MAGENTATVMC.csv
13;20260314_HOME_WLAN_BOOSTCLGA_LOADYOUTUBE4K_MAGENTATVMC.csv
16;20260314_HOME_WLAN_BOOSTCLGA_LOADYOUTUBE4K_MAGENTATVMC.csv
18;20260314_HOME_WLAN_BOOSTCLGA_LOADYOUTUBE4K_MAGENTATVMC.csv
14;20260314_HOME_WLAN_BOOSTCLGA_LOADYOUTUBE4K_MAGENTATVMC.csv
13;20260314_HOME_WLAN_BOOSTCLGA_LOADYOUTUBE4K_MAGENTATVMC.csv
16;20260314_HOME_WLAN_BOOSTCLGA_LOADYOUTUBE4K_MAGENTATVMC.csv
53;20260314_HOME_WLAN_BOOSTCLGA_LOADYOUTUBE4K_MAGENTATVMC.csv
18;20260314_HOME_WLAN_BOOSTCLGA_LOADYOUTUBE4K_MAGENTATVMC.csv
21;20260314_HOME_WLAN_BOOSTCLGA_LOADYOUTUBE4K_MAGENTATVMC.csv
14;20260314_HOME_WLAN_BOOSTCLGA_LOADYOUTUBE4K_MAGENTATVMC.csv
14;20260314_HOME_WLAN_BOOSTCLGA_LOADYOUTUBE4K_MAGENTATVMC.csv
15;20260314_HOME_WLAN_BOOSTCLGA_LOADYOUTUBE4K_MAGENTATVMC.csv
13;20260314_HOME_WLAN_BOOSTCLGA_LOADYOUTUBE4K_MAGENTATVMC.csv
16;20260314_HOME_WLAN_BOOSTCLGA_LOADYOUTUBE4K_MAGENTATVMC.csv
15;20260314_HOME_WLAN_BOOSTCLGA_LOADYOUTUBE4K_MAGENTATVMC.csv
15;20260314_HOME_WLAN_BOOSTCLGA_LOADYOUTUBE4K_MAGENTATVMC.csv
14;20260314_HOME_WLAN_BOOSTCLGA_LOADYOUTUBE4K_MAGENTATVMC.csv
82;20260314_HOME_WLAN_BOOSTCLGA_LOADYOUTUBE4K_MAGENTATVMC.csv
189;20260314_HOME_WLAN_BOOSTCLGA_LOADYOUTUBE4K_MAGENTATVMC.csv
139;20260314_HOME_WLAN_BOOSTCLGA_LOADYOUTUBE4K_MAGENTATVMC.csv
42;20260314_HOME_WLAN_BOOSTCLGA_LOADYOUTUBE4K_MAGENTATVMC.csv
17;20260314_HOME_WLAN_BOOSTCLGA_LOADYOUTUBE4K_MAGENTATVMC.csv
15;20260314_HOME_WLAN_BOOSTCLGA_LOADYOUTUBE4K_MAGENTATVMC.csv
15;20260314_HOME_WLAN_BOOSTCLGA_LOADYOUTUBE4K_MAGENTATVMC.csv
15;20260314_HOME_WLAN_BOOSTCLGA_LOADYOUTUBE4K_MAGENTATVMC.csv
15;20260314_HOME_WLAN_BOOSTCLGA_LOADYOUTUBE4K_MAGENTATVMC.csv
16;20260314_HOME_WLAN_BOOSTCLGA_LOADYOUTUBE4K_MAGENTATVMC.csv
15;20260314_HOME_WLAN_BOOSTCLGA_LOADYOUTUBE4K_MAGENTATVMC.csv
15;20260314_HOME_WLAN_BOOSTCLGA_LOADYOUTUBE4K_MAGENTATVMC.csv
14;20260314_HOME_WLAN_BOOSTCLGA_LOADYOUTUBE4K_MAGENTATVMC.csv
41;20260314_HOME_WLAN_BOOSTCLGA_LOADYOUTUBE4K_MAGENTATVMC.csv
56;20260314_HOME_WLAN_BOOSTCLGA_LOADYOUTUBE4K_MAGENTATVMC.csv
19;20260314_HOME_WLAN_BOOSTCLGA_LOADYOUTUBE4K_MAGENTATVMC.csv
15;20260314_HOME_WLAN_BOOSTCLGA_LOADYOUTUBE4K_MAGENTATVMC.csv
15;20260314_HOME_WLAN_BOOSTCLGA_LOADYOUTUBE4K_MAGENTATVMC.csv
14;20260314_HOME_WLAN_BOOSTCLGA_LOADYOUTUBE4K_MAGENTATVMC.csv
15;20260314_HOME_WLAN_BOOSTCLGA_LOADYOUTUBE4K_MAGENTATVMC.csv
16;20260314_HOME_WLAN_BOOSTCLGA_LOADYOUTUBE4K_MAGENTATVMC.csv
14;20260314_HOME_WLAN_BOOSTCLGA_LOADYOUTUBE4K_MAGENTATVMC.csv
13;20260314_HOME_WLAN_BOOSTCLGA_LOADYOUTUBE4K_MAGENTATVMC.csv
14;20260314_HOME_WLAN_BOOSTCLGA_LOADYOUTUBE4K_MAGENTATVMC.csv
84;20260314_HOME_WLAN_BOOSTCLGA_LOADYOUTUBE4K_MAGENTATVMC.csv
215;20260314_HOME_WLAN_BOOSTCLGA_LOADYOUTUBE4K_MAGENTATVMC.csv
102;20260314_HOME_WLAN_BOOSTCLGA_LOADYOUTUBE4K_MAGENTATVMC.csv
23;20260314_HOME_WLAN_BOOSTCLGA_LOADYOUTUBE4K_MAGENTATVMC.csv
15;20260314_HOME_WLAN_BOOSTCLGA_LOADYOUTUBE4K_MAGENTATVMC.csv
19;20260314_HOME_WLAN_BOOSTCLGA_LOADYOUTUBE4K_MAGENTATVMC.csv
23;20260314_HOME_WLAN_BOOSTCLGA_LOADYOUTUBE4K_MAGENTATVMC.csv
15;20260314_HOME_WLAN_BOOSTCLGA_LOADYOUTUBE4K_MAGENTATVMC.csv
20;20260314_HOME_WLAN_BOOSTCLGA_LOADYOUTUBE4K_MAGENTATVMC.csv
14;20260314_HOME_WLAN_BOOSTCLGA_LOADYOUTUBE4K_MAGENTATVMC.csv
23;20260314_HOME_WLAN_BOOSTCLGA_LOADYOUTUBE4K_MAGENTATVMC.csv
14;20260314_HOME_WLAN_BOOSTCLGA_LOADYOUTUBE4K_MAGENTATVMC.csv
14;20260314_HOME_WLAN_BOOSTCLGA_LOADYOUTUBE4K_MAGENTATVMC.csv
14;20260314_HOME_WLAN_BOOSTCLGA_LOADYOUTUBE4K_MAGENTATVMC.csv
16;20260314_HOME_WLAN_BOOSTCLGA_LOADYOUTUBE4K_MAGENTATVMC.csv
14;20260314_HOME_WLAN_BOOSTCLGA_LOADYOUTUBE4K_MAGENTATVMC.csv
20;20260314_HOME_WLAN_BOOSTCLGA_LOADYOUTUBE4K_MAGENTATVMC.csv
14;20260314_HOME_WLAN_BOOSTCLGA_LOADYOUTUBE4K_MAGENTATVMC.csv
61;20260314_HOME_WLAN_BOOSTCLGA_LOADYOUTUBE4K_MAGENTATVMC.csv
27;20260314_HOME_WLAN_BOOSTCLGA_LOADYOUTUBE4K_MAGENTATVMC.csv
16;20260314_HOME_WLAN_BOOSTCLGA_LOADYOUTUBE4K_MAGENTATVMC.csv
15;20260314_HOME_WLAN_BOOSTCLGA_LOADYOUTUBE4K_MAGENTATVMC.csv
15;20260314_HOME_WLAN_BOOSTCLGA_LOADYOUTUBE4K_MAGENTATVMC.csv
14;20260314_HOME_WLAN_BOOSTCLGA_LOADYOUTUBE4K_MAGENTATVMC.csv
13;20260314_HOME_WLAN_BOOSTCLGA_LOADYOUTUBE4K_MAGENTATVMC.csv
13;20260314_HOME_WLAN_BOOSTCLGA_LOADYOUTUBE4K_MAGENTATVMC.csv
13;20260314_HOME_WLAN_BOOSTCLGA_LOADYOUTUBE4K_MAGENTATVMC.csv
42;20260314_HOME_WLAN_BOOSTCLGA_LOADYOUTUBE4K_MAGENTATVMC.csv
30;20260314_HOME_WLAN_BOOSTCLGA_LOADYOUTUBE4K_MAGENTATVMC.csv
14;20260314_HOME_WLAN_BOOSTCLGA_LOADYOUTUBE4K_MAGENTATVMC.csv
17;20260314_HOME_WLAN_BOOSTCLGA_LOADYOUTUBE4K_MAGENTATVMC.csv
24;20260314_HOME_WLAN_BOOSTCLGA_LOADYOUTUBE4K_MAGENTATVMC.csv
14;20260314_HOME_WLAN_BOOSTCLGA_LOADYOUTUBE4K_MAGENTATVMC.csv
15;20260314_HOME_WLAN_BOOSTCLGA_LOADYOUTUBE4K_MAGENTATVMC.csv
18;20260314_HOME_WLAN_BOOSTCLGA_LOADYOUTUBE4K_MAGENTATVMC.csv
14;20260314_HOME_WLAN_BOOSTCLGA_LOADYOUTUBE4K_MAGENTATVMC.csv
19;20260314_HOME_WLAN_BOOSTCLGA_LOADYOUTUBE4K_MAGENTATVMC.csv
17;20260314_HOME_WLAN_BOOSTCLGA_LOADYOUTUBE4K_MAGENTATVMC.csv
13;20260314_HOME_WLAN_BOOSTCLGA_LOADYOUTUBE4K_MAGENTATVMC.csv
14;20260314_HOME_WLAN_BOOSTCLGA_LOADYOUTUBE4K_MAGENTATVMC.csv
17;20260314_HOME_WLAN_BOOSTCLGA_LOADYOUTUBE4K_MAGENTATVMC.csv
14;20260314_HOME_WLAN_BOOSTCLGA_LOADYOUTUBE4K_MAGENTATVMC.csv
16;20260314_HOME_WLAN_BOOSTCLGA_LOADYOUTUBE4K_MAGENTATVMC.csv
20;20260314_HOME_WLAN_BOOSTCLGA_LOADYOUTUBE4K_MAGENTATVMC.csv
54;20260314_HOME_WLAN_BOOSTCLGA_LOADYOUTUBE4K_MAGENTATVMC.csv
41;20260314_HOME_WLAN_BOOSTCLGA_LOADYOUTUBE4K_MAGENTATVMC.csv
26;20260314_HOME_WLAN_BOOSTCLGA_LOADYOUTUBE4K_MAGENTATVMC.csv
19;20260314_HOME_WLAN_BOOSTCLGA_LOADYOUTUBE4K_MAGENTATVMC.csv
15;20260314_HOME_WLAN_BOOSTCLGA_LOADYOUTUBE4K_MAGENTATVMC.csv
13;20260314_HOME_WLAN_BOOSTCLGA_LOADYOUTUBE4K_MAGENTATVMC.csv
14;20260314_HOME_WLAN_BOOSTCLGA_LOADYOUTUBE4K_MAGENTATVMC.csv
14;20260314_HOME_WLAN_BOOSTCLGA_LOADYOUTUBE4K_MAGENTATVMC.csv
13;20260314_HOME_WLAN_BOOSTCLGA_LOADYOUTUBE4K_MAGENTATVMC.csv
13;20260314_HOME_WLAN_BOOSTCLGA_LOADYOUTUBE4K_MAGENTATVMC.csv
38;20260314_HOME_WLAN_BOOSTCLGA_LOADYOUTUBE4K_MAGENTATVMC.csv
15;20260314_HOME_WLAN_BOOSTCLGA_LOADYOUTUBE4K_MAGENTATVMC.csv
16;20260314_HOME_WLAN_BOOSTCLGA_LOADYOUTUBE4K_MAGENTATVMC.csv
13;20260314_HOME_WLAN_BOOSTCLGA_LOADYOUTUBE4K_MAGENTATVMC.csv
14;20260314_HOME_WLAN_BOOSTCLGA_LOADYOUTUBE4K_MAGENTATVMC.csv
13;20260314_HOME_WLAN_BOOSTCLGA_LOADYOUTUBE4K_MAGENTATVMC.csv
13;20260314_HOME_WLAN_BOOSTCLGA_LOADYOUTUBE4K_MAGENTATVMC.csv
13;20260314_HOME_WLAN_BOOSTCLGA_LOADYOUTUBE4K_MAGENTATVMC.csv
14;20260314_HOME_WLAN_BOOSTCLGA_LOADYOUTUBE4K_MAGENTATVMC.csv
14;20260314_HOME_WLAN_BOOSTCLGA_LOADYOUTUBE4K_MAGENTATVMC.csv
13;20260314_HOME_WLAN_BOOSTCLGA_LOADYOUTUBE4K_MAGENTATVMC.csv
14;20260314_HOME_WLAN_BOOSTCLGA_LOADYOUTUBE4K_MAGENTATVMC.csv
22;20260314_HOME_WLAN_BOOSTCLGA_LOADYOUTUBE4K_MAGENTATVMC.csv
22;20260314_HOME_WLAN_BOOSTCLGA_LOADYOUTUBE4K_MAGENTATVMC.csv
24;20260314_HOME_WLAN_BOOSTCLGA_LOADYOUTUBE4K_MAGENTATVMC.csv
34;20260314_HOME_WLAN_BOOSTCLGA_LOADYOUTUBE4K_MAGENTATVMC.csv
14;20260314_HOME_WLAN_BOOSTCLGA_LOADYOUTUBE4K_MAGENTATVMC.csv
15;20260314_HOME_WLAN_BOOSTCLGA_LOADYOUTUBE4K_MAGENTATVMC.csv
14;20260314_HOME_WLAN_BOOSTCLGA_LOADYOUTUBE4K_MAGENTATVMC.csv
14;20260314_HOME_WLAN_BOOSTCLGA_LOADYOUTUBE4K_MAGENTATVMC.csv
15;20260314_HOME_WLAN_BOOSTCLGA_LOADYOUTUBE4K_MAGENTATVMC.csv
15;20260314_HOME_WLAN_BOOSTCLGA_LOADYOUTUBE4K_MAGENTATVMC.csv
13;20260314_HOME_WLAN_BOOSTCLGA_LOADYOUTUBE4K_MAGENTATVMC.csv
14;20260314_HOME_WLAN_BOOSTCLGA_LOADYOUTUBE4K_MAGENTATVMC.csv
37;20260314_HOME_WLAN_BOOSTCLGA_LOADYOUTUBE4K_MAGENTATVMC.csv
37;20260314_HOME_WLAN_BOOSTCLGA_LOADYOUTUBE4K_MAGENTATVMC.csv
17;20260314_HOME_WLAN_BOOSTCLGA_LOADYOUTUBE4K_MAGENTATVMC.csv
18;20260314_HOME_WLAN_BOOSTCLGA_LOADYOUTUBE4K_MAGENTATVMC.csv
14;20260314_HOME_WLAN_BOOSTCLGA_LOADYOUTUBE4K_MAGENTATVMC.csv
17;20260314_HOME_WLAN_BOOSTCLGA_LOADYOUTUBE4K_MAGENTATVMC.csv
16;20260314_HOME_WLAN_BOOSTCLGA_LOADYOUTUBE4K_MAGENTATVMC.csv
15;20260314_HOME_WLAN_BOOSTCLGA_LOADYOUTUBE4K_MAGENTATVMC.csv
14;20260314_HOME_WLAN_BOOSTCLGA_LOADYOUTUBE4K_MAGENTATVMC.csv
16;20260314_HOME_WLAN_BOOSTCLGA_LOADYOUTUBE4K_MAGENTATVMC.csv
19;20260314_HOME_WLAN_BOOSTCLGA_LOADYOUTUBE4K_MAGENTATVMC.csv
25;20260314_HOME_WLAN_BOOSTCLGA_LOADYOUTUBE4K_MAGENTATVMC.csv
111;20260314_HOME_WLAN_BOOSTCLGA_LOADYOUTUBE4K_MAGENTATVMC.csv
50;20260314_HOME_WLAN_BOOSTCLGA_LOADYOUTUBE4K_MAGENTATVMC.csv
16;20260314_HOME_WLAN_BOOSTCLGA_LOADYOUTUBE4K_MAGENTATVMC.csv
14;20260314_HOME_WLAN_BOOSTCLGA_LOADYOUTUBE4K_MAGENTATVMC.csv
14;20260314_HOME_WLAN_BOOSTCLGA_LOADYOUTUBE4K_MAGENTATVMC.csv
13;20260314_HOME_WLAN_BOOSTCLGA_LOADYOUTUBE4K_MAGENTATVMC.csv
14;20260314_HOME_WLAN_BOOSTCLGA_LOADYOUTUBE4K_MAGENTATVMC.csv
14;20260314_HOME_WLAN_BOOSTCLGA_LOADYOUTUBE4K_MAGENTATVMC.csv
13;20260314_HOME_WLAN_BOOSTCLGA_LOADYOUTUBE4K_MAGENTATVMC.csv
15;20260314_HOME_WLAN_BOOSTCLGA_LOADYOUTUBE4K_MAGENTATVMC.csv
14;20260314_HOME_WLAN_BOOSTCLGA_LOADYOUTUBE4K_MAGENTATVMC.csv
14;20260314_HOME_WLAN_BOOSTCLGA_LOADYOUTUBE4K_MAGENTATVMC.csv
14;20260314_HOME_WLAN_BOOSTCLGA_LOADYOUTUBE4K_MAGENTATVMC.csv
64;20260314_HOME_WLAN_BOOSTCLGA_LOADYOUTUBE4K_MAGENTATVMC.csv
149;20260314_HOME_WLAN_BOOSTCLGA_LOADYOUTUBE4K_MAGENTATVMC.csv
53;20260314_HOME_WLAN_BOOSTCLGA_LOADYOUTUBE4K_MAGENTATVMC.csv
17;20260314_HOME_WLAN_BOOSTCLGA_LOADYOUTUBE4K_MAGENTATVMC.csv
16;20260314_HOME_WLAN_BOOSTCLGA_LOADYOUTUBE4K_MAGENTATVMC.csv
14;20260314_HOME_WLAN_BOOSTCLGA_LOADYOUTUBE4K_MAGENTATVMC.csv
15;20260314_HOME_WLAN_BOOSTCLGA_LOADYOUTUBE4K_MAGENTATVMC.csv
